2026-08-19 16:31:53,433 - INFO - Thiet bi: cuda | pool 100 client | 30 round/task | Flower simulation (Ray)
2026-08-19 16:31:53,433 - INFO - Client co du lieu tung task: task0=0, task1=60, task2=70, task3=80, task4=100
2026-08-19 16:31:53,768 - INFO - Chay tiep tu checkpoint round 30
2026-08-19 16:31:53,768 - INFO - Tiep tuc: task0=30/30
2026-08-19 16:31:53,775 - INFO - [task 0] da xong 30/30 round — bo qua
2026-08-19 16:31:53,775 - INFO - Nap global test: /kaggle/input/datasets/tongxuanvu/100clientiov/global_test_data.pt
2026-08-19 16:32:13,573 - INFO - Global test goc: n=42048683
2026-08-19 16:32:15,428 - INFO - Task 1: loc ve lop 0-5 -> n=41971741
2026-08-19 16:32:15,428 - INFO - Danh gia moi round tren n=41971741 mau (dtype=float16)
2026-08-19 16:32:21,168 - INFO - ===== Task 1: 60 client, 30 round =====
2026-08-19 16:32:23,730 - INFO - setup plugin alembic.autogenerate.schemas
2026-08-19 16:32:23,730 - INFO - setup plugin alembic.autogenerate.tables
2026-08-19 16:32:23,731 - INFO - setup plugin alembic.autogenerate.types
2026-08-19 16:32:23,731 - INFO - setup plugin alembic.autogenerate.constraints
2026-08-19 16:32:23,731 - INFO - setup plugin alembic.autogenerate.defaults
2026-08-19 16:32:23,731 - INFO - setup plugin alembic.autogenerate.comments
2026-08-19 16:32:43,134 - WARNING - DEPRECATED FEATURE: flwr.simulation.start_simulation() is deprecated.
	Instead, use the `flwr run` CLI command to start a local simulation in your Flower app, as shown for example below:

		$ flwr new  # Create a new Flower app from a template

		$ flwr run  # Run the Flower app in Simulation Mode

	Using `start_simulation()` is deprecated.

            This is a deprecated feature. It will be removed
            entirely in future versions of Flower.
        
2026-08-19 16:32:43,135 - INFO - Starting Flower simulation, config: num_rounds=30, no round_timeout
2026-08-19 16:32:54,677 - INFO - Flower VCE: Ray initialized with resources: {'accelerator_type:T4': 1.0, 'CPU': 4.0, 'object_store_memory': 8406829056.0, 'node:172.19.2.2': 1.0, 'GPU': 2.0, 'memory': 19615934464.0, 'node:__internal_head__': 1.0}
2026-08-19 16:32:54,677 - INFO - Optimize your simulation with Flower VCE: https://flower.ai/docs/framework/how-to-run-simulations.html
2026-08-19 16:32:54,678 - INFO - Flower VCE: Resources for each Virtual Client: {'num_cpus': 1.0, 'num_gpus': 0.5}
2026-08-19 16:32:54,725 - INFO - Flower VCE: Creating VirtualClientEngineActorPool with 4 actors
2026-08-19 16:32:54,725 - INFO - [INIT]
2026-08-19 16:32:54,726 - INFO - Using initial global parameters provided by strategy
2026-08-19 16:32:54,726 - INFO - Starting evaluation of initial global parameters
2026-08-19 16:32:54,730 - INFO - Evaluation returned no results (`None`)
2026-08-19 16:32:54,731 - INFO - 
2026-08-19 16:32:54,731 - INFO - [ROUND 1]
2026-08-19 16:32:54,734 - INFO - configure_fit: strategy sampled 60 clients (out of 60)
2026-08-19 16:33:17,294 - INFO - aggregate_fit: received 60 results and 0 failures
2026-08-19 16:33:17,405 - WARNING - No fit_metrics_aggregation_fn provided
2026-08-19 16:33:17,406 - INFO - Eq.9 p(y) tu client: 0.000 0.000 0.000 0.051 0.593 0.357 0.000 0.000 0.000 0.000 0.000 0.000 0.000
2026-08-19 16:33:35,149 - INFO - [Round 1] data-free KD 30 vong: gen_loss=43.7168 stu_loss=43.6502 (CE 43.6289)
2026-08-19 16:33:35,193 - INFO - [Round 31] luu checkpoint -> out_1percent/checkpoints/round_031.pth
2026-08-19 16:42:19,461 - INFO - [Round 31] loss=0.1476 acc=0.9935 | micro P/R/F1=0.9935/0.9935/0.9935 | macro P/R/F1=0.1656/0.1667/0.1661 | weighted P/R/F1=0.9871/0.9935/0.9903
2026-08-19 16:42:19,462 - INFO - fit progress: (1, 0.14758272850606083, {'accuracy': 0.993539724740034, 'micro_precision': 0.993539724740034, 'micro_recall': 0.993539724740034, 'micro_f1': 0.993539724740034, 'macro_precision': 0.16558995412333902, 'macro_recall': 0.16666666666666666, 'macro_f1': 0.1661265657948528, 'weighted_precision': 0.9871211846365026, 'weighted_recall': 0.993539724740034, 'weighted_f1': 0.9903200547109512}, 564.731347271)
2026-08-19 16:42:19,462 - INFO - configure_evaluate: no clients selected, skipping evaluation
2026-08-19 16:42:19,462 - INFO - 
2026-08-19 16:42:19,462 - INFO - [ROUND 2]
2026-08-19 16:42:19,463 - INFO - configure_fit: strategy sampled 60 clients (out of 60)
2026-08-19 16:42:22,353 - INFO - aggregate_fit: received 60 results and 0 failures
2026-08-19 16:42:22,469 - INFO - [Round 2] 60/60 client tiep tuc model cuc bo (Algorithm 1 dong 10)
2026-08-19 16:42:39,071 - INFO - [Round 2] data-free KD 30 vong: gen_loss=40.8748 stu_loss=25.7636 (CE 25.6722)
2026-08-19 16:42:39,112 - INFO - [Round 32] luu checkpoint -> out_1percent/checkpoints/round_032.pth
2026-08-19 16:51:19,056 - INFO - [Round 32] loss=0.1671 acc=0.9935 | micro P/R/F1=0.9935/0.9935/0.9935 | macro P/R/F1=0.1656/0.1667/0.1661 | weighted P/R/F1=0.9871/0.9935/0.9903
2026-08-19 16:51:19,057 - INFO - fit progress: (2, 0.1671070057977279, {'accuracy': 0.993539724740034, 'micro_precision': 0.993539724740034, 'micro_recall': 0.993539724740034, 'micro_f1': 0.993539724740034, 'macro_precision': 0.16558995412333902, 'macro_recall': 0.16666666666666666, 'macro_f1': 0.1661265657948528, 'weighted_precision': 0.9871211846365026, 'weighted_recall': 0.993539724740034, 'weighted_f1': 0.9903200547109512}, 1104.326437542)
2026-08-19 16:51:19,057 - INFO - configure_evaluate: no clients selected, skipping evaluation
2026-08-19 16:51:19,057 - INFO - 
2026-08-19 16:51:19,058 - INFO - [ROUND 3]
2026-08-19 16:51:19,058 - INFO - configure_fit: strategy sampled 60 clients (out of 60)
2026-08-19 16:51:22,203 - INFO - aggregate_fit: received 60 results and 0 failures
2026-08-19 16:51:22,315 - INFO - [Round 3] 60/60 client tiep tuc model cuc bo (Algorithm 1 dong 10)
2026-08-19 16:51:38,844 - INFO - [Round 3] data-free KD 30 vong: gen_loss=40.0327 stu_loss=14.1877 (CE 13.8591)
2026-08-19 16:51:38,885 - INFO - [Round 33] luu checkpoint -> out_1percent/checkpoints/round_033.pth
2026-08-19 17:00:22,705 - INFO - [Round 33] loss=0.3527 acc=0.9935 | micro P/R/F1=0.9935/0.9935/0.9935 | macro P/R/F1=0.1656/0.1667/0.1661 | weighted P/R/F1=0.9871/0.9935/0.9903
2026-08-19 17:00:22,706 - INFO - fit progress: (3, 0.35271548909905087, {'accuracy': 0.993539724740034, 'micro_precision': 0.993539724740034, 'micro_recall': 0.993539724740034, 'micro_f1': 0.993539724740034, 'macro_precision': 0.16558995412333902, 'macro_recall': 0.16666666666666666, 'macro_f1': 0.1661265657948528, 'weighted_precision': 0.9871211846365026, 'weighted_recall': 0.993539724740034, 'weighted_f1': 0.9903200547109512}, 1647.975812233)
2026-08-19 17:00:22,707 - INFO - configure_evaluate: no clients selected, skipping evaluation
2026-08-19 17:00:22,707 - INFO - 
2026-08-19 17:00:22,707 - INFO - [ROUND 4]
2026-08-19 17:00:22,707 - INFO - configure_fit: strategy sampled 60 clients (out of 60)
2026-08-19 17:00:25,426 - INFO - aggregate_fit: received 60 results and 0 failures
2026-08-19 17:00:25,533 - INFO - [Round 4] 60/60 client tiep tuc model cuc bo (Algorithm 1 dong 10)
2026-08-19 17:00:41,935 - INFO - [Round 4] data-free KD 30 vong: gen_loss=39.5637 stu_loss=8.1876 (CE 7.3514)
2026-08-19 17:00:41,975 - INFO - [Round 34] luu checkpoint -> out_1percent/checkpoints/round_034.pth
2026-08-19 17:09:18,215 - INFO - [Round 34] loss=0.5720 acc=0.9935 | micro P/R/F1=0.9935/0.9935/0.9935 | macro P/R/F1=0.1656/0.1667/0.1661 | weighted P/R/F1=0.9871/0.9935/0.9903
2026-08-19 17:09:18,216 - INFO - fit progress: (4, 0.5720026212556114, {'accuracy': 0.993539724740034, 'micro_precision': 0.993539724740034, 'micro_recall': 0.993539724740034, 'micro_f1': 0.993539724740034, 'macro_precision': 0.16558995412333902, 'macro_recall': 0.16666666666666666, 'macro_f1': 0.1661265657948528, 'weighted_precision': 0.9871211846365026, 'weighted_recall': 0.993539724740034, 'weighted_f1': 0.9903200547109512}, 2183.4851882430003)
2026-08-19 17:09:18,216 - INFO - configure_evaluate: no clients selected, skipping evaluation
2026-08-19 17:09:18,216 - INFO - 
2026-08-19 17:09:18,216 - INFO - [ROUND 5]
2026-08-19 17:09:18,216 - INFO - configure_fit: strategy sampled 60 clients (out of 60)
2026-08-19 17:09:20,945 - INFO - aggregate_fit: received 60 results and 0 failures
2026-08-19 17:09:21,049 - INFO - [Round 5] 60/60 client tiep tuc model cuc bo (Algorithm 1 dong 10)
2026-08-19 17:09:37,581 - INFO - [Round 5] data-free KD 30 vong: gen_loss=39.4602 stu_loss=5.1440 (CE 3.6345)
2026-08-19 17:09:37,622 - INFO - [Round 35] luu checkpoint -> out_1percent/checkpoints/round_035.pth
2026-08-19 17:18:22,203 - INFO - [Round 35] loss=0.8566 acc=0.6773 | micro P/R/F1=0.6773/0.6773/0.6773 | macro P/R/F1=0.1666/0.2002/0.1364 | weighted P/R/F1=0.9877/0.6773/0.8023
2026-08-19 17:18:25,454 - INFO - Luu out_1percent/confusion_matrix_task1.csv
2026-08-19 17:18:25,454 - INFO - Luu out_1percent/confusion_matrix_task1_normalized.csv
2026-08-19 17:18:35,900 - INFO - Luu out_1percent/classification_report_task1.txt
               precision    recall  f1-score   support

       Benign     0.9941    0.6798    0.8075  41700592
          DoS     0.0056    0.5215    0.0111    145129
       double     0.0000    0.0000    0.0000     12413
force-neutral     0.0000    0.0000    0.0000      5744
      fuzzing     0.0000    0.0000    0.0000     67321
     interval     0.0000    0.0000    0.0000     40542

     accuracy                         0.6773  41971741
    macro avg     0.1666    0.2002    0.1364  41971741
 weighted avg     0.9877    0.6773    0.8023  41971741

2026-08-19 17:18:36,263 - INFO - Luu out_1percent/confusion_matrix_task1.png
2026-08-19 17:18:36,264 - INFO - fit progress: (5, 0.8566061758104011, {'accuracy': 0.6772530355602833, 'micro_precision': 0.6772530355602833, 'micro_recall': 0.6772530355602833, 'micro_f1': 0.6772530355602833, 'macro_precision': 0.16662787615921246, 'macro_recall': 0.20023189819434262, 'macro_f1': 0.13643615983301555, 'weighted_precision': 0.9877386644036226, 'weighted_recall': 0.6772530355602833, 'weighted_f1': 0.802307700164744}, 2741.533444779)
2026-08-19 17:18:36,264 - INFO - configure_evaluate: no clients selected, skipping evaluation
2026-08-19 17:18:36,264 - INFO - 
2026-08-19 17:18:36,265 - INFO - [ROUND 6]
2026-08-19 17:18:36,265 - INFO - configure_fit: strategy sampled 60 clients (out of 60)
2026-08-19 17:18:39,074 - INFO - aggregate_fit: received 60 results and 0 failures
2026-08-19 17:18:39,179 - INFO - [Round 6] 60/60 client tiep tuc model cuc bo (Algorithm 1 dong 10)
2026-08-19 17:18:55,988 - INFO - [Round 6] data-free KD 30 vong: gen_loss=39.3411 stu_loss=3.4880 (CE 1.7595)
2026-08-19 17:18:56,031 - INFO - [Round 36] luu checkpoint -> out_1percent/checkpoints/round_036.pth
2026-08-19 17:27:36,638 - INFO - [Round 36] loss=1.6620 acc=0.0116 | micro P/R/F1=0.0116/0.0116/0.0116 | macro P/R/F1=0.1669/0.1683/0.0039 | weighted P/R/F1=0.9935/0.0116/0.0198
2026-08-19 17:27:36,639 - INFO - fit progress: (6, 1.6620205624507425, {'accuracy': 0.011592109081202994, 'micro_precision': 0.011592109081202994, 'micro_recall': 0.011592109081202994, 'micro_f1': 0.011592109081202994, 'macro_precision': 0.166935084179052, 'macro_recall': 0.16833229563131746, 'macro_f1': 0.003856851638464482, 'weighted_precision': 0.9935328435222378, 'weighted_recall': 0.011592109081202994, 'weighted_f1': 0.019782846577070985}, 3281.9086624670003)
2026-08-19 17:27:36,640 - INFO - configure_evaluate: no clients selected, skipping evaluation
2026-08-19 17:27:36,640 - INFO - 
2026-08-19 17:27:36,640 - INFO - [ROUND 7]
2026-08-19 17:27:36,640 - INFO - configure_fit: strategy sampled 60 clients (out of 60)
2026-08-19 17:27:39,276 - INFO - aggregate_fit: received 60 results and 0 failures
2026-08-19 17:27:39,379 - INFO - [Round 7] 60/60 client tiep tuc model cuc bo (Algorithm 1 dong 10)
2026-08-19 17:27:56,182 - INFO - [Round 7] data-free KD 30 vong: gen_loss=37.8900 stu_loss=2.5231 (CE 0.8396)
2026-08-19 17:27:56,227 - INFO - [Round 37] luu checkpoint -> out_1percent/checkpoints/round_037.pth
2026-08-19 17:36:39,323 - INFO - [Round 37] loss=1.4436 acc=0.0117 | micro P/R/F1=0.0117/0.0117/0.0117 | macro P/R/F1=0.1669/0.1684/0.0039 | weighted P/R/F1=0.9935/0.0117/0.0201
2026-08-19 17:36:39,325 - INFO - fit progress: (7, 1.4436126937166402, {'accuracy': 0.011735276837813328, 'micro_precision': 0.011735276837813328, 'micro_recall': 0.011735276837813328, 'micro_f1': 0.011735276837813328, 'macro_precision': 0.16693633350755796, 'macro_recall': 0.16836372718968204, 'macro_f1': 0.0039040049577320165, 'weighted_precision': 0.9935399872506192, 'weighted_recall': 0.011735276837813328, 'weighted_f1': 0.02006333285184287}, 3824.594338033)
2026-08-19 17:36:39,325 - INFO - configure_evaluate: no clients selected, skipping evaluation
2026-08-19 17:36:39,325 - INFO - 
2026-08-19 17:36:39,325 - INFO - [ROUND 8]
2026-08-19 17:36:39,326 - INFO - configure_fit: strategy sampled 60 clients (out of 60)
2026-08-19 17:36:42,112 - INFO - aggregate_fit: received 60 results and 0 failures
2026-08-19 17:36:42,221 - INFO - [Round 8] 60/60 client tiep tuc model cuc bo (Algorithm 1 dong 10)
2026-08-19 17:36:59,107 - INFO - [Round 8] data-free KD 30 vong: gen_loss=36.8638 stu_loss=2.1427 (CE 0.5870)
2026-08-19 17:36:59,148 - INFO - [Round 38] luu checkpoint -> out_1percent/checkpoints/round_038.pth
2026-08-19 17:45:46,543 - INFO - [Round 38] loss=1.4227 acc=0.0591 | micro P/R/F1=0.0591/0.0591/0.0591 | macro P/R/F1=0.1669/0.1735/0.0188 | weighted P/R/F1=0.9931/0.0591/0.1088
2026-08-19 17:45:46,544 - INFO - fit progress: (8, 1.4226829120649387, {'accuracy': 0.05914274559161127, 'micro_precision': 0.05914274559161127, 'micro_recall': 0.05914274559161127, 'micro_f1': 0.05914274559161127, 'macro_precision': 0.16686626855155587, 'macro_recall': 0.17347883162435507, 'macro_f1': 0.01881196635013554, 'weighted_precision': 0.9930701552699079, 'weighted_recall': 0.05914274559161127, 'weighted_f1': 0.10882936654870623}, 4371.813836400001)
2026-08-19 17:45:46,545 - INFO - configure_evaluate: no clients selected, skipping evaluation
2026-08-19 17:45:46,545 - INFO - 
2026-08-19 17:45:46,545 - INFO - [ROUND 9]
2026-08-19 17:45:46,545 - INFO - configure_fit: strategy sampled 60 clients (out of 60)
2026-08-19 17:45:49,210 - INFO - aggregate_fit: received 60 results and 0 failures
2026-08-19 17:45:49,317 - INFO - [Round 9] 60/60 client tiep tuc model cuc bo (Algorithm 1 dong 10)
2026-08-19 17:46:05,810 - INFO - [Round 9] data-free KD 30 vong: gen_loss=35.9886 stu_loss=1.9498 (CE 0.4944)
2026-08-19 17:46:05,852 - INFO - [Round 39] luu checkpoint -> out_1percent/checkpoints/round_039.pth
2026-08-19 17:54:44,956 - INFO - [Round 39] loss=1.4018 acc=0.0668 | micro P/R/F1=0.0668/0.0668/0.0668 | macro P/R/F1=0.1668/0.1725/0.0211 | weighted P/R/F1=0.9928/0.0668/0.1225
2026-08-19 17:54:44,958 - INFO - fit progress: (9, 1.4018419132415993, {'accuracy': 0.06681581304907032, 'micro_precision': 0.06681581304907032, 'micro_recall': 0.06681581304907032, 'micro_f1': 0.06681581304907032, 'macro_precision': 0.16681931973735076, 'macro_recall': 0.17253898608012272, 'macro_f1': 0.02109817711605495, 'weighted_precision': 0.9927993648203021, 'weighted_recall': 0.06681581304907032, 'weighted_f1': 0.12247619443621813}, 4910.226992744)
2026-08-19 17:54:44,958 - INFO - configure_evaluate: no clients selected, skipping evaluation
2026-08-19 17:54:44,958 - INFO - 
2026-08-19 17:54:44,958 - INFO - [ROUND 10]
2026-08-19 17:54:44,958 - INFO - configure_fit: strategy sampled 60 clients (out of 60)
2026-08-19 17:54:47,890 - INFO - aggregate_fit: received 60 results and 0 failures
2026-08-19 17:54:47,998 - INFO - [Round 10] 60/60 client tiep tuc model cuc bo (Algorithm 1 dong 10)
2026-08-19 17:55:04,247 - INFO - [Round 10] data-free KD 30 vong: gen_loss=34.9576 stu_loss=1.8215 (CE 0.4473)
2026-08-19 17:55:04,287 - INFO - [Round 40] luu checkpoint -> out_1percent/checkpoints/round_040.pth
2026-08-19 18:03:21,841 - INFO - [Round 40] loss=1.5705 acc=0.0470 | micro P/R/F1=0.0470/0.0470/0.0470 | macro P/R/F1=0.1669/0.1737/0.0151 | weighted P/R/F1=0.9934/0.0470/0.0869
2026-08-19 18:03:24,907 - INFO - Luu out_1percent/confusion_matrix_task1.csv
2026-08-19 18:03:24,907 - INFO - Luu out_1percent/confusion_matrix_task1_normalized.csv
2026-08-19 18:03:33,157 - INFO - Luu out_1percent/classification_report_task1.txt
               precision    recall  f1-score   support

       Benign     0.9999    0.0457    0.0875  41700592
          DoS     0.0000    0.0000    0.0000    145129
       double     0.0000    0.0000    0.0000     12413
force-neutral     0.0000    0.0000    0.0000      5744
      fuzzing     0.0017    0.9963    0.0033     67321
     interval     0.0000    0.0000    0.0000     40542

     accuracy                         0.0470  41971741
    macro avg     0.1669    0.1737    0.0151  41971741
 weighted avg     0.9934    0.0470    0.0869  41971741

2026-08-19 18:03:33,381 - INFO - Luu out_1percent/confusion_matrix_task1.png
2026-08-19 18:03:33,382 - INFO - fit progress: (10, 1.5704561987721668, {'accuracy': 0.04704055521547224, 'micro_precision': 0.04704055521547224, 'micro_recall': 0.04704055521547224, 'micro_f1': 0.04704055521547224, 'macro_precision': 0.1669236554488567, 'macro_recall': 0.17366580329759507, 'macro_f1': 0.015136194490538449, 'weighted_precision': 0.9934111571295323, 'weighted_recall': 0.04704055521547224, 'weighted_f1': 0.08691495619987993}, 5438.651697741)
2026-08-19 18:03:33,383 - INFO - configure_evaluate: no clients selected, skipping evaluation
2026-08-19 18:03:33,383 - INFO - 
2026-08-19 18:03:33,383 - INFO - [ROUND 11]
2026-08-19 18:03:33,383 - INFO - configure_fit: strategy sampled 60 clients (out of 60)
2026-08-19 18:03:35,894 - INFO - aggregate_fit: received 60 results and 0 failures
2026-08-19 18:03:35,996 - INFO - [Round 11] 60/60 client tiep tuc model cuc bo (Algorithm 1 dong 10)
2026-08-19 18:03:51,651 - INFO - [Round 11] data-free KD 30 vong: gen_loss=33.5318 stu_loss=1.7385 (CE 0.4164)
2026-08-19 18:03:51,691 - INFO - [Round 41] luu checkpoint -> out_1percent/checkpoints/round_041.pth
2026-08-19 18:11:56,526 - INFO - [Round 41] loss=1.5415 acc=0.0641 | micro P/R/F1=0.0641/0.0641/0.0641 | macro P/R/F1=0.1668/0.1725/0.0203 | weighted P/R/F1=0.9928/0.0641/0.1177
2026-08-19 18:11:56,528 - INFO - fit progress: (11, 1.5414632752037531, {'accuracy': 0.06413427072277035, 'micro_precision': 0.06413427072277035, 'micro_recall': 0.06413427072277035, 'micro_f1': 0.06413427072277035, 'macro_precision': 0.16682521116964608, 'macro_recall': 0.17252911969140736, 'macro_f1': 0.02030276590275031, 'weighted_precision': 0.9928347333647046, 'weighted_recall': 0.06413427072277035, 'weighted_f1': 0.11773503818592275}, 5941.797115358)
2026-08-19 18:11:56,528 - INFO - configure_evaluate: no clients selected, skipping evaluation
2026-08-19 18:11:56,528 - INFO - 
2026-08-19 18:11:56,528 - INFO - [ROUND 12]
2026-08-19 18:11:56,528 - INFO - configure_fit: strategy sampled 60 clients (out of 60)
2026-08-19 18:11:58,825 - INFO - aggregate_fit: received 60 results and 0 failures
2026-08-19 18:11:58,925 - INFO - [Round 12] 60/60 client tiep tuc model cuc bo (Algorithm 1 dong 10)
2026-08-19 18:12:14,444 - INFO - [Round 12] data-free KD 30 vong: gen_loss=32.4254 stu_loss=1.6784 (CE 0.3975)
2026-08-19 18:12:14,484 - INFO - [Round 42] luu checkpoint -> out_1percent/checkpoints/round_042.pth
2026-08-19 18:20:12,878 - INFO - [Round 42] loss=1.7556 acc=0.0016 | micro P/R/F1=0.0016/0.0016/0.0016 | macro P/R/F1=0.0003/0.1667/0.0005 | weighted P/R/F1=0.0000/0.0016/0.0000
2026-08-19 18:20:12,879 - INFO - fit progress: (12, 1.7556057989387936, {'accuracy': 0.001603960150235369, 'micro_precision': 0.001603960150235369, 'micro_recall': 0.001603960150235369, 'micro_f1': 0.001603960150235369, 'macro_precision': 0.00026732669170589484, 'macro_recall': 0.16666666666666666, 'macro_f1': 0.0005337971939843313, 'weighted_precision': 2.5726881635430674e-06, 'weighted_recall': 0.001603960150235369, 'weighted_f1': 5.137136564749959e-06}, 6438.14859006)
2026-08-19 18:20:12,879 - INFO - configure_evaluate: no clients selected, skipping evaluation
2026-08-19 18:20:12,880 - INFO - 
2026-08-19 18:20:12,880 - INFO - [ROUND 13]
2026-08-19 18:20:12,880 - INFO - configure_fit: strategy sampled 60 clients (out of 60)
2026-08-19 18:20:15,838 - INFO - aggregate_fit: received 60 results and 0 failures
2026-08-19 18:20:15,940 - INFO - [Round 13] 60/60 client tiep tuc model cuc bo (Algorithm 1 dong 10)
2026-08-19 18:20:31,596 - INFO - [Round 13] data-free KD 30 vong: gen_loss=31.5788 stu_loss=1.6129 (CE 0.3704)
2026-08-19 18:20:31,636 - INFO - [Round 43] luu checkpoint -> out_1percent/checkpoints/round_043.pth
2026-08-19 18:28:25,383 - INFO - [Round 43] loss=1.6906 acc=0.0016 | micro P/R/F1=0.0016/0.0016/0.0016 | macro P/R/F1=0.1669/0.1667/0.0005 | weighted P/R/F1=0.9935/0.0016/0.0000
2026-08-19 18:28:25,385 - INFO - fit progress: (13, 1.690560011159713, {'accuracy': 0.0016056994157092506, 'micro_precision': 0.0016056994157092506, 'micro_recall': 0.0016056994157092506, 'micro_f1': 0.0016056994157092506, 'macro_precision': 0.16693399382332544, 'macro_recall': 0.16666695842911136, 'macro_f1': 0.0005343816447820793, 'weighted_precision': 0.9935422974326722, 'weighted_recall': 0.0016056994157092506, 'weighted_f1': 8.61567034364719e-06}, 6930.65402465)
2026-08-19 18:28:25,385 - INFO - configure_evaluate: no clients selected, skipping evaluation
2026-08-19 18:28:25,385 - INFO - 
2026-08-19 18:28:25,385 - INFO - [ROUND 14]
2026-08-19 18:28:25,385 - INFO - configure_fit: strategy sampled 60 clients (out of 60)
2026-08-19 18:28:27,705 - INFO - aggregate_fit: received 60 results and 0 failures
2026-08-19 18:28:27,801 - INFO - [Round 14] 60/60 client tiep tuc model cuc bo (Algorithm 1 dong 10)
2026-08-19 18:28:42,898 - INFO - [Round 14] data-free KD 30 vong: gen_loss=30.3454 stu_loss=1.5823 (CE 0.3624)
2026-08-19 18:28:42,937 - INFO - [Round 44] luu checkpoint -> out_1percent/checkpoints/round_044.pth
2026-08-19 18:36:31,925 - INFO - [Round 44] loss=1.7001 acc=0.0016 | micro P/R/F1=0.0016/0.0016/0.0016 | macro P/R/F1=0.1669/0.1667/0.0005 | weighted P/R/F1=0.9935/0.0016/0.0000
2026-08-19 18:36:31,926 - INFO - fit progress: (14, 1.700069034499735, {'accuracy': 0.0016222820015972174, 'micro_precision': 0.0016222820015972174, 'micro_recall': 0.0016222820015972174, 'micro_f1': 0.0016222820015972174, 'macro_precision': 0.16693399825638222, 'macro_recall': 0.16666974016420041, 'macro_f1': 0.0005399538403668282, 'weighted_precision': 0.9935422974753348, 'weighted_recall': 0.0016222820015972174, 'weighted_f1': 4.1780257527773964e-05}, 7417.195906801)
2026-08-19 18:36:31,927 - INFO - configure_evaluate: no clients selected, skipping evaluation
2026-08-19 18:36:31,927 - INFO - 
2026-08-19 18:36:31,927 - INFO - [ROUND 15]
2026-08-19 18:36:31,927 - INFO - configure_fit: strategy sampled 60 clients (out of 60)
2026-08-19 18:36:34,828 - INFO - aggregate_fit: received 60 results and 0 failures
2026-08-19 18:36:34,930 - INFO - [Round 15] 60/60 client tiep tuc model cuc bo (Algorithm 1 dong 10)
2026-08-19 18:36:50,020 - INFO - [Round 15] data-free KD 30 vong: gen_loss=30.0345 stu_loss=1.5611 (CE 0.3550)
2026-08-19 18:36:50,062 - INFO - [Round 45] luu checkpoint -> out_1percent/checkpoints/round_045.pth
2026-08-19 18:44:39,273 - INFO - [Round 45] loss=1.6021 acc=0.0018 | micro P/R/F1=0.0018/0.0018/0.0018 | macro P/R/F1=0.1669/0.1667/0.0006 | weighted P/R/F1=0.9935/0.0018/0.0004
2026-08-19 18:44:42,124 - INFO - Luu out_1percent/confusion_matrix_task1.csv
2026-08-19 18:44:42,125 - INFO - Luu out_1percent/confusion_matrix_task1_normalized.csv
2026-08-19 18:44:49,892 - INFO - Luu out_1percent/classification_report_task1.txt
               precision    recall  f1-score   support

       Benign     1.0000    0.0002    0.0004  41700592
          DoS     0.0000    0.0000    0.0000    145129
       double     0.0000    0.0000    0.0000     12413
force-neutral     0.0000    0.0000    0.0000      5744
      fuzzing     0.0016    1.0000    0.0032     67321
     interval     0.0000    0.0000    0.0000     40542

     accuracy                         0.0018  41971741
    macro avg     0.1669    0.1667    0.0006  41971741
 weighted avg     0.9935    0.0018    0.0004  41971741

2026-08-19 18:44:50,117 - INFO - Luu out_1percent/confusion_matrix_task1.png
2026-08-19 18:44:50,118 - INFO - fit progress: (15, 1.6020698244338107, {'accuracy': 0.0018036659475240734, 'micro_precision': 0.0018036659475240734, 'micro_recall': 0.0018036659475240734, 'micro_f1': 0.0018036659475240734, 'macro_precision': 0.16693404675572643, 'macro_recall': 0.16670016739010962, 'macro_f1': 0.0006008916289023659, 'weighted_precision': 0.9935422979420809, 'weighted_recall': 0.0018036659475240734, 'weighted_f1': 0.00040446948828934794}, 7915.387763226)
2026-08-19 18:44:50,119 - INFO - configure_evaluate: no clients selected, skipping evaluation
2026-08-19 18:44:50,119 - INFO - 
2026-08-19 18:44:50,119 - INFO - [ROUND 16]
2026-08-19 18:44:50,119 - INFO - configure_fit: strategy sampled 60 clients (out of 60)
2026-08-19 18:44:52,620 - INFO - aggregate_fit: received 60 results and 0 failures
2026-08-19 18:44:52,721 - INFO - [Round 16] 60/60 client tiep tuc model cuc bo (Algorithm 1 dong 10)
2026-08-19 18:45:07,958 - INFO - [Round 16] data-free KD 30 vong: gen_loss=29.9415 stu_loss=1.5454 (CE 0.3496)
2026-08-19 18:45:07,999 - INFO - [Round 46] luu checkpoint -> out_1percent/checkpoints/round_046.pth
2026-08-19 18:52:56,977 - INFO - [Round 46] loss=1.5179 acc=0.0084 | micro P/R/F1=0.0084/0.0084/0.0084 | macro P/R/F1=0.1669/0.1678/0.0028 | weighted P/R/F1=0.9935/0.0084/0.0136
2026-08-19 18:52:56,978 - INFO - fit progress: (16, 1.5179158037617093, {'accuracy': 0.008432268749585584, 'micro_precision': 0.008432268749585584, 'micro_recall': 0.008432268749585584, 'micro_f1': 0.008432268749585584, 'macro_precision': 0.1669352457775766, 'macro_recall': 0.1678096463267533, 'macro_f1': 0.002812726633982963, 'weighted_precision': 0.9935388484110942, 'weighted_recall': 0.008432268749585584, 'weighted_f1': 0.013568618911047804}, 8402.247414972999)
2026-08-19 18:52:56,978 - INFO - configure_evaluate: no clients selected, skipping evaluation
2026-08-19 18:52:56,978 - INFO - 
2026-08-19 18:52:56,978 - INFO - [ROUND 17]
2026-08-19 18:52:56,979 - INFO - configure_fit: strategy sampled 60 clients (out of 60)
2026-08-19 18:52:59,299 - INFO - aggregate_fit: received 60 results and 0 failures
2026-08-19 18:52:59,398 - INFO - [Round 17] 60/60 client tiep tuc model cuc bo (Algorithm 1 dong 10)
2026-08-19 18:53:14,679 - INFO - [Round 17] data-free KD 30 vong: gen_loss=29.2494 stu_loss=1.5355 (CE 0.3471)
2026-08-19 18:53:14,719 - INFO - [Round 47] luu checkpoint -> out_1percent/checkpoints/round_047.pth
2026-08-19 19:01:02,874 - INFO - [Round 47] loss=1.5603 acc=0.0123 | micro P/R/F1=0.0123/0.0123/0.0123 | macro P/R/F1=0.1669/0.1685/0.0041 | weighted P/R/F1=0.9935/0.0123/0.0212
2026-08-19 19:01:02,875 - INFO - fit progress: (17, 1.5602861575485671, {'accuracy': 0.012290698162842471, 'micro_precision': 0.012290698162842471, 'micro_recall': 0.012290698162842471, 'micro_f1': 0.012290698162842471, 'macro_precision': 0.16693650549464834, 'macro_recall': 0.1684568993281815, 'macro_f1': 0.004086807452940396, 'weighted_precision': 0.993540110142475, 'weighted_recall': 0.012290698162842471, 'weighted_f1': 0.02115126320423274}, 8888.14466387)
2026-08-19 19:01:02,875 - INFO - configure_evaluate: no clients selected, skipping evaluation
2026-08-19 19:01:02,876 - INFO - 
2026-08-19 19:01:02,876 - INFO - [ROUND 18]
2026-08-19 19:01:02,876 - INFO - configure_fit: strategy sampled 60 clients (out of 60)
2026-08-19 19:01:05,649 - INFO - aggregate_fit: received 60 results and 0 failures
2026-08-19 19:01:05,744 - INFO - [Round 18] 60/60 client tiep tuc model cuc bo (Algorithm 1 dong 10)
2026-08-19 19:01:20,943 - INFO - [Round 18] data-free KD 30 vong: gen_loss=28.8801 stu_loss=1.5277 (CE 0.3443)
2026-08-19 19:01:20,983 - INFO - [Round 48] luu checkpoint -> out_1percent/checkpoints/round_048.pth
2026-08-19 19:09:09,858 - INFO - [Round 48] loss=1.5915 acc=0.0134 | micro P/R/F1=0.0134/0.0134/0.0134 | macro P/R/F1=0.1669/0.1686/0.0044 | weighted P/R/F1=0.9935/0.0134/0.0233
2026-08-19 19:09:09,859 - INFO - fit progress: (18, 1.5915166043053373, {'accuracy': 0.013391200522275213, 'micro_precision': 0.013391200522275213, 'micro_recall': 0.013391200522275213, 'micro_f1': 0.013391200522275213, 'macro_precision': 0.16693615933376774, 'macro_recall': 0.16863656560899776, 'macro_f1': 0.004448414027327295, 'weighted_precision': 0.9935363033453103, 'weighted_recall': 0.013391200522275213, 'weighted_f1': 0.023303411121870288}, 9375.128407413)
2026-08-19 19:09:09,859 - INFO - configure_evaluate: no clients selected, skipping evaluation
2026-08-19 19:09:09,859 - INFO - 
2026-08-19 19:09:09,859 - INFO - [ROUND 19]
2026-08-19 19:09:09,860 - INFO - configure_fit: strategy sampled 60 clients (out of 60)
2026-08-19 19:09:12,353 - INFO - aggregate_fit: received 60 results and 0 failures
2026-08-19 19:09:12,453 - INFO - [Round 19] 60/60 client tiep tuc model cuc bo (Algorithm 1 dong 10)
2026-08-19 19:09:27,573 - INFO - [Round 19] data-free KD 30 vong: gen_loss=28.6075 stu_loss=1.5220 (CE 0.3428)
2026-08-19 19:09:27,610 - INFO - [Round 49] luu checkpoint -> out_1percent/checkpoints/round_049.pth
2026-08-19 19:17:16,079 - INFO - [Round 49] loss=1.5658 acc=0.0105 | micro P/R/F1=0.0105/0.0105/0.0105 | macro P/R/F1=0.1669/0.1682/0.0035 | weighted P/R/F1=0.9935/0.0105/0.0177
2026-08-19 19:17:16,080 - INFO - fit progress: (19, 1.5658411044077796, {'accuracy': 0.010549216912398273, 'micro_precision': 0.010549216912398273, 'micro_recall': 0.010549216912398273, 'micro_f1': 0.010549216912398273, 'macro_precision': 0.16693595834263975, 'macro_recall': 0.16816476518613702, 'macro_f1': 0.0035129682885238454, 'weighted_precision': 0.9935396743470875, 'weighted_recall': 0.010549216912398273, 'weighted_f1': 0.017736104721841773}, 9861.349464972)
2026-08-19 19:17:16,080 - INFO - configure_evaluate: no clients selected, skipping evaluation
2026-08-19 19:17:16,080 - INFO - 
2026-08-19 19:17:16,080 - INFO - [ROUND 20]
2026-08-19 19:17:16,081 - INFO - configure_fit: strategy sampled 60 clients (out of 60)
2026-08-19 19:17:18,670 - INFO - aggregate_fit: received 60 results and 0 failures
2026-08-19 19:17:18,766 - INFO - [Round 20] 60/60 client tiep tuc model cuc bo (Algorithm 1 dong 10)
2026-08-19 19:17:33,820 - INFO - [Round 20] data-free KD 30 vong: gen_loss=28.1544 stu_loss=1.5177 (CE 0.3416)
2026-08-19 19:17:33,859 - INFO - [Round 50] luu checkpoint -> out_1percent/checkpoints/round_050.pth
2026-08-19 19:25:24,152 - INFO - [Round 50] loss=1.5567 acc=0.0209 | micro P/R/F1=0.0209/0.0209/0.0209 | macro P/R/F1=0.1669/0.1699/0.0069 | weighted P/R/F1=0.9935/0.0209/0.0379
2026-08-19 19:25:27,020 - INFO - Luu out_1percent/confusion_matrix_task1.csv
2026-08-19 19:25:27,020 - INFO - Luu out_1percent/confusion_matrix_task1_normalized.csv
2026-08-19 19:25:34,904 - INFO - Luu out_1percent/classification_report_task1.txt
               precision    recall  f1-score   support

       Benign     1.0000    0.0195    0.0382  41700592
          DoS     0.0000    0.0000    0.0000    145129
       double     0.0000    0.0000    0.0000     12413
force-neutral     0.0000    0.0000    0.0000      5744
      fuzzing     0.0016    0.9998    0.0033     67321
     interval     0.0000    0.0000    0.0000     40542

     accuracy                         0.0209  41971741
    macro avg     0.1669    0.1699    0.0069  41971741
 weighted avg     0.9935    0.0209    0.0379  41971741

2026-08-19 19:25:35,129 - INFO - Luu out_1percent/confusion_matrix_task1.png
2026-08-19 19:25:35,130 - INFO - fit progress: (20, 1.5566667431062502, {'accuracy': 0.02092820023834608, 'micro_precision': 0.02092820023834608, 'micro_recall': 0.02092820023834608, 'micro_f1': 0.02092820023834608, 'macro_precision': 0.1669369563205572, 'macro_recall': 0.1698811265436859, 'macro_f1': 0.0069038964641132995, 'weighted_precision': 0.9935288733796962, 'weighted_recall': 0.02092820023834608, 'weighted_f1': 0.03791684501792855}, 10360.399550954)
2026-08-19 19:25:35,130 - INFO - configure_evaluate: no clients selected, skipping evaluation
2026-08-19 19:25:35,130 - INFO - 
2026-08-19 19:25:35,130 - INFO - [ROUND 21]
2026-08-19 19:25:35,131 - INFO - configure_fit: strategy sampled 60 clients (out of 60)
2026-08-19 19:25:37,533 - INFO - aggregate_fit: received 60 results and 0 failures
2026-08-19 19:25:37,628 - INFO - [Round 21] 60/60 client tiep tuc model cuc bo (Algorithm 1 dong 10)
2026-08-19 19:25:52,624 - INFO - [Round 21] data-free KD 30 vong: gen_loss=28.3392 stu_loss=1.5140 (CE 0.3408)
2026-08-19 19:25:52,664 - INFO - [Round 51] luu checkpoint -> out_1percent/checkpoints/round_051.pth
2026-08-19 19:33:40,413 - INFO - [Round 51] loss=1.4858 acc=0.0234 | micro P/R/F1=0.0234/0.0234/0.0234 | macro P/R/F1=0.1669/0.1703/0.0077 | weighted P/R/F1=0.9935/0.0234/0.0426
2026-08-19 19:33:40,415 - INFO - fit progress: (21, 1.4857512992820545, {'accuracy': 0.023386497119573857, 'micro_precision': 0.023386497119573857, 'micro_recall': 0.023386497119573857, 'micro_f1': 0.023386497119573857, 'macro_precision': 0.166937523664473, 'macro_recall': 0.17028856337190026, 'macro_f1': 0.007696928401388422, 'weighted_precision': 0.9935282271819357, 'weighted_recall': 0.023386497119573857, 'weighted_f1': 0.04263626735382}, 10845.684045172)
2026-08-19 19:33:40,415 - INFO - configure_evaluate: no clients selected, skipping evaluation
2026-08-19 19:33:40,415 - INFO - 
2026-08-19 19:33:40,415 - INFO - [ROUND 22]
2026-08-19 19:33:40,415 - INFO - configure_fit: strategy sampled 60 clients (out of 60)
2026-08-19 19:33:42,851 - INFO - aggregate_fit: received 60 results and 0 failures
2026-08-19 19:33:42,949 - INFO - [Round 22] 60/60 client tiep tuc model cuc bo (Algorithm 1 dong 10)
2026-08-19 19:33:58,142 - INFO - [Round 22] data-free KD 30 vong: gen_loss=27.6888 stu_loss=1.5119 (CE 0.3406)
2026-08-19 19:33:58,181 - INFO - [Round 52] luu checkpoint -> out_1percent/checkpoints/round_052.pth
2026-08-19 19:41:46,245 - INFO - [Round 52] loss=1.3919 acc=0.0694 | micro P/R/F1=0.0694/0.0694/0.0694 | macro P/R/F1=0.1668/0.1739/0.0219 | weighted P/R/F1=0.9930/0.0694/0.1269
2026-08-19 19:41:46,246 - INFO - fit progress: (22, 1.3919428911156062, {'accuracy': 0.0693651711993553, 'micro_precision': 0.0693651711993553, 'micro_recall': 0.0693651711993553, 'micro_f1': 0.0693651711993553, 'macro_precision': 0.16684726779741113, 'macro_recall': 0.1738539837047117, 'macro_f1': 0.021851671835001585, 'weighted_precision': 0.992952384698267, 'weighted_recall': 0.0693651711993553, 'weighted_f1': 0.1269408477170358}, 11331.515304169)
2026-08-19 19:41:46,246 - INFO - configure_evaluate: no clients selected, skipping evaluation
2026-08-19 19:41:46,246 - INFO - 
2026-08-19 19:41:46,246 - INFO - [ROUND 23]
2026-08-19 19:41:46,246 - INFO - configure_fit: strategy sampled 60 clients (out of 60)
2026-08-19 19:41:48,833 - INFO - aggregate_fit: received 60 results and 0 failures
2026-08-19 19:41:48,934 - INFO - [Round 23] 60/60 client tiep tuc model cuc bo (Algorithm 1 dong 10)
2026-08-19 19:42:03,983 - INFO - [Round 23] data-free KD 30 vong: gen_loss=27.7024 stu_loss=1.5086 (CE 0.3401)
2026-08-19 19:42:04,025 - INFO - [Round 53] luu checkpoint -> out_1percent/checkpoints/round_053.pth
2026-08-19 19:49:52,674 - INFO - [Round 53] loss=1.5605 acc=0.0493 | micro P/R/F1=0.0493/0.0493/0.0493 | macro P/R/F1=0.1669/0.1740/0.0158 | weighted P/R/F1=0.9934/0.0493/0.0911
2026-08-19 19:49:52,675 - INFO - fit progress: (23, 1.5604696441776207, {'accuracy': 0.04933090576347548, 'micro_precision': 0.04933090576347548, 'micro_recall': 0.04933090576347548, 'micro_f1': 0.04933090576347548, 'macro_precision': 0.16692311270420102, 'macro_recall': 0.17398574616256723, 'macro_f1': 0.01583861415532189, 'weighted_precision': 0.9934045709280368, 'weighted_recall': 0.04933090576347548, 'weighted_f1': 0.09109557035298557}, 11817.944602115998)
2026-08-19 19:49:52,675 - INFO - configure_evaluate: no clients selected, skipping evaluation
2026-08-19 19:49:52,676 - INFO - 
2026-08-19 19:49:52,676 - INFO - [ROUND 24]
2026-08-19 19:49:52,676 - INFO - configure_fit: strategy sampled 60 clients (out of 60)
2026-08-19 19:49:55,599 - INFO - aggregate_fit: received 60 results and 0 failures
2026-08-19 19:49:55,710 - INFO - [Round 24] 60/60 client tiep tuc model cuc bo (Algorithm 1 dong 10)
2026-08-19 19:50:10,736 - INFO - [Round 24] data-free KD 30 vong: gen_loss=27.3613 stu_loss=1.5058 (CE 0.3390)
2026-08-19 19:50:10,775 - INFO - [Round 54] luu checkpoint -> out_1percent/checkpoints/round_054.pth
2026-08-19 19:58:00,249 - INFO - [Round 54] loss=1.5212 acc=0.0338 | micro P/R/F1=0.0338/0.0338/0.0338 | macro P/R/F1=0.1669/0.1720/0.0110 | weighted P/R/F1=0.9935/0.0338/0.0624
2026-08-19 19:58:00,250 - INFO - fit progress: (24, 1.5212117964801706, {'accuracy': 0.03382687889930513, 'micro_precision': 0.03382687889930513, 'micro_recall': 0.03382687889930513, 'micro_f1': 0.03382687889930513, 'macro_precision': 0.16693741968520628, 'macro_recall': 0.1719657902584427, 'macro_f1': 0.01102270882343418, 'weighted_precision': 0.9935107946984508, 'weighted_recall': 0.03382687889930513, 'weighted_f1': 0.062428524852764795}, 12305.519480912999)
2026-08-19 19:58:00,250 - INFO - configure_evaluate: no clients selected, skipping evaluation
2026-08-19 19:58:00,250 - INFO - 
2026-08-19 19:58:00,250 - INFO - [ROUND 25]
2026-08-19 19:58:00,251 - INFO - configure_fit: strategy sampled 60 clients (out of 60)
2026-08-19 19:58:02,638 - INFO - aggregate_fit: received 60 results and 0 failures
2026-08-19 19:58:02,742 - INFO - [Round 25] 60/60 client tiep tuc model cuc bo (Algorithm 1 dong 10)
2026-08-19 19:58:17,848 - INFO - [Round 25] data-free KD 30 vong: gen_loss=27.3107 stu_loss=1.5053 (CE 0.3397)
2026-08-19 19:58:17,888 - INFO - [Round 55] luu checkpoint -> out_1percent/checkpoints/round_055.pth
2026-08-19 20:06:07,401 - INFO - [Round 55] loss=1.4666 acc=0.0525 | micro P/R/F1=0.0525/0.0525/0.0525 | macro P/R/F1=0.1669/0.1742/0.0168 | weighted P/R/F1=0.9934/0.0525/0.0968
2026-08-19 20:06:10,392 - INFO - Luu out_1percent/confusion_matrix_task1.csv
2026-08-19 20:06:10,392 - INFO - Luu out_1percent/confusion_matrix_task1_normalized.csv
2026-08-19 20:06:18,490 - INFO - Luu out_1percent/classification_report_task1.txt
               precision    recall  f1-score   support

       Benign     0.9998    0.0512    0.0974  41700592
          DoS     0.0000    0.0000    0.0000    145129
       double     0.0000    0.0000    0.0000     12413
force-neutral     0.0000    0.0000    0.0000      5744
      fuzzing     0.0017    0.9943    0.0034     67321
     interval     0.0000    0.0000    0.0000     40542

     accuracy                         0.0525  41971741
    macro avg     0.1669    0.1742    0.0168  41971741
 weighted avg     0.9934    0.0525    0.0968  41971741

2026-08-19 20:06:18,701 - INFO - Luu out_1percent/confusion_matrix_task1.png
2026-08-19 20:06:18,702 - INFO - fit progress: (25, 1.4666113048605767, {'accuracy': 0.05247888096898339, 'micro_precision': 0.05247888096898339, 'micro_recall': 0.05247888096898339, 'micro_f1': 0.05247888096898339, 'macro_precision': 0.16691667777717448, 'macro_recall': 0.17424934784582666, 'macro_f1': 0.016798938632914383, 'weighted_precision': 0.9933633474793725, 'weighted_recall': 0.05247888096898339, 'weighted_f1': 0.09681459504614104}, 12803.971938846998)
2026-08-19 20:06:18,703 - INFO - configure_evaluate: no clients selected, skipping evaluation
2026-08-19 20:06:18,703 - INFO - 
2026-08-19 20:06:18,703 - INFO - [ROUND 26]
2026-08-19 20:06:18,703 - INFO - configure_fit: strategy sampled 60 clients (out of 60)
2026-08-19 20:06:21,697 - INFO - aggregate_fit: received 60 results and 0 failures
2026-08-19 20:06:21,792 - INFO - [Round 26] 60/60 client tiep tuc model cuc bo (Algorithm 1 dong 10)
2026-08-19 20:06:36,765 - INFO - [Round 26] data-free KD 30 vong: gen_loss=26.6783 stu_loss=1.5009 (CE 0.3388)
2026-08-19 20:06:36,803 - INFO - [Round 56] luu checkpoint -> out_1percent/checkpoints/round_056.pth
2026-08-19 20:14:24,661 - INFO - [Round 56] loss=1.3818 acc=0.0554 | micro P/R/F1=0.0554/0.0554/0.0554 | macro P/R/F1=0.1669/0.1743/0.0177 | weighted P/R/F1=0.9933/0.0554/0.1022
2026-08-19 20:14:24,662 - INFO - fit progress: (26, 1.3818359530932915, {'accuracy': 0.05543463160129574, 'micro_precision': 0.05543463160129574, 'micro_recall': 0.05543463160129574, 'micro_f1': 0.05543463160129574, 'macro_precision': 0.16690463656901344, 'macro_recall': 0.17428296744391628, 'macro_f1': 0.017695236813034507, 'weighted_precision': 0.9932910153494706, 'weighted_recall': 0.05543463160129574, 'weighted_f1': 0.10215655835270099}, 13289.931842549)
2026-08-19 20:14:24,663 - INFO - configure_evaluate: no clients selected, skipping evaluation
2026-08-19 20:14:24,663 - INFO - 
2026-08-19 20:14:24,663 - INFO - [ROUND 27]
2026-08-19 20:14:24,663 - INFO - configure_fit: strategy sampled 60 clients (out of 60)
2026-08-19 20:14:27,082 - INFO - aggregate_fit: received 60 results and 0 failures
2026-08-19 20:14:27,181 - INFO - [Round 27] 60/60 client tiep tuc model cuc bo (Algorithm 1 dong 10)
2026-08-19 20:14:42,095 - INFO - [Round 27] data-free KD 30 vong: gen_loss=26.2688 stu_loss=1.4997 (CE 0.3390)
2026-08-19 20:14:42,134 - INFO - [Round 57] luu checkpoint -> out_1percent/checkpoints/round_057.pth
2026-08-19 20:22:30,058 - INFO - [Round 57] loss=1.3373 acc=0.0716 | micro P/R/F1=0.0716/0.0716/0.0716 | macro P/R/F1=0.1668/0.1731/0.0225 | weighted P/R/F1=0.9928/0.0716/0.1308
2026-08-19 20:22:30,059 - INFO - fit progress: (27, 1.337330801698912, {'accuracy': 0.07158573669841334, 'micro_precision': 0.07158573669841334, 'micro_recall': 0.07158573669841334, 'micro_f1': 0.07158573669841334, 'macro_precision': 0.16682399391825722, 'macro_recall': 0.17312657602088707, 'macro_f1': 0.022503576558867894, 'weighted_precision': 0.9928209417250207, 'weighted_recall': 0.07158573669841334, 'weighted_f1': 0.1308415921158533}, 13775.328193346999)
2026-08-19 20:22:30,059 - INFO - configure_evaluate: no clients selected, skipping evaluation
2026-08-19 20:22:30,059 - INFO - 
2026-08-19 20:22:30,059 - INFO - [ROUND 28]
2026-08-19 20:22:30,059 - INFO - configure_fit: strategy sampled 60 clients (out of 60)
2026-08-19 20:22:32,748 - INFO - aggregate_fit: received 60 results and 0 failures
2026-08-19 20:22:32,846 - INFO - [Round 28] 60/60 client tiep tuc model cuc bo (Algorithm 1 dong 10)
2026-08-19 20:22:47,851 - INFO - [Round 28] data-free KD 30 vong: gen_loss=26.0317 stu_loss=1.4952 (CE 0.3378)
2026-08-19 20:22:47,890 - INFO - [Round 58] luu checkpoint -> out_1percent/checkpoints/round_058.pth
2026-08-19 20:30:37,037 - INFO - [Round 58] loss=1.4057 acc=0.0651 | micro P/R/F1=0.0651/0.0651/0.0651 | macro P/R/F1=0.1669/0.1743/0.0206 | weighted P/R/F1=0.9931/0.0651/0.1195
2026-08-19 20:30:37,039 - INFO - fit progress: (28, 1.4056857122772843, {'accuracy': 0.06513477723023212, 'micro_precision': 0.06513477723023212, 'micro_recall': 0.06513477723023212, 'micro_f1': 0.06513477723023212, 'macro_precision': 0.16687005537807062, 'macro_recall': 0.17428131746208217, 'macro_f1': 0.020601308178868735, 'weighted_precision': 0.9930841733860973, 'weighted_recall': 0.06513477723023212, 'weighted_f1': 0.1194790128650238}, 14262.308070059)
2026-08-19 20:30:37,039 - INFO - configure_evaluate: no clients selected, skipping evaluation
2026-08-19 20:30:37,039 - INFO - 
2026-08-19 20:30:37,039 - INFO - [ROUND 29]
2026-08-19 20:30:37,039 - INFO - configure_fit: strategy sampled 60 clients (out of 60)
2026-08-19 20:30:39,735 - INFO - aggregate_fit: received 60 results and 0 failures
2026-08-19 20:30:39,839 - INFO - [Round 29] 60/60 client tiep tuc model cuc bo (Algorithm 1 dong 10)
2026-08-19 20:30:55,032 - INFO - [Round 29] data-free KD 30 vong: gen_loss=25.6762 stu_loss=1.4938 (CE 0.3366)
2026-08-19 20:30:55,072 - INFO - [Round 59] luu checkpoint -> out_1percent/checkpoints/round_059.pth
2026-08-19 20:38:43,891 - INFO - [Round 59] loss=1.3092 acc=0.0708 | micro P/R/F1=0.0708/0.0708/0.0708 | macro P/R/F1=0.1668/0.1741/0.0223 | weighted P/R/F1=0.9930/0.0708/0.1294
2026-08-19 20:38:43,893 - INFO - fit progress: (29, 1.3092399524825797, {'accuracy': 0.070791630969037, 'micro_precision': 0.070791630969037, 'micro_recall': 0.070791630969037, 'micro_f1': 0.070791630969037, 'macro_precision': 0.16684881188979384, 'macro_recall': 0.17405619730982227, 'macro_f1': 0.022271303843539588, 'weighted_precision': 0.992959418805407, 'weighted_recall': 0.070791630969037, 'weighted_f1': 0.12943804916632248}, 14749.162312178)
2026-08-19 20:38:43,893 - INFO - configure_evaluate: no clients selected, skipping evaluation
2026-08-19 20:38:43,893 - INFO - 
2026-08-19 20:38:43,893 - INFO - [ROUND 30]
2026-08-19 20:38:43,893 - INFO - configure_fit: strategy sampled 60 clients (out of 60)
2026-08-19 20:38:46,282 - INFO - aggregate_fit: received 60 results and 0 failures
2026-08-19 20:38:46,379 - INFO - [Round 30] 60/60 client tiep tuc model cuc bo (Algorithm 1 dong 10)
2026-08-19 20:39:01,639 - INFO - [Round 30] data-free KD 30 vong: gen_loss=25.6799 stu_loss=1.4919 (CE 0.3366)
2026-08-19 20:39:01,678 - INFO - [Round 60] luu checkpoint -> out_1percent/checkpoints/round_060.pth
2026-08-19 20:46:48,612 - INFO - [Round 60] loss=1.3916 acc=0.0573 | micro P/R/F1=0.0573/0.0573/0.0573 | macro P/R/F1=0.1669/0.1743/0.0183 | weighted P/R/F1=0.9933/0.0573/0.1056
2026-08-19 20:46:51,454 - INFO - Luu out_1percent/confusion_matrix_task1.csv
2026-08-19 20:46:51,454 - INFO - Luu out_1percent/confusion_matrix_task1_normalized.csv
2026-08-19 20:46:59,704 - INFO - Luu out_1percent/classification_report_task1.txt
               precision    recall  f1-score   support

       Benign     0.9997    0.0561    0.1062  41700592
          DoS     0.0000    0.0000    0.0000    145129
       double     0.0000    0.0000    0.0000     12413
force-neutral     0.0000    0.0000    0.0000      5744
      fuzzing     0.0017    0.9898    0.0034     67321
     interval     0.0000    0.0000    0.0000     40542

     accuracy                         0.0573  41971741
    macro avg     0.1669    0.1743    0.0183  41971741
 weighted avg     0.9933    0.0573    0.1056  41971741

2026-08-19 20:46:59,919 - INFO - Luu out_1percent/confusion_matrix_task1.png
2026-08-19 20:46:59,920 - INFO - fit progress: (30, 1.391642643180934, {'accuracy': 0.057327119215759954, 'micro_precision': 0.057327119215759954, 'micro_recall': 0.057327119215759954, 'micro_f1': 0.057327119215759954, 'macro_precision': 0.16689811211318897, 'macro_recall': 0.17432113038082475, 'macro_f1': 0.018266464792321118, 'weighted_precision': 0.9932515986031286, 'weighted_recall': 0.057327119215759954, 'weighted_f1': 0.10556075176565896}, 15245.189066353)
2026-08-19 20:46:59,920 - INFO - configure_evaluate: no clients selected, skipping evaluation
2026-08-19 20:46:59,920 - INFO - 
2026-08-19 20:46:59,920 - INFO - [SUMMARY]
2026-08-19 20:46:59,921 - INFO - Run finished 30 round(s) in 15245.19s
2026-08-19 20:46:59,925 - INFO - 	History (loss, centralized):
2026-08-19 20:46:59,926 - INFO - 		round 1: 0.14758272850606083
2026-08-19 20:46:59,926 - INFO - 		round 2: 0.1671070057977279
2026-08-19 20:46:59,926 - INFO - 		round 3: 0.35271548909905087
2026-08-19 20:46:59,926 - INFO - 		round 4: 0.5720026212556114
2026-08-19 20:46:59,926 - INFO - 		round 5: 0.8566061758104011
2026-08-19 20:46:59,926 - INFO - 		round 6: 1.6620205624507425
2026-08-19 20:46:59,926 - INFO - 		round 7: 1.4436126937166402
2026-08-19 20:46:59,926 - INFO - 		round 8: 1.4226829120649387
2026-08-19 20:46:59,926 - INFO - 		round 9: 1.4018419132415993
2026-08-19 20:46:59,926 - INFO - 		round 10: 1.5704561987721668
2026-08-19 20:46:59,926 - INFO - 		round 11: 1.5414632752037531
2026-08-19 20:46:59,927 - INFO - 		round 12: 1.7556057989387936
2026-08-19 20:46:59,927 - INFO - 		round 13: 1.690560011159713
2026-08-19 20:46:59,927 - INFO - 		round 14: 1.700069034499735
2026-08-19 20:46:59,927 - INFO - 		round 15: 1.6020698244338107
2026-08-19 20:46:59,927 - INFO - 		round 16: 1.5179158037617093
2026-08-19 20:46:59,927 - INFO - 		round 17: 1.5602861575485671
2026-08-19 20:46:59,927 - INFO - 		round 18: 1.5915166043053373
2026-08-19 20:46:59,927 - INFO - 		round 19: 1.5658411044077796
2026-08-19 20:46:59,927 - INFO - 		round 20: 1.5566667431062502
2026-08-19 20:46:59,927 - INFO - 		round 21: 1.4857512992820545
2026-08-19 20:46:59,927 - INFO - 		round 22: 1.3919428911156062
2026-08-19 20:46:59,927 - INFO - 		round 23: 1.5604696441776207
2026-08-19 20:46:59,927 - INFO - 		round 24: 1.5212117964801706
2026-08-19 20:46:59,927 - INFO - 		round 25: 1.4666113048605767
2026-08-19 20:46:59,927 - INFO - 		round 26: 1.3818359530932915
2026-08-19 20:46:59,927 - INFO - 		round 27: 1.337330801698912
2026-08-19 20:46:59,927 - INFO - 		round 28: 1.4056857122772843
2026-08-19 20:46:59,928 - INFO - 		round 29: 1.3092399524825797
2026-08-19 20:46:59,928 - INFO - 		round 30: 1.391642643180934
2026-08-19 20:46:59,928 - INFO - 	History (metrics, distributed, fit):
2026-08-19 20:46:59,928 - INFO - 	{'gen_loss': [(1, 43.71682306925456),
2026-08-19 20:46:59,928 - INFO - 	              (2, 40.8747563680013),
2026-08-19 20:46:59,928 - INFO - 	              (3, 40.032653935750325),
2026-08-19 20:46:59,928 - INFO - 	              (4, 39.56373278299967),
2026-08-19 20:46:59,928 - INFO - 	              (5, 39.460187403361004),
2026-08-19 20:46:59,928 - INFO - 	              (6, 39.341069030761716),
2026-08-19 20:46:59,928 - INFO - 	              (7, 37.89003613789876),
2026-08-19 20:46:59,928 - INFO - 	              (8, 36.86382954915364),
2026-08-19 20:46:59,928 - INFO - 	              (9, 35.988578923543294),
2026-08-19 20:46:59,928 - INFO - 	              (10, 34.95763333638509),
2026-08-19 20:46:59,928 - INFO - 	              (11, 33.531847127278645),
2026-08-19 20:46:59,928 - INFO - 	              (12, 32.42544854482015),
2026-08-19 20:46:59,928 - INFO - 	              (13, 31.57879702250163),
2026-08-19 20:46:59,928 - INFO - 	              (14, 30.345364252726238),
2026-08-19 20:46:59,929 - INFO - 	              (15, 30.034529050191242),
2026-08-19 20:46:59,929 - INFO - 	              (16, 29.94150581359863),
2026-08-19 20:46:59,929 - INFO - 	              (17, 29.249412473042806),
2026-08-19 20:46:59,929 - INFO - 	              (18, 28.880123202006022),
2026-08-19 20:46:59,929 - INFO - 	              (19, 28.60749053955078),
2026-08-19 20:46:59,929 - INFO - 	              (20, 28.15439618428548),
2026-08-19 20:46:59,929 - INFO - 	              (21, 28.339181264241535),
2026-08-19 20:46:59,929 - INFO - 	              (22, 27.688762601216634),
2026-08-19 20:46:59,929 - INFO - 	              (23, 27.702369499206544),
2026-08-19 20:46:59,929 - INFO - 	              (24, 27.361346371968587),
2026-08-19 20:46:59,929 - INFO - 	              (25, 27.31067263285319),
2026-08-19 20:46:59,929 - INFO - 	              (26, 26.67830556233724),
2026-08-19 20:46:59,929 - INFO - 	              (27, 26.268833669026694),
2026-08-19 20:46:59,929 - INFO - 	              (28, 26.03173910776774),
2026-08-19 20:46:59,929 - INFO - 	              (29, 25.676220575968426),
2026-08-19 20:46:59,929 - INFO - 	              (30, 25.679859797159832)],
2026-08-19 20:46:59,929 - INFO - 	 'kd_loss_client': [(1, 0.06678988965501684),
2026-08-19 20:46:59,929 - INFO - 	                    (2, 0.10646384104583709),
2026-08-19 20:46:59,930 - INFO - 	                    (3, 1.3009486295543018),
2026-08-19 20:46:59,930 - INFO - 	                    (4, 12.667697585310254),
2026-08-19 20:46:59,930 - INFO - 	                    (5, 41.40944348532056),
2026-08-19 20:46:59,930 - INFO - 	                    (6, 63.55660126375774),
2026-08-19 20:46:59,930 - INFO - 	                    (7, 78.4276353754316),
2026-08-19 20:46:59,930 - INFO - 	                    (8, 78.64485592130632),
2026-08-19 20:46:59,930 - INFO - 	                    (9, 75.96217497749936),
2026-08-19 20:46:59,930 - INFO - 	                    (10, 73.3261764932814),
2026-08-19 20:46:59,930 - INFO - 	                    (11, 73.05443784274752),
2026-08-19 20:46:59,930 - INFO - 	                    (12, 71.94689573719388),
2026-08-19 20:46:59,930 - INFO - 	                    (13, 74.6731012941542),
2026-08-19 20:46:59,930 - INFO - 	                    (14, 71.42684855680616),
2026-08-19 20:46:59,930 - INFO - 	                    (15, 70.99602545306796),
2026-08-19 20:46:59,930 - INFO - 	                    (16, 68.5320725591599),
2026-08-19 20:46:59,930 - INFO - 	                    (17, 66.58777142978849),
2026-08-19 20:46:59,930 - INFO - 	                    (18, 66.84199220203219),
2026-08-19 20:46:59,930 - INFO - 	                    (19, 66.34400985596672),
2026-08-19 20:46:59,930 - INFO - 	                    (20, 65.2185919707162),
2026-08-19 20:46:59,931 - INFO - 	                    (21, 64.622081116419),
2026-08-19 20:46:59,931 - INFO - 	                    (22, 62.651596085760325),
2026-08-19 20:46:59,931 - INFO - 	                    (23, 60.64984084447225),
2026-08-19 20:46:59,931 - INFO - 	                    (24, 62.59957501638504),
2026-08-19 20:46:59,931 - INFO - 	                    (25, 61.343888927641366),
2026-08-19 20:46:59,931 - INFO - 	                    (26, 59.5020288632408),
2026-08-19 20:46:59,931 - INFO - 	                    (27, 58.76201929016718),
2026-08-19 20:46:59,931 - INFO - 	                    (28, 56.595183619468926),
2026-08-19 20:46:59,931 - INFO - 	                    (29, 56.895366356902656),
2026-08-19 20:46:59,931 - INFO - 	                    (30, 54.78783612092336)],
2026-08-19 20:46:59,931 - INFO - 	 'num_clients': [(1, 60),
2026-08-19 20:46:59,931 - INFO - 	                 (2, 60),
2026-08-19 20:46:59,931 - INFO - 	                 (3, 60),
2026-08-19 20:46:59,931 - INFO - 	                 (4, 60),
2026-08-19 20:46:59,931 - INFO - 	                 (5, 60),
2026-08-19 20:46:59,931 - INFO - 	                 (6, 60),
2026-08-19 20:46:59,932 - INFO - 	                 (7, 60),
2026-08-19 20:46:59,932 - INFO - 	                 (8, 60),
2026-08-19 20:46:59,932 - INFO - 	                 (9, 60),
2026-08-19 20:46:59,932 - INFO - 	                 (10, 60),
2026-08-19 20:46:59,932 - INFO - 	                 (11, 60),
2026-08-19 20:46:59,932 - INFO - 	                 (12, 60),
2026-08-19 20:46:59,932 - INFO - 	                 (13, 60),
2026-08-19 20:46:59,932 - INFO - 	                 (14, 60),
2026-08-19 20:46:59,932 - INFO - 	                 (15, 60),
2026-08-19 20:46:59,932 - INFO - 	                 (16, 60),
2026-08-19 20:46:59,932 - INFO - 	                 (17, 60),
2026-08-19 20:46:59,932 - INFO - 	                 (18, 60),
2026-08-19 20:46:59,932 - INFO - 	                 (19, 60),
2026-08-19 20:46:59,932 - INFO - 	                 (20, 60),
2026-08-19 20:46:59,932 - INFO - 	                 (21, 60),
2026-08-19 20:46:59,933 - INFO - 	                 (22, 60),
2026-08-19 20:46:59,933 - INFO - 	                 (23, 60),
2026-08-19 20:46:59,933 - INFO - 	                 (24, 60),
2026-08-19 20:46:59,933 - INFO - 	                 (25, 60),
2026-08-19 20:46:59,933 - INFO - 	                 (26, 60),
2026-08-19 20:46:59,933 - INFO - 	                 (27, 60),
2026-08-19 20:46:59,933 - INFO - 	                 (28, 60),
2026-08-19 20:46:59,933 - INFO - 	                 (29, 60),
2026-08-19 20:46:59,933 - INFO - 	                 (30, 60)],
2026-08-19 20:46:59,933 - INFO - 	 'resumed_local': [(1, 0),
2026-08-19 20:46:59,933 - INFO - 	                   (2, 60),
2026-08-19 20:46:59,933 - INFO - 	                   (3, 60),
2026-08-19 20:46:59,933 - INFO - 	                   (4, 60),
2026-08-19 20:46:59,933 - INFO - 	                   (5, 60),
2026-08-19 20:46:59,933 - INFO - 	                   (6, 60),
2026-08-19 20:46:59,933 - INFO - 	                   (7, 60),
2026-08-19 20:46:59,933 - INFO - 	                   (8, 60),
2026-08-19 20:46:59,933 - INFO - 	                   (9, 60),
2026-08-19 20:46:59,934 - INFO - 	                   (10, 60),
2026-08-19 20:46:59,934 - INFO - 	                   (11, 60),
2026-08-19 20:46:59,934 - INFO - 	                   (12, 60),
2026-08-19 20:46:59,934 - INFO - 	                   (13, 60),
2026-08-19 20:46:59,934 - INFO - 	                   (14, 60),
2026-08-19 20:46:59,934 - INFO - 	                   (15, 60),
2026-08-19 20:46:59,934 - INFO - 	                   (16, 60),
2026-08-19 20:46:59,934 - INFO - 	                   (17, 60),
2026-08-19 20:46:59,934 - INFO - 	                   (18, 60),
2026-08-19 20:46:59,934 - INFO - 	                   (19, 60),
2026-08-19 20:46:59,934 - INFO - 	                   (20, 60),
2026-08-19 20:46:59,934 - INFO - 	                   (21, 60),
2026-08-19 20:46:59,934 - INFO - 	                   (22, 60),
2026-08-19 20:46:59,934 - INFO - 	                   (23, 60),
2026-08-19 20:46:59,935 - INFO - 	                   (24, 60),
2026-08-19 20:46:59,935 - INFO - 	                   (25, 60),
2026-08-19 20:46:59,935 - INFO - 	                   (26, 60),
2026-08-19 20:46:59,935 - INFO - 	                   (27, 60),
2026-08-19 20:46:59,935 - INFO - 	                   (28, 60),
2026-08-19 20:46:59,935 - INFO - 	                   (29, 60),
2026-08-19 20:46:59,935 - INFO - 	                   (30, 60)],
2026-08-19 20:46:59,935 - INFO - 	 'stu_ce': [(1, 43.628935165405274),
2026-08-19 20:46:59,935 - INFO - 	            (2, 25.672236824035643),
2026-08-19 20:46:59,935 - INFO - 	            (3, 13.859145793914795),
2026-08-19 20:46:59,935 - INFO - 	            (4, 7.351352106730143),
2026-08-19 20:46:59,935 - INFO - 	            (5, 3.6344957478841144),
2026-08-19 20:46:59,935 - INFO - 	            (6, 1.7595415337880453),
2026-08-19 20:46:59,935 - INFO - 	            (7, 0.8395679720242818),
2026-08-19 20:46:59,936 - INFO - 	            (8, 0.5869753301143646),
2026-08-19 20:46:59,936 - INFO - 	            (9, 0.4944107093413671),
2026-08-19 20:46:59,936 - INFO - 	            (10, 0.4473452031612396),
2026-08-19 20:46:59,936 - INFO - 	            (11, 0.41640088756879173),
2026-08-19 20:46:59,936 - INFO - 	            (12, 0.39753437201182046),
2026-08-19 20:46:59,936 - INFO - 	            (13, 0.37039967060089113),
2026-08-19 20:46:59,936 - INFO - 	            (14, 0.3624285966157913),
2026-08-19 20:46:59,936 - INFO - 	            (15, 0.3550416342417399),
2026-08-19 20:46:59,936 - INFO - 	            (16, 0.34955829242865244),
2026-08-19 20:46:59,936 - INFO - 	            (17, 0.3470539184411367),
2026-08-19 20:46:59,936 - INFO - 	            (18, 0.34429913659890493),
2026-08-19 20:46:59,936 - INFO - 	            (19, 0.3428108048439026),
2026-08-19 20:46:59,936 - INFO - 	            (20, 0.3416056142250697),
2026-08-19 20:46:59,936 - INFO - 	            (21, 0.34080410679181417),
2026-08-19 20:46:59,936 - INFO - 	            (22, 0.3405517917871475),
2026-08-19 20:46:59,936 - INFO - 	            (23, 0.3401246557633082),
2026-08-19 20:46:59,936 - INFO - 	            (24, 0.3390429506699244),
2026-08-19 20:46:59,937 - INFO - 	            (25, 0.33973411897818245),
2026-08-19 20:46:59,937 - INFO - 	            (26, 0.3387767763932546),
2026-08-19 20:46:59,937 - INFO - 	            (27, 0.3389698761701584),
2026-08-19 20:46:59,937 - INFO - 	            (28, 0.3377725883324941),
2026-08-19 20:46:59,937 - INFO - 	            (29, 0.3366033105055491),
2026-08-19 20:46:59,937 - INFO - 	            (30, 0.336597118973732)],
2026-08-19 20:46:59,937 - INFO - 	 'stu_loss': [(1, 43.650237197875974),
2026-08-19 20:46:59,937 - INFO - 	              (2, 25.763647079467773),
2026-08-19 20:46:59,937 - INFO - 	              (3, 14.18770424524943),
2026-08-19 20:46:59,937 - INFO - 	              (4, 8.187608655293783),
2026-08-19 20:46:59,937 - INFO - 	              (5, 5.144020284016927),
2026-08-19 20:46:59,937 - INFO - 	              (6, 3.4880115524927775),
2026-08-19 20:46:59,937 - INFO - 	              (7, 2.523111718495687),
2026-08-19 20:46:59,937 - INFO - 	              (8, 2.142699070771535),
2026-08-19 20:46:59,937 - INFO - 	              (9, 1.9497609742482502),
2026-08-19 20:46:59,937 - INFO - 	              (10, 1.8215097920099894),
2026-08-19 20:46:59,937 - INFO - 	              (11, 1.7384853037198384),
2026-08-19 20:46:59,938 - INFO - 	              (12, 1.6784460028012593),
2026-08-19 20:46:59,938 - INFO - 	              (13, 1.6129126087824504),
2026-08-19 20:46:59,938 - INFO - 	              (14, 1.5822861448923746),
2026-08-19 20:46:59,938 - INFO - 	              (15, 1.561077928543091),
2026-08-19 20:46:59,938 - INFO - 	              (16, 1.5454371134440104),
2026-08-19 20:46:59,938 - INFO - 	              (17, 1.5354504132270812),
2026-08-19 20:46:59,938 - INFO - 	              (18, 1.5277238035202025),
2026-08-19 20:46:59,938 - INFO - 	              (19, 1.5219520409901937),
2026-08-19 20:46:59,938 - INFO - 	              (20, 1.5176804121335348),
2026-08-19 20:46:59,938 - INFO - 	              (21, 1.5140322995185853),
2026-08-19 20:46:59,938 - INFO - 	              (22, 1.5118590259552003),
2026-08-19 20:46:59,938 - INFO - 	              (23, 1.5085549855232239),
2026-08-19 20:46:59,938 - INFO - 	              (24, 1.5057975141207378),
2026-08-19 20:46:59,938 - INFO - 	              (25, 1.5053221956888834),
2026-08-19 20:46:59,938 - INFO - 	              (26, 1.5009033648173014),
2026-08-19 20:46:59,939 - INFO - 	              (27, 1.499680004119873),
2026-08-19 20:46:59,939 - INFO - 	              (28, 1.4952157505353292),
2026-08-19 20:46:59,939 - INFO - 	              (29, 1.4937582103411358),
2026-08-19 20:46:59,939 - INFO - 	              (30, 1.4919195461273194)],
2026-08-19 20:46:59,939 - INFO - 	 'train_loss': [(1, 56.93398072239843),
2026-08-19 20:46:59,939 - INFO - 	                (2, 55.826313963988945),
2026-08-19 20:46:59,939 - INFO - 	                (3, 54.72726399276728),
2026-08-19 20:46:59,939 - INFO - 	                (4, 53.66848518693034),
2026-08-19 20:46:59,939 - INFO - 	                (5, 52.6718248454375),
2026-08-19 20:46:59,939 - INFO - 	                (6, 51.66376167660277),
2026-08-19 20:46:59,939 - INFO - 	                (7, 50.7446348287546),
2026-08-19 20:46:59,939 - INFO - 	                (8, 49.82977997998952),
2026-08-19 20:46:59,939 - INFO - 	                (9, 48.98203506728061),
2026-08-19 20:46:59,939 - INFO - 	                (10, 48.14647628709903),
2026-08-19 20:46:59,939 - INFO - 	                (11, 47.313738236570416),
2026-08-19 20:46:59,939 - INFO - 	                (12, 46.52679105525703),
2026-08-19 20:46:59,940 - INFO - 	                (13, 45.776442334300846),
2026-08-19 20:46:59,940 - INFO - 	                (14, 45.02279791898376),
2026-08-19 20:46:59,940 - INFO - 	                (15, 44.30800665880254),
2026-08-19 20:46:59,940 - INFO - 	                (16, 43.605933902172225),
2026-08-19 20:46:59,940 - INFO - 	                (17, 42.904405612543485),
2026-08-19 20:46:59,940 - INFO - 	                (18, 42.22935360232306),
2026-08-19 20:46:59,940 - INFO - 	                (19, 41.589111219870446),
2026-08-19 20:46:59,940 - INFO - 	                (20, 40.95338594716725),
2026-08-19 20:46:59,940 - INFO - 	                (21, 40.33890634750133),
2026-08-19 20:46:59,940 - INFO - 	                (22, 39.71723214910882),
2026-08-19 20:46:59,940 - INFO - 	                (23, 39.124064801752205),
2026-08-19 20:46:59,940 - INFO - 	                (24, 38.573555557600116),
2026-08-19 20:46:59,940 - INFO - 	                (25, 37.99844988122697),
2026-08-19 20:46:59,940 - INFO - 	                (26, 37.46446447178703),
2026-08-19 20:46:59,940 - INFO - 	                (27, 36.914656910573996),
2026-08-19 20:46:59,940 - INFO - 	                (28, 36.38581816741769),
2026-08-19 20:46:59,940 - INFO - 	                (29, 35.85133125396889),
2026-08-19 20:46:59,940 - INFO - 	                (30, 35.35602103086543)]}
2026-08-19 20:46:59,941 - INFO - 	History (metrics, centralized):
2026-08-19 20:46:59,941 - INFO - 	{'accuracy': [(1, 0.993539724740034),
2026-08-19 20:46:59,941 - INFO - 	              (2, 0.993539724740034),
2026-08-19 20:46:59,941 - INFO - 	              (3, 0.993539724740034),
2026-08-19 20:46:59,941 - INFO - 	              (4, 0.993539724740034),
2026-08-19 20:46:59,941 - INFO - 	              (5, 0.6772530355602833),
2026-08-19 20:46:59,941 - INFO - 	              (6, 0.011592109081202994),
2026-08-19 20:46:59,941 - INFO - 	              (7, 0.011735276837813328),
2026-08-19 20:46:59,941 - INFO - 	              (8, 0.05914274559161127),
2026-08-19 20:46:59,941 - INFO - 	              (9, 0.06681581304907032),
2026-08-19 20:46:59,941 - INFO - 	              (10, 0.04704055521547224),
2026-08-19 20:46:59,941 - INFO - 	              (11, 0.06413427072277035),
2026-08-19 20:46:59,941 - INFO - 	              (12, 0.001603960150235369),
2026-08-19 20:46:59,941 - INFO - 	              (13, 0.0016056994157092506),
2026-08-19 20:46:59,941 - INFO - 	              (14, 0.0016222820015972174),
2026-08-19 20:46:59,941 - INFO - 	              (15, 0.0018036659475240734),
2026-08-19 20:46:59,941 - INFO - 	              (16, 0.008432268749585584),
2026-08-19 20:46:59,942 - INFO - 	              (17, 0.012290698162842471),
2026-08-19 20:46:59,942 - INFO - 	              (18, 0.013391200522275213),
2026-08-19 20:46:59,942 - INFO - 	              (19, 0.010549216912398273),
2026-08-19 20:46:59,942 - INFO - 	              (20, 0.02092820023834608),
2026-08-19 20:46:59,942 - INFO - 	              (21, 0.023386497119573857),
2026-08-19 20:46:59,942 - INFO - 	              (22, 0.0693651711993553),
2026-08-19 20:46:59,942 - INFO - 	              (23, 0.04933090576347548),
2026-08-19 20:46:59,942 - INFO - 	              (24, 0.03382687889930513),
2026-08-19 20:46:59,942 - INFO - 	              (25, 0.05247888096898339),
2026-08-19 20:46:59,942 - INFO - 	              (26, 0.05543463160129574),
2026-08-19 20:46:59,942 - INFO - 	              (27, 0.07158573669841334),
2026-08-19 20:46:59,942 - INFO - 	              (28, 0.06513477723023212),
2026-08-19 20:46:59,942 - INFO - 	              (29, 0.070791630969037),
2026-08-19 20:46:59,943 - INFO - 	              (30, 0.057327119215759954)],
2026-08-19 20:46:59,943 - INFO - 	 'macro_f1': [(1, 0.1661265657948528),
2026-08-19 20:46:59,943 - INFO - 	              (2, 0.1661265657948528),
2026-08-19 20:46:59,943 - INFO - 	              (3, 0.1661265657948528),
2026-08-19 20:46:59,943 - INFO - 	              (4, 0.1661265657948528),
2026-08-19 20:46:59,943 - INFO - 	              (5, 0.13643615983301555),
2026-08-19 20:46:59,943 - INFO - 	              (6, 0.003856851638464482),
2026-08-19 20:46:59,943 - INFO - 	              (7, 0.0039040049577320165),
2026-08-19 20:46:59,943 - INFO - 	              (8, 0.01881196635013554),
2026-08-19 20:46:59,943 - INFO - 	              (9, 0.02109817711605495),
2026-08-19 20:46:59,943 - INFO - 	              (10, 0.015136194490538449),
2026-08-19 20:46:59,943 - INFO - 	              (11, 0.02030276590275031),
2026-08-19 20:46:59,943 - INFO - 	              (12, 0.0005337971939843313),
2026-08-19 20:46:59,943 - INFO - 	              (13, 0.0005343816447820793),
2026-08-19 20:46:59,943 - INFO - 	              (14, 0.0005399538403668282),
2026-08-19 20:46:59,943 - INFO - 	              (15, 0.0006008916289023659),
2026-08-19 20:46:59,943 - INFO - 	              (16, 0.002812726633982963),
2026-08-19 20:46:59,943 - INFO - 	              (17, 0.004086807452940396),
2026-08-19 20:46:59,944 - INFO - 	              (18, 0.004448414027327295),
2026-08-19 20:46:59,944 - INFO - 	              (19, 0.0035129682885238454),
2026-08-19 20:46:59,944 - INFO - 	              (20, 0.0069038964641132995),
2026-08-19 20:46:59,944 - INFO - 	              (21, 0.007696928401388422),
2026-08-19 20:46:59,944 - INFO - 	              (22, 0.021851671835001585),
2026-08-19 20:46:59,944 - INFO - 	              (23, 0.01583861415532189),
2026-08-19 20:46:59,944 - INFO - 	              (24, 0.01102270882343418),
2026-08-19 20:46:59,944 - INFO - 	              (25, 0.016798938632914383),
2026-08-19 20:46:59,944 - INFO - 	              (26, 0.017695236813034507),
2026-08-19 20:46:59,944 - INFO - 	              (27, 0.022503576558867894),
2026-08-19 20:46:59,944 - INFO - 	              (28, 0.020601308178868735),
2026-08-19 20:46:59,944 - INFO - 	              (29, 0.022271303843539588),
2026-08-19 20:46:59,944 - INFO - 	              (30, 0.018266464792321118)],
2026-08-19 20:46:59,944 - INFO - 	 'macro_precision': [(1, 0.16558995412333902),
2026-08-19 20:46:59,944 - INFO - 	                     (2, 0.16558995412333902),
2026-08-19 20:46:59,944 - INFO - 	                     (3, 0.16558995412333902),
2026-08-19 20:46:59,944 - INFO - 	                     (4, 0.16558995412333902),
2026-08-19 20:46:59,944 - INFO - 	                     (5, 0.16662787615921246),
2026-08-19 20:46:59,944 - INFO - 	                     (6, 0.166935084179052),
2026-08-19 20:46:59,945 - INFO - 	                     (7, 0.16693633350755796),
2026-08-19 20:46:59,945 - INFO - 	                     (8, 0.16686626855155587),
2026-08-19 20:46:59,945 - INFO - 	                     (9, 0.16681931973735076),
2026-08-19 20:46:59,945 - INFO - 	                     (10, 0.1669236554488567),
2026-08-19 20:46:59,945 - INFO - 	                     (11, 0.16682521116964608),
2026-08-19 20:46:59,945 - INFO - 	                     (12, 0.00026732669170589484),
2026-08-19 20:46:59,945 - INFO - 	                     (13, 0.16693399382332544),
2026-08-19 20:46:59,945 - INFO - 	                     (14, 0.16693399825638222),
2026-08-19 20:46:59,945 - INFO - 	                     (15, 0.16693404675572643),
2026-08-19 20:46:59,945 - INFO - 	                     (16, 0.1669352457775766),
2026-08-19 20:46:59,945 - INFO - 	                     (17, 0.16693650549464834),
2026-08-19 20:46:59,945 - INFO - 	                     (18, 0.16693615933376774),
2026-08-19 20:46:59,945 - INFO - 	                     (19, 0.16693595834263975),
2026-08-19 20:46:59,945 - INFO - 	                     (20, 0.1669369563205572),
2026-08-19 20:46:59,945 - INFO - 	                     (21, 0.166937523664473),
2026-08-19 20:46:59,945 - INFO - 	                     (22, 0.16684726779741113),
2026-08-19 20:46:59,945 - INFO - 	                     (23, 0.16692311270420102),
2026-08-19 20:46:59,945 - INFO - 	                     (24, 0.16693741968520628),
2026-08-19 20:46:59,945 - INFO - 	                     (25, 0.16691667777717448),
2026-08-19 20:46:59,945 - INFO - 	                     (26, 0.16690463656901344),
2026-08-19 20:46:59,945 - INFO - 	                     (27, 0.16682399391825722),
2026-08-19 20:46:59,945 - INFO - 	                     (28, 0.16687005537807062),
2026-08-19 20:46:59,945 - INFO - 	                     (29, 0.16684881188979384),
2026-08-19 20:46:59,945 - INFO - 	                     (30, 0.16689811211318897)],
2026-08-19 20:46:59,946 - INFO - 	 'macro_recall': [(1, 0.16666666666666666),
2026-08-19 20:46:59,946 - INFO - 	                  (2, 0.16666666666666666),
2026-08-19 20:46:59,946 - INFO - 	                  (3, 0.16666666666666666),
2026-08-19 20:46:59,946 - INFO - 	                  (4, 0.16666666666666666),
2026-08-19 20:46:59,946 - INFO - 	                  (5, 0.20023189819434262),
2026-08-19 20:46:59,946 - INFO - 	                  (6, 0.16833229563131746),
2026-08-19 20:46:59,946 - INFO - 	                  (7, 0.16836372718968204),
2026-08-19 20:46:59,946 - INFO - 	                  (8, 0.17347883162435507),
2026-08-19 20:46:59,946 - INFO - 	                  (9, 0.17253898608012272),
2026-08-19 20:46:59,946 - INFO - 	                  (10, 0.17366580329759507),
2026-08-19 20:46:59,946 - INFO - 	                  (11, 0.17252911969140736),
2026-08-19 20:46:59,946 - INFO - 	                  (12, 0.16666666666666666),
2026-08-19 20:46:59,946 - INFO - 	                  (13, 0.16666695842911136),
2026-08-19 20:46:59,946 - INFO - 	                  (14, 0.16666974016420041),
2026-08-19 20:46:59,946 - INFO - 	                  (15, 0.16670016739010962),
2026-08-19 20:46:59,946 - INFO - 	                  (16, 0.1678096463267533),
2026-08-19 20:46:59,946 - INFO - 	                  (17, 0.1684568993281815),
2026-08-19 20:46:59,947 - INFO - 	                  (18, 0.16863656560899776),
2026-08-19 20:46:59,947 - INFO - 	                  (19, 0.16816476518613702),
2026-08-19 20:46:59,947 - INFO - 	                  (20, 0.1698811265436859),
2026-08-19 20:46:59,947 - INFO - 	                  (21, 0.17028856337190026),
2026-08-19 20:46:59,947 - INFO - 	                  (22, 0.1738539837047117),
2026-08-19 20:46:59,947 - INFO - 	                  (23, 0.17398574616256723),
2026-08-19 20:46:59,947 - INFO - 	                  (24, 0.1719657902584427),
2026-08-19 20:46:59,947 - INFO - 	                  (25, 0.17424934784582666),
2026-08-19 20:46:59,947 - INFO - 	                  (26, 0.17428296744391628),
2026-08-19 20:46:59,947 - INFO - 	                  (27, 0.17312657602088707),
2026-08-19 20:46:59,947 - INFO - 	                  (28, 0.17428131746208217),
2026-08-19 20:46:59,947 - INFO - 	                  (29, 0.17405619730982227),
2026-08-19 20:46:59,947 - INFO - 	                  (30, 0.17432113038082475)],
2026-08-19 20:46:59,947 - INFO - 	 'micro_f1': [(1, 0.993539724740034),
2026-08-19 20:46:59,948 - INFO - 	              (2, 0.993539724740034),
2026-08-19 20:46:59,948 - INFO - 	              (3, 0.993539724740034),
2026-08-19 20:46:59,948 - INFO - 	              (4, 0.993539724740034),
2026-08-19 20:46:59,948 - INFO - 	              (5, 0.6772530355602833),
2026-08-19 20:46:59,948 - INFO - 	              (6, 0.011592109081202994),
2026-08-19 20:46:59,948 - INFO - 	              (7, 0.011735276837813328),
2026-08-19 20:46:59,948 - INFO - 	              (8, 0.05914274559161127),
2026-08-19 20:46:59,948 - INFO - 	              (9, 0.06681581304907032),
2026-08-19 20:46:59,948 - INFO - 	              (10, 0.04704055521547224),
2026-08-19 20:46:59,948 - INFO - 	              (11, 0.06413427072277035),
2026-08-19 20:46:59,948 - INFO - 	              (12, 0.001603960150235369),
2026-08-19 20:46:59,948 - INFO - 	              (13, 0.0016056994157092506),
2026-08-19 20:46:59,948 - INFO - 	              (14, 0.0016222820015972174),
2026-08-19 20:46:59,948 - INFO - 	              (15, 0.0018036659475240734),
2026-08-19 20:46:59,948 - INFO - 	              (16, 0.008432268749585584),
2026-08-19 20:46:59,948 - INFO - 	              (17, 0.012290698162842471),
2026-08-19 20:46:59,948 - INFO - 	              (18, 0.013391200522275213),
2026-08-19 20:46:59,949 - INFO - 	              (19, 0.010549216912398273),
2026-08-19 20:46:59,949 - INFO - 	              (20, 0.02092820023834608),
2026-08-19 20:46:59,949 - INFO - 	              (21, 0.023386497119573857),
2026-08-19 20:46:59,949 - INFO - 	              (22, 0.0693651711993553),
2026-08-19 20:46:59,949 - INFO - 	              (23, 0.04933090576347548),
2026-08-19 20:46:59,949 - INFO - 	              (24, 0.03382687889930513),
2026-08-19 20:46:59,949 - INFO - 	              (25, 0.05247888096898339),
2026-08-19 20:46:59,949 - INFO - 	              (26, 0.05543463160129574),
2026-08-19 20:46:59,949 - INFO - 	              (27, 0.07158573669841334),
2026-08-19 20:46:59,949 - INFO - 	              (28, 0.06513477723023212),
2026-08-19 20:46:59,949 - INFO - 	              (29, 0.070791630969037),
2026-08-19 20:46:59,949 - INFO - 	              (30, 0.057327119215759954)],
2026-08-19 20:46:59,949 - INFO - 	 'micro_precision': [(1, 0.993539724740034),
2026-08-19 20:46:59,949 - INFO - 	                     (2, 0.993539724740034),
2026-08-19 20:46:59,949 - INFO - 	                     (3, 0.993539724740034),
2026-08-19 20:46:59,949 - INFO - 	                     (4, 0.993539724740034),
2026-08-19 20:46:59,949 - INFO - 	                     (5, 0.6772530355602833),
2026-08-19 20:46:59,949 - INFO - 	                     (6, 0.011592109081202994),
2026-08-19 20:46:59,950 - INFO - 	                     (7, 0.011735276837813328),
2026-08-19 20:46:59,950 - INFO - 	                     (8, 0.05914274559161127),
2026-08-19 20:46:59,950 - INFO - 	                     (9, 0.06681581304907032),
2026-08-19 20:46:59,950 - INFO - 	                     (10, 0.04704055521547224),
2026-08-19 20:46:59,950 - INFO - 	                     (11, 0.06413427072277035),
2026-08-19 20:46:59,950 - INFO - 	                     (12, 0.001603960150235369),
2026-08-19 20:46:59,950 - INFO - 	                     (13, 0.0016056994157092506),
2026-08-19 20:46:59,950 - INFO - 	                     (14, 0.0016222820015972174),
2026-08-19 20:46:59,950 - INFO - 	                     (15, 0.0018036659475240734),
2026-08-19 20:46:59,950 - INFO - 	                     (16, 0.008432268749585584),
2026-08-19 20:46:59,950 - INFO - 	                     (17, 0.012290698162842471),
2026-08-19 20:46:59,950 - INFO - 	                     (18, 0.013391200522275213),
2026-08-19 20:46:59,950 - INFO - 	                     (19, 0.010549216912398273),
2026-08-19 20:46:59,950 - INFO - 	                     (20, 0.02092820023834608),
2026-08-19 20:46:59,950 - INFO - 	                     (21, 0.023386497119573857),
2026-08-19 20:46:59,950 - INFO - 	                     (22, 0.0693651711993553),
2026-08-19 20:46:59,950 - INFO - 	                     (23, 0.04933090576347548),
2026-08-19 20:46:59,950 - INFO - 	                     (24, 0.03382687889930513),
2026-08-19 20:46:59,951 - INFO - 	                     (25, 0.05247888096898339),
2026-08-19 20:46:59,951 - INFO - 	                     (26, 0.05543463160129574),
2026-08-19 20:46:59,951 - INFO - 	                     (27, 0.07158573669841334),
2026-08-19 20:46:59,951 - INFO - 	                     (28, 0.06513477723023212),
2026-08-19 20:46:59,951 - INFO - 	                     (29, 0.070791630969037),
2026-08-19 20:46:59,951 - INFO - 	                     (30, 0.057327119215759954)],
2026-08-19 20:46:59,951 - INFO - 	 'micro_recall': [(1, 0.993539724740034),
2026-08-19 20:46:59,951 - INFO - 	                  (2, 0.993539724740034),
2026-08-19 20:46:59,951 - INFO - 	                  (3, 0.993539724740034),
2026-08-19 20:46:59,951 - INFO - 	                  (4, 0.993539724740034),
2026-08-19 20:46:59,951 - INFO - 	                  (5, 0.6772530355602833),
2026-08-19 20:46:59,951 - INFO - 	                  (6, 0.011592109081202994),
2026-08-19 20:46:59,951 - INFO - 	                  (7, 0.011735276837813328),
2026-08-19 20:46:59,951 - INFO - 	                  (8, 0.05914274559161127),
2026-08-19 20:46:59,951 - INFO - 	                  (9, 0.06681581304907032),
2026-08-19 20:46:59,951 - INFO - 	                  (10, 0.04704055521547224),
2026-08-19 20:46:59,951 - INFO - 	                  (11, 0.06413427072277035),
2026-08-19 20:46:59,952 - INFO - 	                  (12, 0.001603960150235369),
2026-08-19 20:46:59,952 - INFO - 	                  (13, 0.0016056994157092506),
2026-08-19 20:46:59,952 - INFO - 	                  (14, 0.0016222820015972174),
2026-08-19 20:46:59,952 - INFO - 	                  (15, 0.0018036659475240734),
2026-08-19 20:46:59,952 - INFO - 	                  (16, 0.008432268749585584),
2026-08-19 20:46:59,952 - INFO - 	                  (17, 0.012290698162842471),
2026-08-19 20:46:59,952 - INFO - 	                  (18, 0.013391200522275213),
2026-08-19 20:46:59,952 - INFO - 	                  (19, 0.010549216912398273),
2026-08-19 20:46:59,952 - INFO - 	                  (20, 0.02092820023834608),
2026-08-19 20:46:59,952 - INFO - 	                  (21, 0.023386497119573857),
2026-08-19 20:46:59,952 - INFO - 	                  (22, 0.0693651711993553),
2026-08-19 20:46:59,952 - INFO - 	                  (23, 0.04933090576347548),
2026-08-19 20:46:59,952 - INFO - 	                  (24, 0.03382687889930513),
2026-08-19 20:46:59,952 - INFO - 	                  (25, 0.05247888096898339),
2026-08-19 20:46:59,952 - INFO - 	                  (26, 0.05543463160129574),
2026-08-19 20:46:59,953 - INFO - 	                  (27, 0.07158573669841334),
2026-08-19 20:46:59,953 - INFO - 	                  (28, 0.06513477723023212),
2026-08-19 20:46:59,953 - INFO - 	                  (29, 0.070791630969037),
2026-08-19 20:46:59,953 - INFO - 	                  (30, 0.057327119215759954)],
2026-08-19 20:46:59,953 - INFO - 	 'weighted_f1': [(1, 0.9903200547109512),
2026-08-19 20:46:59,953 - INFO - 	                 (2, 0.9903200547109512),
2026-08-19 20:46:59,953 - INFO - 	                 (3, 0.9903200547109512),
2026-08-19 20:46:59,953 - INFO - 	                 (4, 0.9903200547109512),
2026-08-19 20:46:59,953 - INFO - 	                 (5, 0.802307700164744),
2026-08-19 20:46:59,953 - INFO - 	                 (6, 0.019782846577070985),
2026-08-19 20:46:59,953 - INFO - 	                 (7, 0.02006333285184287),
2026-08-19 20:46:59,953 - INFO - 	                 (8, 0.10882936654870623),
2026-08-19 20:46:59,953 - INFO - 	                 (9, 0.12247619443621813),
2026-08-19 20:46:59,953 - INFO - 	                 (10, 0.08691495619987993),
2026-08-19 20:46:59,953 - INFO - 	                 (11, 0.11773503818592275),
2026-08-19 20:46:59,953 - INFO - 	                 (12, 5.137136564749959e-06),
2026-08-19 20:46:59,953 - INFO - 	                 (13, 8.61567034364719e-06),
2026-08-19 20:46:59,953 - INFO - 	                 (14, 4.1780257527773964e-05),
2026-08-19 20:46:59,954 - INFO - 	                 (15, 0.00040446948828934794),
2026-08-19 20:46:59,954 - INFO - 	                 (16, 0.013568618911047804),
2026-08-19 20:46:59,954 - INFO - 	                 (17, 0.02115126320423274),
2026-08-19 20:46:59,954 - INFO - 	                 (18, 0.023303411121870288),
2026-08-19 20:46:59,954 - INFO - 	                 (19, 0.017736104721841773),
2026-08-19 20:46:59,954 - INFO - 	                 (20, 0.03791684501792855),
2026-08-19 20:46:59,954 - INFO - 	                 (21, 0.04263626735382),
2026-08-19 20:46:59,954 - INFO - 	                 (22, 0.1269408477170358),
2026-08-19 20:46:59,954 - INFO - 	                 (23, 0.09109557035298557),
2026-08-19 20:46:59,954 - INFO - 	                 (24, 0.062428524852764795),
2026-08-19 20:46:59,954 - INFO - 	                 (25, 0.09681459504614104),
2026-08-19 20:46:59,954 - INFO - 	                 (26, 0.10215655835270099),
2026-08-19 20:46:59,954 - INFO - 	                 (27, 0.1308415921158533),
2026-08-19 20:46:59,954 - INFO - 	                 (28, 0.1194790128650238),
2026-08-19 20:46:59,954 - INFO - 	                 (29, 0.12943804916632248),
2026-08-19 20:46:59,954 - INFO - 	                 (30, 0.10556075176565896)],
2026-08-19 20:46:59,954 - INFO - 	 'weighted_precision': [(1, 0.9871211846365026),
2026-08-19 20:46:59,954 - INFO - 	                        (2, 0.9871211846365026),
2026-08-19 20:46:59,955 - INFO - 	                        (3, 0.9871211846365026),
2026-08-19 20:46:59,955 - INFO - 	                        (4, 0.9871211846365026),
2026-08-19 20:46:59,955 - INFO - 	                        (5, 0.9877386644036226),
2026-08-19 20:46:59,955 - INFO - 	                        (6, 0.9935328435222378),
2026-08-19 20:46:59,955 - INFO - 	                        (7, 0.9935399872506192),
2026-08-19 20:46:59,955 - INFO - 	                        (8, 0.9930701552699079),
2026-08-19 20:46:59,955 - INFO - 	                        (9, 0.9927993648203021),
2026-08-19 20:46:59,955 - INFO - 	                        (10, 0.9934111571295323),
2026-08-19 20:46:59,955 - INFO - 	                        (11, 0.9928347333647046),
2026-08-19 20:46:59,955 - INFO - 	                        (12, 2.5726881635430674e-06),
2026-08-19 20:46:59,955 - INFO - 	                        (13, 0.9935422974326722),
2026-08-19 20:46:59,955 - INFO - 	                        (14, 0.9935422974753348),
2026-08-19 20:46:59,955 - INFO - 	                        (15, 0.9935422979420809),
2026-08-19 20:46:59,955 - INFO - 	                        (16, 0.9935388484110942),
2026-08-19 20:46:59,955 - INFO - 	                        (17, 0.993540110142475),
2026-08-19 20:46:59,955 - INFO - 	                        (18, 0.9935363033453103),
2026-08-19 20:46:59,955 - INFO - 	                        (19, 0.9935396743470875),
2026-08-19 20:46:59,955 - INFO - 	                        (20, 0.9935288733796962),
2026-08-19 20:46:59,955 - INFO - 	                        (21, 0.9935282271819357),
2026-08-19 20:46:59,956 - INFO - 	                        (22, 0.992952384698267),
2026-08-19 20:46:59,956 - INFO - 	                        (23, 0.9934045709280368),
2026-08-19 20:46:59,956 - INFO - 	                        (24, 0.9935107946984508),
2026-08-19 20:46:59,956 - INFO - 	                        (25, 0.9933633474793725),
2026-08-19 20:46:59,956 - INFO - 	                        (26, 0.9932910153494706),
2026-08-19 20:46:59,956 - INFO - 	                        (27, 0.9928209417250207),
2026-08-19 20:46:59,956 - INFO - 	                        (28, 0.9930841733860973),
2026-08-19 20:46:59,956 - INFO - 	                        (29, 0.992959418805407),
2026-08-19 20:46:59,956 - INFO - 	                        (30, 0.9932515986031286)],
2026-08-19 20:46:59,956 - INFO - 	 'weighted_recall': [(1, 0.993539724740034),
2026-08-19 20:46:59,956 - INFO - 	                     (2, 0.993539724740034),
2026-08-19 20:46:59,956 - INFO - 	                     (3, 0.993539724740034),
2026-08-19 20:46:59,956 - INFO - 	                     (4, 0.993539724740034),
2026-08-19 20:46:59,956 - INFO - 	                     (5, 0.6772530355602833),
2026-08-19 20:46:59,956 - INFO - 	                     (6, 0.011592109081202994),
2026-08-19 20:46:59,956 - INFO - 	                     (7, 0.011735276837813328),
2026-08-19 20:46:59,956 - INFO - 	                     (8, 0.05914274559161127),
2026-08-19 20:46:59,956 - INFO - 	                     (9, 0.06681581304907032),
2026-08-19 20:46:59,957 - INFO - 	                     (10, 0.04704055521547224),
2026-08-19 20:46:59,957 - INFO - 	                     (11, 0.06413427072277035),
2026-08-19 20:46:59,957 - INFO - 	                     (12, 0.001603960150235369),
2026-08-19 20:46:59,957 - INFO - 	                     (13, 0.0016056994157092506),
2026-08-19 20:46:59,957 - INFO - 	                     (14, 0.0016222820015972174),
2026-08-19 20:46:59,957 - INFO - 	                     (15, 0.0018036659475240734),
2026-08-19 20:46:59,957 - INFO - 	                     (16, 0.008432268749585584),
2026-08-19 20:46:59,957 - INFO - 	                     (17, 0.012290698162842471),
2026-08-19 20:46:59,957 - INFO - 	                     (18, 0.013391200522275213),
2026-08-19 20:46:59,957 - INFO - 	                     (19, 0.010549216912398273),
2026-08-19 20:46:59,957 - INFO - 	                     (20, 0.02092820023834608),
2026-08-19 20:46:59,957 - INFO - 	                     (21, 0.023386497119573857),
2026-08-19 20:46:59,957 - INFO - 	                     (22, 0.0693651711993553),
2026-08-19 20:46:59,957 - INFO - 	                     (23, 0.04933090576347548),
2026-08-19 20:46:59,957 - INFO - 	                     (24, 0.03382687889930513),
2026-08-19 20:46:59,957 - INFO - 	                     (25, 0.05247888096898339),
2026-08-19 20:46:59,957 - INFO - 	                     (26, 0.05543463160129574),
2026-08-19 20:46:59,957 - INFO - 	                     (27, 0.07158573669841334),
2026-08-19 20:46:59,958 - INFO - 	                     (28, 0.06513477723023212),
2026-08-19 20:46:59,958 - INFO - 	                     (29, 0.070791630969037),
2026-08-19 20:46:59,958 - INFO - 	                     (30, 0.057327119215759954)]}
2026-08-19 20:46:59,958 - INFO - 
2026-08-19 20:46:59,962 - INFO - Nap global test: /kaggle/input/datasets/tongxuanvu/100clientiov/global_test_data.pt
2026-08-19 20:47:01,814 - INFO - Global test goc: n=42048683
2026-08-19 20:47:03,561 - INFO - Task 2: loc ve lop 0-8 -> n=41987401
2026-08-19 20:47:03,561 - INFO - Danh gia moi round tren n=41987401 mau (dtype=float16)
2026-08-19 20:47:03,607 - INFO - ===== Task 2: 70 client, 30 round =====
2026-08-19 20:47:03,607 - WARNING - DEPRECATED FEATURE: flwr.simulation.start_simulation() is deprecated.
	Instead, use the `flwr run` CLI command to start a local simulation in your Flower app, as shown for example below:

		$ flwr new  # Create a new Flower app from a template

		$ flwr run  # Run the Flower app in Simulation Mode

	Using `start_simulation()` is deprecated.

            This is a deprecated feature. It will be removed
            entirely in future versions of Flower.
        
2026-08-19 20:47:03,608 - INFO - Starting Flower simulation, config: num_rounds=30, no round_timeout
2026-08-19 20:47:14,023 - INFO - Flower VCE: Ray initialized with resources: {'memory': 18883230106.0, 'CPU': 4.0, 'object_store_memory': 8092812902.0, 'node:172.19.2.2': 1.0, 'GPU': 2.0, 'node:__internal_head__': 1.0, 'accelerator_type:T4': 1.0}
2026-08-19 20:47:14,024 - INFO - Optimize your simulation with Flower VCE: https://flower.ai/docs/framework/how-to-run-simulations.html
2026-08-19 20:47:14,024 - INFO - Flower VCE: Resources for each Virtual Client: {'num_cpus': 1.0, 'num_gpus': 0.5}
2026-08-19 20:47:14,056 - INFO - Flower VCE: Creating VirtualClientEngineActorPool with 4 actors
2026-08-19 20:47:14,058 - INFO - [INIT]
2026-08-19 20:47:14,058 - INFO - Using initial global parameters provided by strategy
2026-08-19 20:47:14,059 - INFO - Starting evaluation of initial global parameters
2026-08-19 20:47:14,062 - INFO - Evaluation returned no results (`None`)
2026-08-19 20:47:14,062 - INFO - 
2026-08-19 20:47:14,062 - INFO - [ROUND 1]
2026-08-19 20:47:14,063 - INFO - configure_fit: strategy sampled 70 clients (out of 70)
2026-08-19 20:47:32,478 - INFO - aggregate_fit: received 70 results and 0 failures
2026-08-19 20:47:32,594 - WARNING - No fit_metrics_aggregation_fn provided
2026-08-19 20:47:32,595 - INFO - Eq.9 p(y) tu client: 0.000 0.000 0.000 0.000 0.000 0.000 0.322 0.201 0.477 0.000 0.000 0.000 0.000
2026-08-19 20:47:49,643 - INFO - [Round 1] data-free KD 30 vong: gen_loss=18.1530 stu_loss=20.1834 (CE 19.5538)
2026-08-19 20:47:49,688 - INFO - [Round 61] luu checkpoint -> out_1percent/checkpoints/round_061.pth
2026-08-19 20:55:46,440 - INFO - [Round 61] loss=1.5058 acc=0.3991 | micro P/R/F1=0.3991/0.3991/0.3991 | macro P/R/F1=0.1104/0.0869/0.0637 | weighted P/R/F1=0.9862/0.3991/0.5676
2026-08-19 20:55:46,442 - INFO - fit progress: (1, 1.5058428139212585, {'accuracy': 0.3990711404118583, 'micro_precision': 0.3990711404118583, 'micro_recall': 0.3990711404118583, 'micro_f1': 0.3990711404118583, 'macro_precision': 0.11043969648300273, 'macro_recall': 0.08688433870806885, 'macro_f1': 0.06372480988975125, 'weighted_precision': 0.9861566225167216, 'weighted_recall': 0.3990711404118583, 'weighted_f1': 0.5675888713272992}, 512.3794304699986)
2026-08-19 20:55:46,442 - INFO - configure_evaluate: no clients selected, skipping evaluation
2026-08-19 20:55:46,442 - INFO - 
2026-08-19 20:55:46,442 - INFO - [ROUND 2]
2026-08-19 20:55:46,442 - INFO - configure_fit: strategy sampled 70 clients (out of 70)
2026-08-19 20:55:48,012 - INFO - aggregate_fit: received 70 results and 0 failures
2026-08-19 20:55:48,130 - INFO - [Round 2] 70/70 client tiep tuc model cuc bo (Algorithm 1 dong 10)
2026-08-19 20:56:04,980 - INFO - [Round 2] data-free KD 30 vong: gen_loss=15.8685 stu_loss=10.4742 (CE 10.1372)
2026-08-19 20:56:05,023 - INFO - [Round 62] luu checkpoint -> out_1percent/checkpoints/round_062.pth
2026-08-19 21:03:58,825 - INFO - [Round 62] loss=1.5143 acc=0.0979 | micro P/R/F1=0.0979/0.0979/0.0979 | macro P/R/F1=0.1111/0.1089/0.0200 | weighted P/R/F1=0.9912/0.0979/0.1758
2026-08-19 21:03:58,826 - INFO - fit progress: (2, 1.5142527605984668, {'accuracy': 0.09786419026031166, 'micro_precision': 0.09786419026031166, 'micro_recall': 0.09786419026031166, 'micro_f1': 0.09786419026031166, 'macro_precision': 0.11106872483634726, 'macro_recall': 0.10885608781163546, 'macro_f1': 0.020014405289216605, 'weighted_precision': 0.99123700961421, 'weighted_recall': 0.09786419026031165, 'weighted_f1': 0.17579814593509746}, 1004.7643116439995)
2026-08-19 21:03:58,827 - INFO - configure_evaluate: no clients selected, skipping evaluation
2026-08-19 21:03:58,827 - INFO - 
2026-08-19 21:03:58,827 - INFO - [ROUND 3]
2026-08-19 21:03:58,827 - INFO - configure_fit: strategy sampled 70 clients (out of 70)
2026-08-19 21:04:00,330 - INFO - aggregate_fit: received 70 results and 0 failures
2026-08-19 21:04:00,445 - INFO - [Round 3] 70/70 client tiep tuc model cuc bo (Algorithm 1 dong 10)
2026-08-19 21:04:17,387 - INFO - [Round 3] data-free KD 30 vong: gen_loss=15.2199 stu_loss=6.1917 (CE 5.3080)
2026-08-19 21:04:17,429 - INFO - [Round 63] luu checkpoint -> out_1percent/checkpoints/round_063.pth
2026-08-19 21:12:11,485 - INFO - [Round 63] loss=1.3621 acc=0.0787 | micro P/R/F1=0.0787/0.0787/0.0787 | macro P/R/F1=0.1111/0.1120/0.0164 | weighted P/R/F1=0.9917/0.0787/0.1433
2026-08-19 21:12:11,487 - INFO - fit progress: (3, 1.3621481838906384, {'accuracy': 0.07874159679471468, 'micro_precision': 0.07874159679471468, 'micro_recall': 0.07874159679471468, 'micro_f1': 0.07874159679471468, 'macro_precision': 0.11113079886598468, 'macro_recall': 0.11203420142520829, 'macro_f1': 0.016394315722883558, 'weighted_precision': 0.9917417138146312, 'weighted_recall': 0.07874159679471467, 'weighted_f1': 0.1433396613145712}, 1497.4247726289996)
2026-08-19 21:12:11,487 - INFO - configure_evaluate: no clients selected, skipping evaluation
2026-08-19 21:12:11,487 - INFO - 
2026-08-19 21:12:11,488 - INFO - [ROUND 4]
2026-08-19 21:12:11,488 - INFO - configure_fit: strategy sampled 70 clients (out of 70)
2026-08-19 21:12:13,003 - INFO - aggregate_fit: received 70 results and 0 failures
2026-08-19 21:12:13,122 - INFO - [Round 4] 70/70 client tiep tuc model cuc bo (Algorithm 1 dong 10)
2026-08-19 21:12:29,970 - INFO - [Round 4] data-free KD 30 vong: gen_loss=15.1967 stu_loss=4.5754 (CE 3.0876)
2026-08-19 21:12:30,013 - INFO - [Round 64] luu checkpoint -> out_1percent/checkpoints/round_064.pth
2026-08-19 21:20:25,587 - INFO - [Round 64] loss=1.1349 acc=0.0835 | micro P/R/F1=0.0835/0.0835/0.0835 | macro P/R/F1=0.1111/0.1092/0.0173 | weighted P/R/F1=0.9912/0.0835/0.1516
2026-08-19 21:20:25,589 - INFO - fit progress: (4, 1.1349202130738845, {'accuracy': 0.08350593074336751, 'micro_precision': 0.08350593074336751, 'micro_recall': 0.08350593074336751, 'micro_f1': 0.08350593074336751, 'macro_precision': 0.11106995087572262, 'macro_recall': 0.10921887742056632, 'macro_f1': 0.017306546125241302, 'weighted_precision': 0.9912416163061274, 'weighted_recall': 0.08350593074336753, 'weighted_f1': 0.15158111718706843}, 1991.5264329949987)
2026-08-19 21:20:25,589 - INFO - configure_evaluate: no clients selected, skipping evaluation
2026-08-19 21:20:25,589 - INFO - 
2026-08-19 21:20:25,589 - INFO - [ROUND 5]
2026-08-19 21:20:25,589 - INFO - configure_fit: strategy sampled 70 clients (out of 70)
2026-08-19 21:20:27,118 - INFO - aggregate_fit: received 70 results and 0 failures
2026-08-19 21:20:27,231 - INFO - [Round 5] 70/70 client tiep tuc model cuc bo (Algorithm 1 dong 10)
2026-08-19 21:20:44,115 - INFO - [Round 5] data-free KD 30 vong: gen_loss=14.9657 stu_loss=3.7523 (CE 2.2022)
2026-08-19 21:20:44,158 - INFO - [Round 65] luu checkpoint -> out_1percent/checkpoints/round_065.pth
2026-08-19 21:28:42,591 - INFO - [Round 65] loss=0.9869 acc=0.3762 | micro P/R/F1=0.3762/0.3762/0.3762 | macro P/R/F1=0.1105/0.0865/0.0611 | weighted P/R/F1=0.9867/0.3762/0.5440
2026-08-19 21:28:45,645 - INFO - Luu out_1percent/confusion_matrix_task2.csv
2026-08-19 21:28:45,646 - INFO - Luu out_1percent/confusion_matrix_task2_normalized.csv
2026-08-19 21:28:55,618 - INFO - Luu out_1percent/classification_report_task2.txt
               precision    recall  f1-score   support

       Benign     0.9934    0.3781    0.5478  41700592
          DoS     0.0000    0.0000    0.0000    145129
       double     0.0000    0.0000    0.0000     12413
force-neutral     0.0000    0.0000    0.0000      5744
      fuzzing     0.0010    0.4007    0.0021     67321
     interval     0.0000    0.0000    0.0000     40542
          rpm     0.0000    0.0000    0.0000      5043
rpm-accessory     0.0000    0.0000    0.0000      3146
        speed     0.0000    0.0000    0.0000      7471

     accuracy                         0.3762  41987401
    macro avg     0.1105    0.0865    0.0611  41987401
 weighted avg     0.9867    0.3762    0.5440  41987401

2026-08-19 21:28:55,988 - INFO - Luu out_1percent/confusion_matrix_task2.png
2026-08-19 21:28:55,989 - INFO - fit progress: (5, 0.9869156401513925, {'accuracy': 0.37620863934874177, 'micro_precision': 0.37620863934874177, 'micro_recall': 0.37620863934874177, 'micro_f1': 0.37620863934874177, 'macro_precision': 0.11049778973195085, 'macro_recall': 0.08654123625517261, 'macro_f1': 0.06109418220226145, 'weighted_precision': 0.9866626571126987, 'weighted_recall': 0.37620863934874177, 'weighted_f1': 0.5440483468158543}, 2501.9268473639986)
2026-08-19 21:28:55,989 - INFO - configure_evaluate: no clients selected, skipping evaluation
2026-08-19 21:28:55,989 - INFO - 
2026-08-19 21:28:55,990 - INFO - [ROUND 6]
2026-08-19 21:28:55,990 - INFO - configure_fit: strategy sampled 70 clients (out of 70)
2026-08-19 21:28:57,462 - INFO - aggregate_fit: received 70 results and 0 failures
2026-08-19 21:28:57,580 - INFO - [Round 6] 70/70 client tiep tuc model cuc bo (Algorithm 1 dong 10)
2026-08-19 21:29:14,181 - INFO - [Round 6] data-free KD 30 vong: gen_loss=14.7371 stu_loss=3.0339 (CE 1.6249)
2026-08-19 21:29:14,229 - INFO - [Round 66] luu checkpoint -> out_1percent/checkpoints/round_066.pth
2026-08-19 21:37:09,192 - INFO - [Round 66] loss=0.8940 acc=0.6729 | micro P/R/F1=0.6729/0.6729/0.6729 | macro P/R/F1=0.1105/0.0992/0.0897 | weighted P/R/F1=0.9869/0.6729/0.8000
2026-08-19 21:37:09,194 - INFO - fit progress: (6, 0.894042358399833, {'accuracy': 0.672911190668839, 'micro_precision': 0.672911190668839, 'micro_recall': 0.672911190668839, 'micro_f1': 0.672911190668839, 'macro_precision': 0.11052729556124255, 'macro_recall': 0.0992197817539074, 'macro_f1': 0.0897322895386172, 'weighted_precision': 0.9868890962997834, 'weighted_recall': 0.672911190668839, 'weighted_f1': 0.799961329552726}, 2995.1314779410004)
2026-08-19 21:37:09,194 - INFO - configure_evaluate: no clients selected, skipping evaluation
2026-08-19 21:37:09,194 - INFO - 
2026-08-19 21:37:09,194 - INFO - [ROUND 7]
2026-08-19 21:37:09,194 - INFO - configure_fit: strategy sampled 70 clients (out of 70)
2026-08-19 21:37:10,785 - INFO - aggregate_fit: received 70 results and 0 failures
2026-08-19 21:37:10,900 - INFO - [Round 7] 70/70 client tiep tuc model cuc bo (Algorithm 1 dong 10)
2026-08-19 21:37:27,836 - INFO - [Round 7] data-free KD 30 vong: gen_loss=15.1661 stu_loss=2.4317 (CE 1.1025)
2026-08-19 21:37:27,879 - INFO - [Round 67] luu checkpoint -> out_1percent/checkpoints/round_067.pth
2026-08-19 21:45:19,026 - INFO - [Round 67] loss=0.9075 acc=0.8934 | micro P/R/F1=0.8934/0.8934/0.8934 | macro P/R/F1=0.1106/0.1111/0.1053 | weighted P/R/F1=0.9871/0.8934/0.9378
2026-08-19 21:45:19,027 - INFO - fit progress: (7, 0.907492598328122, {'accuracy': 0.8933967596613088, 'micro_precision': 0.8933967596613088, 'micro_recall': 0.8933967596613088, 'micro_f1': 0.8933967596613088, 'macro_precision': 0.11060780231215643, 'macro_recall': 0.11111620182034167, 'macro_f1': 0.10526752125159868, 'weighted_precision': 0.9870896728827195, 'weighted_recall': 0.8933967596613088, 'weighted_f1': 0.937824075447295}, 3484.965129841001)
2026-08-19 21:45:19,028 - INFO - configure_evaluate: no clients selected, skipping evaluation
2026-08-19 21:45:19,028 - INFO - 
2026-08-19 21:45:19,028 - INFO - [ROUND 8]
2026-08-19 21:45:19,028 - INFO - configure_fit: strategy sampled 70 clients (out of 70)
2026-08-19 21:45:20,904 - INFO - aggregate_fit: received 70 results and 0 failures
2026-08-19 21:45:21,016 - INFO - [Round 8] 70/70 client tiep tuc model cuc bo (Algorithm 1 dong 10)
2026-08-19 21:45:37,788 - INFO - [Round 8] data-free KD 30 vong: gen_loss=15.5225 stu_loss=1.9912 (CE 0.7011)
2026-08-19 21:45:37,830 - INFO - [Round 68] luu checkpoint -> out_1percent/checkpoints/round_068.pth
2026-08-19 21:53:30,833 - INFO - [Round 68] loss=1.2185 acc=0.3591 | micro P/R/F1=0.3591/0.3591/0.3591 | macro P/R/F1=0.1106/0.1333/0.0593 | weighted P/R/F1=0.9871/0.3591/0.5263
2026-08-19 21:53:30,835 - INFO - fit progress: (8, 1.2184530128421882, {'accuracy': 0.3591161548675042, 'micro_precision': 0.3591161548675042, 'micro_recall': 0.3591161548675042, 'micro_f1': 0.3591161548675042, 'macro_precision': 0.11063378967555426, 'macro_recall': 0.13326341217983756, 'macro_f1': 0.05927228178154956, 'weighted_precision': 0.9871355227942585, 'weighted_recall': 0.3591161548675042, 'weighted_f1': 0.5263134891965622}, 3976.7725946400005)
2026-08-19 21:53:30,835 - INFO - configure_evaluate: no clients selected, skipping evaluation
2026-08-19 21:53:30,835 - INFO - 
2026-08-19 21:53:30,835 - INFO - [ROUND 9]
2026-08-19 21:53:30,835 - INFO - configure_fit: strategy sampled 70 clients (out of 70)
2026-08-19 21:53:32,291 - INFO - aggregate_fit: received 70 results and 0 failures
2026-08-19 21:53:32,409 - INFO - [Round 9] 70/70 client tiep tuc model cuc bo (Algorithm 1 dong 10)
2026-08-19 21:53:49,496 - INFO - [Round 9] data-free KD 30 vong: gen_loss=15.8199 stu_loss=1.7513 (CE 0.5091)
2026-08-19 21:53:49,544 - INFO - [Round 69] luu checkpoint -> out_1percent/checkpoints/round_069.pth
2026-08-19 22:01:42,621 - INFO - [Round 69] loss=1.2602 acc=0.4340 | micro P/R/F1=0.4340/0.4340/0.4340 | macro P/R/F1=0.1102/0.1318/0.0674 | weighted P/R/F1=0.9850/0.4340/0.6024
2026-08-19 22:01:42,623 - INFO - fit progress: (9, 1.2601832280495309, {'accuracy': 0.43396403602118644, 'micro_precision': 0.43396403602118644, 'micro_recall': 0.43396403602118644, 'micro_f1': 0.43396403602118644, 'macro_precision': 0.11021998320199627, 'macro_recall': 0.13177533044912487, 'macro_f1': 0.0674411677371364, 'weighted_precision': 0.9849685020977019, 'weighted_recall': 0.43396403602118644, 'weighted_f1': 0.6023539506604224}, 4468.560400829998)
2026-08-19 22:01:42,623 - INFO - configure_evaluate: no clients selected, skipping evaluation
2026-08-19 22:01:42,623 - INFO - 
2026-08-19 22:01:42,623 - INFO - [ROUND 10]
2026-08-19 22:01:42,623 - INFO - configure_fit: strategy sampled 70 clients (out of 70)
2026-08-19 22:01:44,217 - INFO - aggregate_fit: received 70 results and 0 failures
2026-08-19 22:01:44,341 - INFO - [Round 10] 70/70 client tiep tuc model cuc bo (Algorithm 1 dong 10)
2026-08-19 22:02:01,624 - INFO - [Round 10] data-free KD 30 vong: gen_loss=16.4601 stu_loss=1.6199 (CE 0.4287)
2026-08-19 22:02:01,667 - INFO - [Round 70] luu checkpoint -> out_1percent/checkpoints/round_070.pth
2026-08-19 22:09:56,788 - INFO - [Round 70] loss=1.3125 acc=0.4132 | micro P/R/F1=0.4132/0.4132/0.4132 | macro P/R/F1=0.1102/0.1296/0.0652 | weighted P/R/F1=0.9852/0.4132/0.5821
2026-08-19 22:09:59,815 - INFO - Luu out_1percent/confusion_matrix_task2.csv
2026-08-19 22:09:59,816 - INFO - Luu out_1percent/confusion_matrix_task2_normalized.csv
2026-08-19 22:10:09,921 - INFO - Luu out_1percent/classification_report_task2.txt
               precision    recall  f1-score   support

       Benign     0.9920    0.4159    0.5861  41700592
          DoS     0.0000    0.0000    0.0000    145129
       double     0.0000    0.0000    0.0000     12413
force-neutral     0.0000    0.0000    0.0000      5744
      fuzzing     0.0000    0.0000    0.0000     67321
     interval     0.0000    0.0000    0.0000     40542
          rpm     0.0000    0.0000    0.0000      5043
rpm-accessory     0.0000    0.0000    0.0000      3146
        speed     0.0002    0.7504    0.0005      7471

     accuracy                         0.4132  41987401
    macro avg     0.1102    0.1296    0.0652  41987401
 weighted avg     0.9852    0.4132    0.5821  41987401

2026-08-19 22:10:10,273 - INFO - Luu out_1percent/confusion_matrix_task2.png
2026-08-19 22:10:10,275 - INFO - fit progress: (10, 1.3125379349461836, {'accuracy': 0.4131870176960941, 'micro_precision': 0.4131870176960941, 'micro_recall': 0.4131870176960941, 'micro_f1': 0.4131870176960941, 'macro_precision': 0.11024610513020407, 'macro_recall': 0.12958472193267778, 'macro_f1': 0.06517022015298442, 'weighted_precision': 0.9852101165975163, 'weighted_recall': 0.4131870176960941, 'weighted_f1': 0.5820712704097886}, 4976.212517896)
2026-08-19 22:10:10,275 - INFO - configure_evaluate: no clients selected, skipping evaluation
2026-08-19 22:10:10,275 - INFO - 
2026-08-19 22:10:10,275 - INFO - [ROUND 11]
2026-08-19 22:10:10,275 - INFO - configure_fit: strategy sampled 70 clients (out of 70)
2026-08-19 22:10:11,743 - INFO - aggregate_fit: received 70 results and 0 failures
2026-08-19 22:10:11,854 - INFO - [Round 11] 70/70 client tiep tuc model cuc bo (Algorithm 1 dong 10)
2026-08-19 22:10:28,704 - INFO - [Round 11] data-free KD 30 vong: gen_loss=16.9189 stu_loss=1.5233 (CE 0.3767)
2026-08-19 22:10:28,751 - INFO - [Round 71] luu checkpoint -> out_1percent/checkpoints/round_071.pth
2026-08-19 22:18:24,761 - INFO - [Round 71] loss=1.4281 acc=0.3417 | micro P/R/F1=0.3417/0.3417/0.3417 | macro P/R/F1=0.1103/0.1314/0.0568 | weighted P/R/F1=0.9856/0.3417/0.5073
2026-08-19 22:18:24,762 - INFO - fit progress: (11, 1.4281056166602255, {'accuracy': 0.3416983346980681, 'micro_precision': 0.3416983346980681, 'micro_recall': 0.3416983346980681, 'micro_f1': 0.3416983346980681, 'macro_precision': 0.1102936162755595, 'macro_recall': 0.1313711372139157, 'macro_f1': 0.05680532547100873, 'weighted_precision': 0.985636088079803, 'weighted_recall': 0.3416983346980681, 'weighted_f1': 0.5073040393293162}, 5470.700281702999)
2026-08-19 22:18:24,763 - INFO - configure_evaluate: no clients selected, skipping evaluation
2026-08-19 22:18:24,763 - INFO - 
2026-08-19 22:18:24,763 - INFO - [ROUND 12]
2026-08-19 22:18:24,763 - INFO - configure_fit: strategy sampled 70 clients (out of 70)
2026-08-19 22:18:26,271 - INFO - aggregate_fit: received 70 results and 0 failures
2026-08-19 22:18:26,389 - INFO - [Round 12] 70/70 client tiep tuc model cuc bo (Algorithm 1 dong 10)
2026-08-19 22:18:43,171 - INFO - [Round 12] data-free KD 30 vong: gen_loss=16.9674 stu_loss=1.4565 (CE 0.3515)
2026-08-19 22:18:43,218 - INFO - [Round 72] luu checkpoint -> out_1percent/checkpoints/round_072.pth
2026-08-19 22:26:38,568 - INFO - [Round 72] loss=1.5544 acc=0.0723 | micro P/R/F1=0.0723/0.0723/0.0723 | macro P/R/F1=0.1106/0.1232/0.0153 | weighted P/R/F1=0.9872/0.0723/0.1339
2026-08-19 22:26:38,570 - INFO - fit progress: (12, 1.554421359650066, {'accuracy': 0.07234529710471958, 'micro_precision': 0.07234529710471958, 'micro_recall': 0.07234529710471958, 'micro_f1': 0.07234529710471958, 'macro_precision': 0.11059637920211068, 'macro_recall': 0.12315735502086629, 'macro_f1': 0.015288813135178016, 'weighted_precision': 0.987170916893562, 'weighted_recall': 0.07234529710471958, 'weighted_f1': 0.133875743287802}, 5964.507366592998)
2026-08-19 22:26:38,570 - INFO - configure_evaluate: no clients selected, skipping evaluation
2026-08-19 22:26:38,570 - INFO - 
2026-08-19 22:26:38,570 - INFO - [ROUND 13]
2026-08-19 22:26:38,570 - INFO - configure_fit: strategy sampled 70 clients (out of 70)
2026-08-19 22:26:40,043 - INFO - aggregate_fit: received 70 results and 0 failures
2026-08-19 22:26:40,160 - INFO - [Round 13] 70/70 client tiep tuc model cuc bo (Algorithm 1 dong 10)
2026-08-19 22:26:57,082 - INFO - [Round 13] data-free KD 30 vong: gen_loss=17.0184 stu_loss=1.4428 (CE 0.3390)
2026-08-19 22:26:57,126 - INFO - [Round 73] luu checkpoint -> out_1percent/checkpoints/round_073.pth
2026-08-19 22:34:50,042 - INFO - [Round 73] loss=1.7172 acc=0.2116 | micro P/R/F1=0.2116/0.2116/0.2116 | macro P/R/F1=0.1100/0.1168/0.0390 | weighted P/R/F1=0.9830/0.2116/0.3481
2026-08-19 22:34:50,043 - INFO - fit progress: (13, 1.7172316255923912, {'accuracy': 0.21163872467362294, 'micro_precision': 0.21163872467362294, 'micro_recall': 0.21163872467362294, 'micro_f1': 0.21163872467362294, 'macro_precision': 0.10999288083062603, 'macro_recall': 0.1168206776478314, 'macro_f1': 0.03898459353832405, 'weighted_precision': 0.9829854394423294, 'weighted_recall': 0.21163872467362294, 'weighted_f1': 0.3480879527297341}, 6455.9809063699995)
2026-08-19 22:34:50,043 - INFO - configure_evaluate: no clients selected, skipping evaluation
2026-08-19 22:34:50,043 - INFO - 
2026-08-19 22:34:50,044 - INFO - [ROUND 14]
2026-08-19 22:34:50,044 - INFO - configure_fit: strategy sampled 70 clients (out of 70)
2026-08-19 22:34:51,523 - INFO - aggregate_fit: received 70 results and 0 failures
2026-08-19 22:34:51,639 - INFO - [Round 14] 70/70 client tiep tuc model cuc bo (Algorithm 1 dong 10)
2026-08-19 22:35:09,033 - INFO - [Round 14] data-free KD 30 vong: gen_loss=17.0863 stu_loss=1.4206 (CE 0.3320)
2026-08-19 22:35:09,078 - INFO - [Round 74] luu checkpoint -> out_1percent/checkpoints/round_074.pth
2026-08-19 22:43:02,966 - INFO - [Round 74] loss=1.5911 acc=0.2845 | micro P/R/F1=0.2845/0.2845/0.2845 | macro P/R/F1=0.1107/0.1339/0.0498 | weighted P/R/F1=0.9876/0.2845/0.4414
2026-08-19 22:43:02,968 - INFO - fit progress: (14, 1.5911306254910953, {'accuracy': 0.28445797347637686, 'micro_precision': 0.28445797347637686, 'micro_recall': 0.28445797347637686, 'micro_f1': 0.28445797347637686, 'macro_precision': 0.11072236663927143, 'macro_recall': 0.13385395456847357, 'macro_f1': 0.04983602617789227, 'weighted_precision': 0.9876045791421523, 'weighted_recall': 0.28445797347637686, 'weighted_f1': 0.4413661457009381}, 6948.905420716999)
2026-08-19 22:43:02,968 - INFO - configure_evaluate: no clients selected, skipping evaluation
2026-08-19 22:43:02,968 - INFO - 
2026-08-19 22:43:02,968 - INFO - [ROUND 15]
2026-08-19 22:43:02,968 - INFO - configure_fit: strategy sampled 70 clients (out of 70)
2026-08-19 22:43:04,435 - INFO - aggregate_fit: received 70 results and 0 failures
2026-08-19 22:43:04,555 - INFO - [Round 15] 70/70 client tiep tuc model cuc bo (Algorithm 1 dong 10)
2026-08-19 22:43:21,355 - INFO - [Round 15] data-free KD 30 vong: gen_loss=17.2967 stu_loss=1.4066 (CE 0.3276)
2026-08-19 22:43:21,397 - INFO - [Round 75] luu checkpoint -> out_1percent/checkpoints/round_075.pth
2026-08-19 22:51:18,281 - INFO - [Round 75] loss=1.5980 acc=0.1317 | micro P/R/F1=0.1317/0.1317/0.1317 | macro P/R/F1=0.1109/0.1284/0.0262 | weighted P/R/F1=0.9895/0.1317/0.2317
2026-08-19 22:51:21,349 - INFO - Luu out_1percent/confusion_matrix_task2.csv
2026-08-19 22:51:21,350 - INFO - Luu out_1percent/confusion_matrix_task2_normalized.csv
2026-08-19 22:51:31,250 - INFO - Luu out_1percent/classification_report_task2.txt
               precision    recall  f1-score   support

       Benign     0.9963    0.1321    0.2333  41700592
          DoS     0.0000    0.0000    0.0000    145129
       double     0.0000    0.0000    0.0000     12413
force-neutral     0.0000    0.0000    0.0000      5744
      fuzzing     0.0011    0.1969    0.0023     67321
     interval     0.0000    0.0000    0.0000     40542
          rpm     0.0000    0.0000    0.0000      5043
rpm-accessory     0.0000    0.0000    0.0000      3146
        speed     0.0002    0.8269    0.0005      7471

     accuracy                         0.1317  41987401
    macro avg     0.1109    0.1284    0.0262  41987401
 weighted avg     0.9895    0.1317    0.2317  41987401

2026-08-19 22:51:31,605 - INFO - Luu out_1percent/confusion_matrix_task2.png
2026-08-19 22:51:31,606 - INFO - fit progress: (15, 1.59803483136374, {'accuracy': 0.1316827874152058, 'micro_precision': 0.1316827874152058, 'micro_recall': 0.1316827874152058, 'micro_f1': 0.1316827874152058, 'macro_precision': 0.11085028294299523, 'macro_recall': 0.12844171383159572, 'macro_f1': 0.026228254057470167, 'weighted_precision': 0.9894676993188647, 'weighted_recall': 0.1316827874152058, 'weighted_f1': 0.231714716577734}, 7457.543784203999)
2026-08-19 22:51:31,606 - INFO - configure_evaluate: no clients selected, skipping evaluation
2026-08-19 22:51:31,606 - INFO - 
2026-08-19 22:51:31,606 - INFO - [ROUND 16]
2026-08-19 22:51:31,607 - INFO - configure_fit: strategy sampled 70 clients (out of 70)
2026-08-19 22:51:33,058 - INFO - aggregate_fit: received 70 results and 0 failures
2026-08-19 22:51:33,171 - INFO - [Round 16] 70/70 client tiep tuc model cuc bo (Algorithm 1 dong 10)
2026-08-19 22:51:50,103 - INFO - [Round 16] data-free KD 30 vong: gen_loss=17.5904 stu_loss=1.3899 (CE 0.3242)
2026-08-19 22:51:50,146 - INFO - [Round 76] luu checkpoint -> out_1percent/checkpoints/round_076.pth
2026-08-19 22:59:44,790 - INFO - [Round 76] loss=1.5598 acc=0.3558 | micro P/R/F1=0.3558/0.3558/0.3558 | macro P/R/F1=0.1105/0.1362/0.0588 | weighted P/R/F1=0.9863/0.3558/0.5227
2026-08-19 22:59:44,792 - INFO - fit progress: (16, 1.5597894548404603, {'accuracy': 0.35578591778043134, 'micro_precision': 0.35578591778043134, 'micro_recall': 0.35578591778043134, 'micro_f1': 0.35578591778043134, 'macro_precision': 0.11050208444327192, 'macro_recall': 0.13618496482070008, 'macro_f1': 0.05879439624438601, 'weighted_precision': 0.9862709707343622, 'weighted_recall': 0.35578591778043134, 'weighted_f1': 0.5227216372404505}, 7950.7296432269995)
2026-08-19 22:59:44,792 - INFO - configure_evaluate: no clients selected, skipping evaluation
2026-08-19 22:59:44,792 - INFO - 
2026-08-19 22:59:44,792 - INFO - [ROUND 17]
2026-08-19 22:59:44,793 - INFO - configure_fit: strategy sampled 70 clients (out of 70)
2026-08-19 22:59:46,241 - INFO - aggregate_fit: received 70 results and 0 failures
2026-08-19 22:59:46,353 - INFO - [Round 17] 70/70 client tiep tuc model cuc bo (Algorithm 1 dong 10)
2026-08-19 23:00:03,132 - INFO - [Round 17] data-free KD 30 vong: gen_loss=18.0870 stu_loss=1.3930 (CE 0.3237)
2026-08-19 23:00:03,175 - INFO - [Round 77] luu checkpoint -> out_1percent/checkpoints/round_077.pth
2026-08-19 23:07:56,290 - INFO - [Round 77] loss=1.4348 acc=0.4386 | micro P/R/F1=0.4386/0.4386/0.4386 | macro P/R/F1=0.1104/0.1359/0.0680 | weighted P/R/F1=0.9861/0.4386/0.6070
2026-08-19 23:07:56,292 - INFO - fit progress: (17, 1.4348168142969207, {'accuracy': 0.4385929007608735, 'micro_precision': 0.4385929007608735, 'micro_recall': 0.4385929007608735, 'micro_f1': 0.4385929007608735, 'macro_precision': 0.1103505888554317, 'macro_recall': 0.1359213823569425, 'macro_f1': 0.06796529392818065, 'weighted_precision': 0.9861238439043116, 'weighted_recall': 0.4385929007608735, 'weighted_f1': 0.6070147136775125}, 8442.229697353001)
2026-08-19 23:07:56,292 - INFO - configure_evaluate: no clients selected, skipping evaluation
2026-08-19 23:07:56,292 - INFO - 
2026-08-19 23:07:56,292 - INFO - [ROUND 18]
2026-08-19 23:07:56,293 - INFO - configure_fit: strategy sampled 70 clients (out of 70)
2026-08-19 23:07:57,741 - INFO - aggregate_fit: received 70 results and 0 failures
2026-08-19 23:07:57,850 - INFO - [Round 18] 70/70 client tiep tuc model cuc bo (Algorithm 1 dong 10)
2026-08-19 23:08:14,659 - INFO - [Round 18] data-free KD 30 vong: gen_loss=18.3990 stu_loss=1.3911 (CE 0.3234)
2026-08-19 23:08:14,704 - INFO - [Round 78] luu checkpoint -> out_1percent/checkpoints/round_078.pth
2026-08-19 23:16:07,713 - INFO - [Round 78] loss=1.3570 acc=0.5247 | micro P/R/F1=0.5247/0.5247/0.5247 | macro P/R/F1=0.1103/0.1394/0.0767 | weighted P/R/F1=0.9860/0.5247/0.6848
2026-08-19 23:16:07,714 - INFO - fit progress: (18, 1.3570414644464053, {'accuracy': 0.5247011121264686, 'micro_precision': 0.5247011121264686, 'micro_recall': 0.5247011121264686, 'micro_f1': 0.5247011121264686, 'macro_precision': 0.11034366933425709, 'macro_recall': 0.1393838579462634, 'macro_f1': 0.076675280132133, 'weighted_precision': 0.9860372867686917, 'weighted_recall': 0.5247011121264686, 'weighted_f1': 0.6848197551634053}, 8933.651742279)
2026-08-19 23:16:07,714 - INFO - configure_evaluate: no clients selected, skipping evaluation
2026-08-19 23:16:07,714 - INFO - 
2026-08-19 23:16:07,714 - INFO - [ROUND 19]
2026-08-19 23:16:07,715 - INFO - configure_fit: strategy sampled 70 clients (out of 70)
2026-08-19 23:16:09,168 - INFO - aggregate_fit: received 70 results and 0 failures
2026-08-19 23:16:09,292 - INFO - [Round 19] 70/70 client tiep tuc model cuc bo (Algorithm 1 dong 10)
2026-08-19 23:16:26,465 - INFO - [Round 19] data-free KD 30 vong: gen_loss=19.1123 stu_loss=1.4023 (CE 0.3233)
2026-08-19 23:16:26,508 - INFO - [Round 79] luu checkpoint -> out_1percent/checkpoints/round_079.pth
2026-08-19 23:24:18,865 - INFO - [Round 79] loss=1.2858 acc=0.5155 | micro P/R/F1=0.5155/0.5155/0.5155 | macro P/R/F1=0.1103/0.1384/0.0758 | weighted P/R/F1=0.9860/0.5155/0.6769
2026-08-19 23:24:18,867 - INFO - fit progress: (19, 1.285808758803803, {'accuracy': 0.5155279794526935, 'micro_precision': 0.5155279794526935, 'micro_recall': 0.5155279794526935, 'micro_f1': 0.5155279794526935, 'macro_precision': 0.11033732026838945, 'macro_recall': 0.13844682879794148, 'macro_f1': 0.07579294798866225, 'weighted_precision': 0.9859854531220382, 'weighted_recall': 0.5155279794526934, 'weighted_f1': 0.6769428371325112}, 9424.804437346998)
2026-08-19 23:24:18,867 - INFO - configure_evaluate: no clients selected, skipping evaluation
2026-08-19 23:24:18,867 - INFO - 
2026-08-19 23:24:18,867 - INFO - [ROUND 20]
2026-08-19 23:24:18,867 - INFO - configure_fit: strategy sampled 70 clients (out of 70)
2026-08-19 23:24:20,309 - INFO - aggregate_fit: received 70 results and 0 failures
2026-08-19 23:24:20,419 - INFO - [Round 20] 70/70 client tiep tuc model cuc bo (Algorithm 1 dong 10)
2026-08-19 23:24:37,161 - INFO - [Round 20] data-free KD 30 vong: gen_loss=19.6493 stu_loss=1.3956 (CE 0.3228)
2026-08-19 23:24:37,203 - INFO - [Round 80] luu checkpoint -> out_1percent/checkpoints/round_080.pth
2026-08-19 23:32:28,471 - INFO - [Round 80] loss=1.3389 acc=0.4874 | micro P/R/F1=0.4874/0.4874/0.4874 | macro P/R/F1=0.1104/0.1382/0.0730 | weighted P/R/F1=0.9861/0.4874/0.6523
2026-08-19 23:32:31,473 - INFO - Luu out_1percent/confusion_matrix_task2.csv
2026-08-19 23:32:31,473 - INFO - Luu out_1percent/confusion_matrix_task2_normalized.csv
2026-08-19 23:32:41,708 - INFO - Luu out_1percent/classification_report_task2.txt
               precision    recall  f1-score   support

       Benign     0.9929    0.4906    0.6567  41700592
          DoS     0.0000    0.0000    0.0000    145129
       double     0.0000    0.0000    0.0000     12413
force-neutral     0.0000    0.0000    0.0000      5744
      fuzzing     0.0000    0.0000    0.0000     67321
     interval     0.0000    0.0000    0.0000     40542
          rpm     0.0000    0.0000    0.0000      5043
rpm-accessory     0.0000    0.0000    0.0000      3146
        speed     0.0003    0.7529    0.0005      7471

     accuracy                         0.4874  41987401
    macro avg     0.1104    0.1382    0.0730  41987401
 weighted avg     0.9861    0.4874    0.6523  41987401

2026-08-19 23:32:42,058 - INFO - Luu out_1percent/confusion_matrix_task2.png
2026-08-19 23:32:42,060 - INFO - fit progress: (20, 1.3388856827846423, {'accuracy': 0.4874205240757817, 'micro_precision': 0.4874205240757817, 'micro_recall': 0.4874205240757817, 'micro_f1': 0.4874205240757817, 'macro_precision': 0.11035263117179636, 'macro_recall': 0.13817214216186172, 'macro_f1': 0.0730305761035087, 'weighted_precision': 0.9861282401971527, 'weighted_recall': 0.4874205240757817, 'weighted_f1': 0.6522631592043111}, 9927.997576511001)
2026-08-19 23:32:42,060 - INFO - configure_evaluate: no clients selected, skipping evaluation
2026-08-19 23:32:42,060 - INFO - 
2026-08-19 23:32:42,060 - INFO - [ROUND 21]
2026-08-19 23:32:42,060 - INFO - configure_fit: strategy sampled 70 clients (out of 70)
2026-08-19 23:32:43,564 - INFO - aggregate_fit: received 70 results and 0 failures
2026-08-19 23:32:43,677 - INFO - [Round 21] 70/70 client tiep tuc model cuc bo (Algorithm 1 dong 10)
2026-08-19 23:33:00,484 - INFO - [Round 21] data-free KD 30 vong: gen_loss=20.1703 stu_loss=1.3955 (CE 0.3234)
2026-08-19 23:33:00,527 - INFO - [Round 81] luu checkpoint -> out_1percent/checkpoints/round_081.pth
2026-08-19 23:40:55,901 - INFO - [Round 81] loss=1.4602 acc=0.4486 | micro P/R/F1=0.4486/0.4486/0.4486 | macro P/R/F1=0.1103/0.1362/0.0690 | weighted P/R/F1=0.9861/0.4486/0.6165
2026-08-19 23:40:55,903 - INFO - fit progress: (21, 1.4602435242663405, {'accuracy': 0.4485945200561473, 'micro_precision': 0.4485945200561473, 'micro_recall': 0.4485945200561473, 'micro_f1': 0.4485945200561473, 'macro_precision': 0.11034414177000128, 'macro_recall': 0.13622248553059996, 'macro_f1': 0.0690294591309119, 'weighted_precision': 0.9860640312240944, 'weighted_recall': 0.4485945200561473, 'weighted_f1': 0.6165224120679316}, 10421.840409133)
2026-08-19 23:40:55,903 - INFO - configure_evaluate: no clients selected, skipping evaluation
2026-08-19 23:40:55,903 - INFO - 
2026-08-19 23:40:55,903 - INFO - [ROUND 22]
2026-08-19 23:40:55,903 - INFO - configure_fit: strategy sampled 70 clients (out of 70)
2026-08-19 23:40:57,409 - INFO - aggregate_fit: received 70 results and 0 failures
2026-08-19 23:40:57,521 - INFO - [Round 22] 70/70 client tiep tuc model cuc bo (Algorithm 1 dong 10)
2026-08-19 23:41:14,623 - INFO - [Round 22] data-free KD 30 vong: gen_loss=20.4199 stu_loss=1.3946 (CE 0.3231)
2026-08-19 23:41:14,668 - INFO - [Round 82] luu checkpoint -> out_1percent/checkpoints/round_082.pth
2026-08-19 23:49:10,665 - INFO - [Round 82] loss=1.4713 acc=0.3952 | micro P/R/F1=0.3952/0.3952/0.3952 | macro P/R/F1=0.1103/0.1332/0.0632 | weighted P/R/F1=0.9861/0.3952/0.5641
2026-08-19 23:49:10,666 - INFO - fit progress: (22, 1.4713112196565523, {'accuracy': 0.3951517980357965, 'micro_precision': 0.3951517980357965, 'micro_recall': 0.3951517980357965, 'micro_f1': 0.3951517980357965, 'macro_precision': 0.11034511121618482, 'macro_recall': 0.13317288663808935, 'macro_f1': 0.06315744253421779, 'weighted_precision': 0.986087274074199, 'weighted_recall': 0.39515179803579653, 'weighted_f1': 0.5640643914563819}, 10916.603666635)
2026-08-19 23:49:10,666 - INFO - configure_evaluate: no clients selected, skipping evaluation
2026-08-19 23:49:10,666 - INFO - 
2026-08-19 23:49:10,666 - INFO - [ROUND 23]
2026-08-19 23:49:10,667 - INFO - configure_fit: strategy sampled 70 clients (out of 70)
2026-08-19 23:49:12,106 - INFO - aggregate_fit: received 70 results and 0 failures
2026-08-19 23:49:12,220 - INFO - [Round 23] 70/70 client tiep tuc model cuc bo (Algorithm 1 dong 10)
2026-08-19 23:49:29,281 - INFO - [Round 23] data-free KD 30 vong: gen_loss=21.0676 stu_loss=1.3909 (CE 0.3222)
2026-08-19 23:49:29,323 - INFO - [Round 83] luu checkpoint -> out_1percent/checkpoints/round_083.pth
2026-08-19 23:57:24,277 - INFO - [Round 83] loss=1.5460 acc=0.3957 | micro P/R/F1=0.3957/0.3957/0.3957 | macro P/R/F1=0.1103/0.1332/0.0632 | weighted P/R/F1=0.9860/0.3957/0.5646
2026-08-19 23:57:24,279 - INFO - fit progress: (23, 1.5460448541846836, {'accuracy': 0.39569712828855497, 'micro_precision': 0.39569712828855497, 'micro_recall': 0.39569712828855497, 'micro_f1': 0.39569712828855497, 'macro_precision': 0.11034086989468816, 'macro_recall': 0.13320415631749424, 'macro_f1': 0.06321895956115008, 'weighted_precision': 0.9860492209880677, 'weighted_recall': 0.39569712828855497, 'weighted_f1': 0.5646139791220296}, 11410.216624348)
2026-08-19 23:57:24,279 - INFO - configure_evaluate: no clients selected, skipping evaluation
2026-08-19 23:57:24,279 - INFO - 
2026-08-19 23:57:24,279 - INFO - [ROUND 24]
2026-08-19 23:57:24,279 - INFO - configure_fit: strategy sampled 70 clients (out of 70)
2026-08-19 23:57:25,759 - INFO - aggregate_fit: received 70 results and 0 failures
2026-08-19 23:57:25,873 - INFO - [Round 24] 70/70 client tiep tuc model cuc bo (Algorithm 1 dong 10)
2026-08-19 23:57:42,757 - INFO - [Round 24] data-free KD 30 vong: gen_loss=21.2654 stu_loss=1.3977 (CE 0.3235)
2026-08-19 23:57:42,800 - INFO - [Round 84] luu checkpoint -> out_1percent/checkpoints/round_084.pth
2026-08-20 00:05:36,109 - INFO - [Round 84] loss=1.5305 acc=0.4011 | micro P/R/F1=0.4011/0.4011/0.4011 | macro P/R/F1=0.1103/0.1331/0.0638 | weighted P/R/F1=0.9860/0.4011/0.5701
2026-08-20 00:05:36,111 - INFO - fit progress: (24, 1.5304559556324533, {'accuracy': 0.40114571511582725, 'micro_precision': 0.40114571511582725, 'micro_recall': 0.40114571511582725, 'micro_f1': 0.40114571511582725, 'macro_precision': 0.11033540958946249, 'macro_recall': 0.13311484481219457, 'macro_f1': 0.06383677795054252, 'weighted_precision': 0.9860001055598683, 'weighted_recall': 0.40114571511582725, 'weighted_f1': 0.5701357474228318}, 11902.048679482)
2026-08-20 00:05:36,111 - INFO - configure_evaluate: no clients selected, skipping evaluation
2026-08-20 00:05:36,111 - INFO - 
2026-08-20 00:05:36,111 - INFO - [ROUND 25]
2026-08-20 00:05:36,112 - INFO - configure_fit: strategy sampled 70 clients (out of 70)
2026-08-20 00:05:37,582 - INFO - aggregate_fit: received 70 results and 0 failures
2026-08-20 00:05:37,695 - INFO - [Round 25] 70/70 client tiep tuc model cuc bo (Algorithm 1 dong 10)
2026-08-20 00:05:54,516 - INFO - [Round 25] data-free KD 30 vong: gen_loss=21.6852 stu_loss=1.4015 (CE 0.3236)
2026-08-20 00:05:54,560 - INFO - [Round 85] luu checkpoint -> out_1percent/checkpoints/round_085.pth
2026-08-20 00:13:47,565 - INFO - [Round 85] loss=1.6142 acc=0.3542 | micro P/R/F1=0.3542/0.3542/0.3542 | macro P/R/F1=0.1103/0.1328/0.0583 | weighted P/R/F1=0.9858/0.3542/0.5210
2026-08-20 00:13:50,831 - INFO - Luu out_1percent/confusion_matrix_task2.csv
2026-08-20 00:13:50,832 - INFO - Luu out_1percent/confusion_matrix_task2_normalized.csv
2026-08-20 00:14:01,256 - INFO - Luu out_1percent/classification_report_task2.txt
               precision    recall  f1-score   support

       Benign     0.9926    0.3565    0.5246  41700592
          DoS     0.0000    0.0000    0.0000    145129
       double     0.0000    0.0000    0.0000     12413
force-neutral     0.0000    0.0000    0.0000      5744
      fuzzing     0.0000    0.0000    0.0000     67321
     interval     0.0000    0.0000    0.0000     40542
          rpm     0.0000    0.0000    0.0000      5043
rpm-accessory     0.0000    0.0000    0.0000      3146
        speed     0.0002    0.8384    0.0005      7471

     accuracy                         0.3542  41987401
    macro avg     0.1103    0.1328    0.0583  41987401
 weighted avg     0.9858    0.3542    0.5210  41987401

2026-08-20 00:14:01,603 - INFO - Luu out_1percent/confusion_matrix_task2.png
2026-08-20 00:14:01,604 - INFO - fit progress: (25, 1.6141967692848251, {'accuracy': 0.35424836131200405, 'micro_precision': 0.35424836131200405, 'micro_recall': 0.35424836131200405, 'micro_f1': 0.35424836131200405, 'macro_precision': 0.11031497651695894, 'macro_recall': 0.13277517536815153, 'macro_f1': 0.058343462120326595, 'weighted_precision': 0.9858226001645524, 'weighted_recall': 0.35424836131200405, 'weighted_f1': 0.5210438793685818}, 12407.541390483)
2026-08-20 00:14:01,604 - INFO - configure_evaluate: no clients selected, skipping evaluation
2026-08-20 00:14:01,604 - INFO - 
2026-08-20 00:14:01,604 - INFO - [ROUND 26]
2026-08-20 00:14:01,604 - INFO - configure_fit: strategy sampled 70 clients (out of 70)
2026-08-20 00:14:03,045 - INFO - aggregate_fit: received 70 results and 0 failures
2026-08-20 00:14:03,160 - INFO - [Round 26] 70/70 client tiep tuc model cuc bo (Algorithm 1 dong 10)
2026-08-20 00:14:19,928 - INFO - [Round 26] data-free KD 30 vong: gen_loss=22.1881 stu_loss=1.4039 (CE 0.3236)
2026-08-20 00:14:19,970 - INFO - [Round 86] luu checkpoint -> out_1percent/checkpoints/round_086.pth
2026-08-20 00:22:13,122 - INFO - [Round 86] loss=1.6151 acc=0.3638 | micro P/R/F1=0.3638/0.3638/0.3638 | macro P/R/F1=0.1103/0.1338/0.0595 | weighted P/R/F1=0.9859/0.3638/0.5313
2026-08-20 00:22:13,124 - INFO - fit progress: (26, 1.61506997072549, {'accuracy': 0.3637897711268197, 'micro_precision': 0.3637897711268197, 'micro_recall': 0.3637897711268197, 'micro_f1': 0.3637897711268197, 'macro_precision': 0.11032961058888859, 'macro_recall': 0.13384262357661397, 'macro_f1': 0.0594937584495938, 'weighted_precision': 0.9859499309599834, 'weighted_recall': 0.3637897711268197, 'weighted_f1': 0.5313188804766629}, 12899.061327447)
2026-08-20 00:22:13,124 - INFO - configure_evaluate: no clients selected, skipping evaluation
2026-08-20 00:22:13,124 - INFO - 
2026-08-20 00:22:13,124 - INFO - [ROUND 27]
2026-08-20 00:22:13,124 - INFO - configure_fit: strategy sampled 70 clients (out of 70)
2026-08-20 00:22:14,626 - INFO - aggregate_fit: received 70 results and 0 failures
2026-08-20 00:22:14,737 - INFO - [Round 27] 70/70 client tiep tuc model cuc bo (Algorithm 1 dong 10)
2026-08-20 00:22:31,546 - INFO - [Round 27] data-free KD 30 vong: gen_loss=22.5721 stu_loss=1.4154 (CE 0.3265)
2026-08-20 00:22:31,590 - INFO - [Round 87] luu checkpoint -> out_1percent/checkpoints/round_087.pth
2026-08-20 00:30:27,070 - INFO - [Round 87] loss=1.5028 acc=0.4113 | micro P/R/F1=0.4113/0.4113/0.4113 | macro P/R/F1=0.1103/0.1338/0.0650 | weighted P/R/F1=0.9860/0.4113/0.5803
2026-08-20 00:30:27,072 - INFO - fit progress: (27, 1.50282230657806, {'accuracy': 0.41131690908899077, 'micro_precision': 0.41131690908899077, 'micro_recall': 0.41131690908899077, 'micro_f1': 0.41131690908899077, 'macro_precision': 0.11034034164385353, 'macro_recall': 0.13380666062164817, 'macro_f1': 0.06498002829150018, 'weighted_precision': 0.9860412913630918, 'weighted_recall': 0.41131690908899077, 'weighted_f1': 0.5803489215650721}, 13393.009505659998)
2026-08-20 00:30:27,072 - INFO - configure_evaluate: no clients selected, skipping evaluation
2026-08-20 00:30:27,072 - INFO - 
2026-08-20 00:30:27,072 - INFO - [ROUND 28]
2026-08-20 00:30:27,072 - INFO - configure_fit: strategy sampled 70 clients (out of 70)
2026-08-20 00:30:28,536 - INFO - aggregate_fit: received 70 results and 0 failures
2026-08-20 00:30:28,652 - INFO - [Round 28] 70/70 client tiep tuc model cuc bo (Algorithm 1 dong 10)
2026-08-20 00:30:45,520 - INFO - [Round 28] data-free KD 30 vong: gen_loss=22.8556 stu_loss=1.4122 (CE 0.3261)
2026-08-20 00:30:45,564 - INFO - [Round 88] luu checkpoint -> out_1percent/checkpoints/round_088.pth
2026-08-20 00:38:40,974 - INFO - [Round 88] loss=1.6431 acc=0.3542 | micro P/R/F1=0.3542/0.3542/0.3542 | macro P/R/F1=0.1103/0.1328/0.0583 | weighted P/R/F1=0.9858/0.3542/0.5210
2026-08-20 00:38:40,975 - INFO - fit progress: (28, 1.6430506055069696, {'accuracy': 0.3541687660067362, 'micro_precision': 0.3541687660067362, 'micro_recall': 0.3541687660067362, 'micro_f1': 0.3541687660067362, 'macro_precision': 0.11031635106180171, 'macro_recall': 0.13276627061846996, 'macro_f1': 0.0583340068735487, 'weighted_precision': 0.9858349168646119, 'weighted_recall': 0.3541687660067362, 'weighted_f1': 0.5209594239992771}, 13886.912829787)
2026-08-20 00:38:40,975 - INFO - configure_evaluate: no clients selected, skipping evaluation
2026-08-20 00:38:40,975 - INFO - 
2026-08-20 00:38:40,976 - INFO - [ROUND 29]
2026-08-20 00:38:40,976 - INFO - configure_fit: strategy sampled 70 clients (out of 70)
2026-08-20 00:38:42,452 - INFO - aggregate_fit: received 70 results and 0 failures
2026-08-20 00:38:42,566 - INFO - [Round 29] 70/70 client tiep tuc model cuc bo (Algorithm 1 dong 10)
2026-08-20 00:38:59,486 - INFO - [Round 29] data-free KD 30 vong: gen_loss=23.3824 stu_loss=1.4143 (CE 0.3253)
2026-08-20 00:38:59,529 - INFO - [Round 89] luu checkpoint -> out_1percent/checkpoints/round_089.pth
2026-08-20 00:46:55,495 - INFO - [Round 89] loss=1.5389 acc=0.3581 | micro P/R/F1=0.3581/0.3581/0.3581 | macro P/R/F1=0.1103/0.1332/0.0588 | weighted P/R/F1=0.9859/0.3581/0.5252
2026-08-20 00:46:55,497 - INFO - fit progress: (29, 1.5389442725212281, {'accuracy': 0.358107423700743, 'micro_precision': 0.358107423700743, 'micro_recall': 0.358107423700743, 'micro_f1': 0.358107423700743, 'macro_precision': 0.11032681976915693, 'macro_recall': 0.1332069091803611, 'macro_f1': 0.058811484285723976, 'weighted_precision': 0.9859270748221822, 'weighted_recall': 0.358107423700743, 'weighted_f1': 0.5252245345194729}, 14381.435216567)
2026-08-20 00:46:55,498 - INFO - configure_evaluate: no clients selected, skipping evaluation
2026-08-20 00:46:55,498 - INFO - 
2026-08-20 00:46:55,498 - INFO - [ROUND 30]
2026-08-20 00:46:55,498 - INFO - configure_fit: strategy sampled 70 clients (out of 70)
2026-08-20 00:46:57,007 - INFO - aggregate_fit: received 70 results and 0 failures
2026-08-20 00:46:57,126 - INFO - [Round 30] 70/70 client tiep tuc model cuc bo (Algorithm 1 dong 10)
2026-08-20 00:47:14,128 - INFO - [Round 30] data-free KD 30 vong: gen_loss=23.8498 stu_loss=1.4177 (CE 0.3262)
2026-08-20 00:47:14,170 - INFO - [Round 90] luu checkpoint -> out_1percent/checkpoints/round_090.pth
2026-08-20 00:55:07,622 - INFO - [Round 90] loss=1.5560 acc=0.3534 | micro P/R/F1=0.3534/0.3534/0.3534 | macro P/R/F1=0.1103/0.1327/0.0582 | weighted P/R/F1=0.9859/0.3534/0.5202
2026-08-20 00:55:10,588 - INFO - Luu out_1percent/confusion_matrix_task2.csv
2026-08-20 00:55:10,589 - INFO - Luu out_1percent/confusion_matrix_task2_normalized.csv
2026-08-20 00:55:20,595 - INFO - Luu out_1percent/classification_report_task2.txt
               precision    recall  f1-score   support

       Benign     0.9927    0.3557    0.5238  41700592
          DoS     0.0000    0.0000    0.0000    145129
       double     0.0000    0.0000    0.0000     12413
force-neutral     0.0000    0.0000    0.0000      5744
      fuzzing     0.0000    0.0000    0.0000     67321
     interval     0.0000    0.0000    0.0000     40542
          rpm     0.0000    0.0000    0.0000      5043
rpm-accessory     0.0000    0.0000    0.0000      3146
        speed     0.0002    0.8384    0.0005      7471

     accuracy                         0.3534  41987401
    macro avg     0.1103    0.1327    0.0582  41987401
 weighted avg     0.9859    0.3534    0.5202  41987401

2026-08-20 00:55:21,353 - INFO - Luu out_1percent/confusion_matrix_task2.png
2026-08-20 00:55:21,354 - INFO - fit progress: (30, 1.5559781634241252, {'accuracy': 0.35344909774243943, 'micro_precision': 0.35344909774243943, 'micro_recall': 0.35344909774243943, 'micro_f1': 0.35344909774243943, 'macro_precision': 0.11032212374330448, 'macro_recall': 0.13268575750622338, 'macro_f1': 0.05824753372386963, 'weighted_precision': 0.9858867820038499, 'weighted_recall': 0.35344909774243943, 'weighted_f1': 0.5201870133041305}, 14887.291834090998)
2026-08-20 00:55:21,354 - INFO - configure_evaluate: no clients selected, skipping evaluation
2026-08-20 00:55:21,355 - INFO - 
2026-08-20 00:55:21,355 - INFO - [SUMMARY]
2026-08-20 00:55:21,355 - INFO - Run finished 30 round(s) in 14887.29s
2026-08-20 00:55:21,361 - INFO - 	History (loss, centralized):
2026-08-20 00:55:21,361 - INFO - 		round 1: 1.5058428139212585
2026-08-20 00:55:21,361 - INFO - 		round 2: 1.5142527605984668
2026-08-20 00:55:21,361 - INFO - 		round 3: 1.3621481838906384
2026-08-20 00:55:21,361 - INFO - 		round 4: 1.1349202130738845
2026-08-20 00:55:21,361 - INFO - 		round 5: 0.9869156401513925
2026-08-20 00:55:21,361 - INFO - 		round 6: 0.894042358399833
2026-08-20 00:55:21,362 - INFO - 		round 7: 0.907492598328122
2026-08-20 00:55:21,362 - INFO - 		round 8: 1.2184530128421882
2026-08-20 00:55:21,362 - INFO - 		round 9: 1.2601832280495309
2026-08-20 00:55:21,362 - INFO - 		round 10: 1.3125379349461836
2026-08-20 00:55:21,362 - INFO - 		round 11: 1.4281056166602255
2026-08-20 00:55:21,362 - INFO - 		round 12: 1.554421359650066
2026-08-20 00:55:21,362 - INFO - 		round 13: 1.7172316255923912
2026-08-20 00:55:21,362 - INFO - 		round 14: 1.5911306254910953
2026-08-20 00:55:21,362 - INFO - 		round 15: 1.59803483136374
2026-08-20 00:55:21,362 - INFO - 		round 16: 1.5597894548404603
2026-08-20 00:55:21,362 - INFO - 		round 17: 1.4348168142969207
2026-08-20 00:55:21,362 - INFO - 		round 18: 1.3570414644464053
2026-08-20 00:55:21,362 - INFO - 		round 19: 1.285808758803803
2026-08-20 00:55:21,362 - INFO - 		round 20: 1.3388856827846423
2026-08-20 00:55:21,363 - INFO - 		round 21: 1.4602435242663405
2026-08-20 00:55:21,363 - INFO - 		round 22: 1.4713112196565523
2026-08-20 00:55:21,363 - INFO - 		round 23: 1.5460448541846836
2026-08-20 00:55:21,363 - INFO - 		round 24: 1.5304559556324533
2026-08-20 00:55:21,363 - INFO - 		round 25: 1.6141967692848251
2026-08-20 00:55:21,363 - INFO - 		round 26: 1.61506997072549
2026-08-20 00:55:21,363 - INFO - 		round 27: 1.50282230657806
2026-08-20 00:55:21,363 - INFO - 		round 28: 1.6430506055069696
2026-08-20 00:55:21,363 - INFO - 		round 29: 1.5389442725212281
2026-08-20 00:55:21,363 - INFO - 		round 30: 1.5559781634241252
2026-08-20 00:55:21,363 - INFO - 	History (metrics, distributed, fit):
2026-08-20 00:55:21,363 - INFO - 	{'gen_loss': [(1, 18.152956008911133),
2026-08-20 00:55:21,363 - INFO - 	              (2, 15.868514410654704),
2026-08-20 00:55:21,363 - INFO - 	              (3, 15.219939359029134),
2026-08-20 00:55:21,363 - INFO - 	              (4, 15.196659596761068),
2026-08-20 00:55:21,363 - INFO - 	              (5, 14.965723323822022),
2026-08-20 00:55:21,363 - INFO - 	              (6, 14.737131881713868),
2026-08-20 00:55:21,363 - INFO - 	              (7, 15.166057046254476),
2026-08-20 00:55:21,363 - INFO - 	              (8, 15.52248649597168),
2026-08-20 00:55:21,363 - INFO - 	              (9, 15.819860458374023),
2026-08-20 00:55:21,363 - INFO - 	              (10, 16.46006752649943),
2026-08-20 00:55:21,363 - INFO - 	              (11, 16.918916702270508),
2026-08-20 00:55:21,363 - INFO - 	              (12, 16.967370541890464),
2026-08-20 00:55:21,363 - INFO - 	              (13, 17.018378321329752),
2026-08-20 00:55:21,363 - INFO - 	              (14, 17.086296208699544),
2026-08-20 00:55:21,364 - INFO - 	              (15, 17.296661313374837),
2026-08-20 00:55:21,364 - INFO - 	              (16, 17.590373293558756),
2026-08-20 00:55:21,364 - INFO - 	              (17, 18.08698533376058),
2026-08-20 00:55:21,364 - INFO - 	              (18, 18.398958269755045),
2026-08-20 00:55:21,364 - INFO - 	              (19, 19.112281862894694),
2026-08-20 00:55:21,364 - INFO - 	              (20, 19.649278195699058),
2026-08-20 00:55:21,364 - INFO - 	              (21, 20.170314216613768),
2026-08-20 00:55:21,364 - INFO - 	              (22, 20.41988665262858),
2026-08-20 00:55:21,364 - INFO - 	              (23, 21.06756083170573),
2026-08-20 00:55:21,364 - INFO - 	              (24, 21.265433311462402),
2026-08-20 00:55:21,364 - INFO - 	              (25, 21.685194079081217),
2026-08-20 00:55:21,364 - INFO - 	              (26, 22.188104756673177),
2026-08-20 00:55:21,364 - INFO - 	              (27, 22.572133763631186),
2026-08-20 00:55:21,364 - INFO - 	              (28, 22.855619176228842),
2026-08-20 00:55:21,364 - INFO - 	              (29, 23.382416343688966),
2026-08-20 00:55:21,364 - INFO - 	              (30, 23.84975554148356)],
2026-08-20 00:55:21,365 - INFO - 	 'kd_loss_client': [(1, 7.235254251389277),
2026-08-20 00:55:21,365 - INFO - 	                    (2, 5.117276850200835),
2026-08-20 00:55:21,365 - INFO - 	                    (3, 6.549948612848918),
2026-08-20 00:55:21,365 - INFO - 	                    (4, 6.034611799603416),
2026-08-20 00:55:21,365 - INFO - 	                    (5, 7.450163911637807),
2026-08-20 00:55:21,365 - INFO - 	                    (6, 10.799136352539062),
2026-08-20 00:55:21,365 - INFO - 	                    (7, 14.299325289045061),
2026-08-20 00:55:21,365 - INFO - 	                    (8, 17.868486159188407),
2026-08-20 00:55:21,365 - INFO - 	                    (9, 21.030836296081542),
2026-08-20 00:55:21,365 - INFO - 	                    (10, 21.04512301853725),
2026-08-20 00:55:21,365 - INFO - 	                    (11, 20.76300038837251),
2026-08-20 00:55:21,365 - INFO - 	                    (12, 21.94021906171526),
2026-08-20 00:55:21,365 - INFO - 	                    (13, 19.45834807441348),
2026-08-20 00:55:21,366 - INFO - 	                    (14, 26.767437162853422),
2026-08-20 00:55:21,366 - INFO - 	                    (15, 21.40047331310454),
2026-08-20 00:55:21,366 - INFO - 	                    (16, 19.431938934326173),
2026-08-20 00:55:21,366 - INFO - 	                    (17, 19.654910132998513),
2026-08-20 00:55:21,366 - INFO - 	                    (18, 18.264176532200405),
2026-08-20 00:55:21,366 - INFO - 	                    (19, 16.095931802477157),
2026-08-20 00:55:21,366 - INFO - 	                    (20, 16.435781165531704),
2026-08-20 00:55:21,366 - INFO - 	                    (21, 16.976555020468577),
2026-08-20 00:55:21,366 - INFO - 	                    (22, 17.838503115517753),
2026-08-20 00:55:21,366 - INFO - 	                    (23, 18.817969735463464),
2026-08-20 00:55:21,366 - INFO - 	                    (24, 19.170955321902323),
2026-08-20 00:55:21,366 - INFO - 	                    (25, 19.453598544711156),
2026-08-20 00:55:21,366 - INFO - 	                    (26, 20.864936201913014),
2026-08-20 00:55:21,366 - INFO - 	                    (27, 20.461345895131426),
2026-08-20 00:55:21,366 - INFO - 	                    (28, 18.856134918757846),
2026-08-20 00:55:21,367 - INFO - 	                    (29, 21.220859005337672),
2026-08-20 00:55:21,367 - INFO - 	                    (30, 20.652481973738897)],
2026-08-20 00:55:21,367 - INFO - 	 'num_clients': [(1, 70),
2026-08-20 00:55:21,367 - INFO - 	                 (2, 70),
2026-08-20 00:55:21,367 - INFO - 	                 (3, 70),
2026-08-20 00:55:21,367 - INFO - 	                 (4, 70),
2026-08-20 00:55:21,367 - INFO - 	                 (5, 70),
2026-08-20 00:55:21,367 - INFO - 	                 (6, 70),
2026-08-20 00:55:21,367 - INFO - 	                 (7, 70),
2026-08-20 00:55:21,367 - INFO - 	                 (8, 70),
2026-08-20 00:55:21,367 - INFO - 	                 (9, 70),
2026-08-20 00:55:21,367 - INFO - 	                 (10, 70),
2026-08-20 00:55:21,368 - INFO - 	                 (11, 70),
2026-08-20 00:55:21,368 - INFO - 	                 (12, 70),
2026-08-20 00:55:21,368 - INFO - 	                 (13, 70),
2026-08-20 00:55:21,368 - INFO - 	                 (14, 70),
2026-08-20 00:55:21,368 - INFO - 	                 (15, 70),
2026-08-20 00:55:21,368 - INFO - 	                 (16, 70),
2026-08-20 00:55:21,368 - INFO - 	                 (17, 70),
2026-08-20 00:55:21,368 - INFO - 	                 (18, 70),
2026-08-20 00:55:21,368 - INFO - 	                 (19, 70),
2026-08-20 00:55:21,368 - INFO - 	                 (20, 70),
2026-08-20 00:55:21,368 - INFO - 	                 (21, 70),
2026-08-20 00:55:21,368 - INFO - 	                 (22, 70),
2026-08-20 00:55:21,368 - INFO - 	                 (23, 70),
2026-08-20 00:55:21,368 - INFO - 	                 (24, 70),
2026-08-20 00:55:21,369 - INFO - 	                 (25, 70),
2026-08-20 00:55:21,369 - INFO - 	                 (26, 70),
2026-08-20 00:55:21,369 - INFO - 	                 (27, 70),
2026-08-20 00:55:21,369 - INFO - 	                 (28, 70),
2026-08-20 00:55:21,369 - INFO - 	                 (29, 70),
2026-08-20 00:55:21,369 - INFO - 	                 (30, 70)],
2026-08-20 00:55:21,369 - INFO - 	 'resumed_local': [(1, 0),
2026-08-20 00:55:21,369 - INFO - 	                   (2, 70),
2026-08-20 00:55:21,369 - INFO - 	                   (3, 70),
2026-08-20 00:55:21,369 - INFO - 	                   (4, 70),
2026-08-20 00:55:21,369 - INFO - 	                   (5, 70),
2026-08-20 00:55:21,369 - INFO - 	                   (6, 70),
2026-08-20 00:55:21,369 - INFO - 	                   (7, 70),
2026-08-20 00:55:21,369 - INFO - 	                   (8, 70),
2026-08-20 00:55:21,369 - INFO - 	                   (9, 70),
2026-08-20 00:55:21,370 - INFO - 	                   (10, 70),
2026-08-20 00:55:21,370 - INFO - 	                   (11, 70),
2026-08-20 00:55:21,370 - INFO - 	                   (12, 70),
2026-08-20 00:55:21,370 - INFO - 	                   (13, 70),
2026-08-20 00:55:21,370 - INFO - 	                   (14, 70),
2026-08-20 00:55:21,370 - INFO - 	                   (15, 70),
2026-08-20 00:55:21,370 - INFO - 	                   (16, 70),
2026-08-20 00:55:21,370 - INFO - 	                   (17, 70),
2026-08-20 00:55:21,370 - INFO - 	                   (18, 70),
2026-08-20 00:55:21,370 - INFO - 	                   (19, 70),
2026-08-20 00:55:21,370 - INFO - 	                   (20, 70),
2026-08-20 00:55:21,370 - INFO - 	                   (21, 70),
2026-08-20 00:55:21,370 - INFO - 	                   (22, 70),
2026-08-20 00:55:21,370 - INFO - 	                   (23, 70),
2026-08-20 00:55:21,370 - INFO - 	                   (24, 70),
2026-08-20 00:55:21,371 - INFO - 	                   (25, 70),
2026-08-20 00:55:21,371 - INFO - 	                   (26, 70),
2026-08-20 00:55:21,371 - INFO - 	                   (27, 70),
2026-08-20 00:55:21,371 - INFO - 	                   (28, 70),
2026-08-20 00:55:21,371 - INFO - 	                   (29, 70),
2026-08-20 00:55:21,371 - INFO - 	                   (30, 70)],
2026-08-20 00:55:21,371 - INFO - 	 'stu_ce': [(1, 19.553783315022788),
2026-08-20 00:55:21,371 - INFO - 	            (2, 10.137240479787192),
2026-08-20 00:55:21,371 - INFO - 	            (3, 5.307970895767212),
2026-08-20 00:55:21,371 - INFO - 	            (4, 3.087575848897298),
2026-08-20 00:55:21,372 - INFO - 	            (5, 2.202180562814077),
2026-08-20 00:55:21,372 - INFO - 	            (6, 1.624905552069346),
2026-08-20 00:55:21,372 - INFO - 	            (7, 1.10253999431928),
2026-08-20 00:55:21,372 - INFO - 	            (8, 0.7010717944304148),
2026-08-20 00:55:21,372 - INFO - 	            (9, 0.5090886559089025),
2026-08-20 00:55:21,372 - INFO - 	            (10, 0.42869502822558087),
2026-08-20 00:55:21,372 - INFO - 	            (11, 0.37667174021402994),
2026-08-20 00:55:21,372 - INFO - 	            (12, 0.35148563762505847),
2026-08-20 00:55:21,372 - INFO - 	            (13, 0.3389955931901932),
2026-08-20 00:55:21,372 - INFO - 	            (14, 0.3319727569818497),
2026-08-20 00:55:21,372 - INFO - 	            (15, 0.32763827840487164),
2026-08-20 00:55:21,372 - INFO - 	            (16, 0.3242235598961512),
2026-08-20 00:55:21,372 - INFO - 	            (17, 0.3236815458536148),
2026-08-20 00:55:21,372 - INFO - 	            (18, 0.3234146211544673),
2026-08-20 00:55:21,373 - INFO - 	            (19, 0.32325130701065063),
2026-08-20 00:55:21,373 - INFO - 	            (20, 0.3228063573439916),
2026-08-20 00:55:21,373 - INFO - 	            (21, 0.323358732064565),
2026-08-20 00:55:21,373 - INFO - 	            (22, 0.32306892474492394),
2026-08-20 00:55:21,373 - INFO - 	            (23, 0.32223744293053946),
2026-08-20 00:55:21,373 - INFO - 	            (24, 0.32346819321314496),
2026-08-20 00:55:21,373 - INFO - 	            (25, 0.32359401762485507),
2026-08-20 00:55:21,373 - INFO - 	            (26, 0.32364599585533144),
2026-08-20 00:55:21,373 - INFO - 	            (27, 0.326453581849734),
2026-08-20 00:55:21,373 - INFO - 	            (28, 0.32611888031164804),
2026-08-20 00:55:21,373 - INFO - 	            (29, 0.3253217615683873),
2026-08-20 00:55:21,373 - INFO - 	            (30, 0.32619880735874174)],
2026-08-20 00:55:21,373 - INFO - 	 'stu_loss': [(1, 20.18336726506551),
2026-08-20 00:55:21,373 - INFO - 	              (2, 10.474245738983154),
2026-08-20 00:55:21,374 - INFO - 	              (3, 6.191740236282349),
2026-08-20 00:55:21,374 - INFO - 	              (4, 4.575391435623169),
2026-08-20 00:55:21,374 - INFO - 	              (5, 3.7523379453023273),
2026-08-20 00:55:21,374 - INFO - 	              (6, 3.0339286057154338),
2026-08-20 00:55:21,374 - INFO - 	              (7, 2.4316658624013265),
2026-08-20 00:55:21,374 - INFO - 	              (8, 1.9912429245313008),
2026-08-20 00:55:21,374 - INFO - 	              (9, 1.751285090446472),
2026-08-20 00:55:21,374 - INFO - 	              (10, 1.619884835879008),
2026-08-20 00:55:21,374 - INFO - 	              (11, 1.5233265765508015),
2026-08-20 00:55:21,374 - INFO - 	              (12, 1.4565442641576132),
2026-08-20 00:55:21,374 - INFO - 	              (13, 1.4427843117713928),
2026-08-20 00:55:21,374 - INFO - 	              (14, 1.4206489173571268),
2026-08-20 00:55:21,374 - INFO - 	              (15, 1.4066190648078918),
2026-08-20 00:55:21,374 - INFO - 	              (16, 1.3899205231666565),
2026-08-20 00:55:21,374 - INFO - 	              (17, 1.3929560764630635),
2026-08-20 00:55:21,374 - INFO - 	              (18, 1.3911221289634705),
2026-08-20 00:55:21,375 - INFO - 	              (19, 1.4022616545359294),
2026-08-20 00:55:21,375 - INFO - 	              (20, 1.3955717134475707),
2026-08-20 00:55:21,375 - INFO - 	              (21, 1.3955349644025168),
2026-08-20 00:55:21,375 - INFO - 	              (22, 1.3946482602755228),
2026-08-20 00:55:21,375 - INFO - 	              (23, 1.390880811214447),
2026-08-20 00:55:21,375 - INFO - 	              (24, 1.3976534001032512),
2026-08-20 00:55:21,375 - INFO - 	              (25, 1.4015359791119892),
2026-08-20 00:55:21,375 - INFO - 	              (26, 1.4038718565305075),
2026-08-20 00:55:21,375 - INFO - 	              (27, 1.4154342198371888),
2026-08-20 00:55:21,375 - INFO - 	              (28, 1.4122190658251446),
2026-08-20 00:55:21,375 - INFO - 	              (29, 1.4143351833025615),
2026-08-20 00:55:21,375 - INFO - 	              (30, 1.417703514099121)],
2026-08-20 00:55:21,375 - INFO - 	 'train_loss': [(1, 27.41742660703069),
2026-08-20 00:55:21,375 - INFO - 	                (2, 27.210551945185752),
2026-08-20 00:55:21,375 - INFO - 	                (3, 26.96955402468574),
2026-08-20 00:55:21,375 - INFO - 	                (4, 26.72241462310112),
2026-08-20 00:55:21,376 - INFO - 	                (5, 26.49856578586441),
2026-08-20 00:55:21,376 - INFO - 	                (6, 26.303703966159887),
2026-08-20 00:55:21,376 - INFO - 	                (7, 26.06466451899628),
2026-08-20 00:55:21,376 - INFO - 	                (8, 25.86078074964549),
2026-08-20 00:55:21,376 - INFO - 	                (9, 25.648476563098548),
2026-08-20 00:55:21,376 - INFO - 	                (10, 25.44479312931528),
2026-08-20 00:55:21,376 - INFO - 	                (11, 25.24965436398124),
2026-08-20 00:55:21,376 - INFO - 	                (12, 25.03813245832822),
2026-08-20 00:55:21,376 - INFO - 	                (13, 24.86054160684113),
2026-08-20 00:55:21,376 - INFO - 	                (14, 24.64059701260805),
2026-08-20 00:55:21,376 - INFO - 	                (15, 24.473229050162153),
2026-08-20 00:55:21,376 - INFO - 	                (16, 24.31938873963338),
2026-08-20 00:55:21,376 - INFO - 	                (17, 24.116571208008708),
2026-08-20 00:55:21,376 - INFO - 	                (18, 23.933050809570354),
2026-08-20 00:55:21,376 - INFO - 	                (19, 23.758788651416086),
2026-08-20 00:55:21,376 - INFO - 	                (20, 23.616788266666873),
2026-08-20 00:55:21,377 - INFO - 	                (21, 23.42098143862408),
2026-08-20 00:55:21,377 - INFO - 	                (22, 23.28975335886565),
2026-08-20 00:55:21,377 - INFO - 	                (23, 23.123962624624163),
2026-08-20 00:55:21,377 - INFO - 	                (24, 22.971414894771456),
2026-08-20 00:55:21,377 - INFO - 	                (25, 22.824667260664654),
2026-08-20 00:55:21,377 - INFO - 	                (26, 22.661983159571054),
2026-08-20 00:55:21,377 - INFO - 	                (27, 22.50007414975277),
2026-08-20 00:55:21,377 - INFO - 	                (28, 22.37048084455301),
2026-08-20 00:55:21,377 - INFO - 	                (29, 22.23859888665586),
2026-08-20 00:55:21,377 - INFO - 	                (30, 22.11144216509984)]}
2026-08-20 00:55:21,377 - INFO - 	History (metrics, centralized):
2026-08-20 00:55:21,377 - INFO - 	{'accuracy': [(1, 0.3990711404118583),
2026-08-20 00:55:21,377 - INFO - 	              (2, 0.09786419026031166),
2026-08-20 00:55:21,377 - INFO - 	              (3, 0.07874159679471468),
2026-08-20 00:55:21,377 - INFO - 	              (4, 0.08350593074336751),
2026-08-20 00:55:21,377 - INFO - 	              (5, 0.37620863934874177),
2026-08-20 00:55:21,378 - INFO - 	              (6, 0.672911190668839),
2026-08-20 00:55:21,378 - INFO - 	              (7, 0.8933967596613088),
2026-08-20 00:55:21,378 - INFO - 	              (8, 0.3591161548675042),
2026-08-20 00:55:21,378 - INFO - 	              (9, 0.43396403602118644),
2026-08-20 00:55:21,378 - INFO - 	              (10, 0.4131870176960941),
2026-08-20 00:55:21,378 - INFO - 	              (11, 0.3416983346980681),
2026-08-20 00:55:21,378 - INFO - 	              (12, 0.07234529710471958),
2026-08-20 00:55:21,378 - INFO - 	              (13, 0.21163872467362294),
2026-08-20 00:55:21,378 - INFO - 	              (14, 0.28445797347637686),
2026-08-20 00:55:21,378 - INFO - 	              (15, 0.1316827874152058),
2026-08-20 00:55:21,378 - INFO - 	              (16, 0.35578591778043134),
2026-08-20 00:55:21,378 - INFO - 	              (17, 0.4385929007608735),
2026-08-20 00:55:21,378 - INFO - 	              (18, 0.5247011121264686),
2026-08-20 00:55:21,378 - INFO - 	              (19, 0.5155279794526935),
2026-08-20 00:55:21,379 - INFO - 	              (20, 0.4874205240757817),
2026-08-20 00:55:21,379 - INFO - 	              (21, 0.4485945200561473),
2026-08-20 00:55:21,379 - INFO - 	              (22, 0.3951517980357965),
2026-08-20 00:55:21,379 - INFO - 	              (23, 0.39569712828855497),
2026-08-20 00:55:21,379 - INFO - 	              (24, 0.40114571511582725),
2026-08-20 00:55:21,379 - INFO - 	              (25, 0.35424836131200405),
2026-08-20 00:55:21,379 - INFO - 	              (26, 0.3637897711268197),
2026-08-20 00:55:21,379 - INFO - 	              (27, 0.41131690908899077),
2026-08-20 00:55:21,379 - INFO - 	              (28, 0.3541687660067362),
2026-08-20 00:55:21,379 - INFO - 	              (29, 0.358107423700743),
2026-08-20 00:55:21,380 - INFO - 	              (30, 0.35344909774243943)],
2026-08-20 00:55:21,380 - INFO - 	 'macro_f1': [(1, 0.06372480988975125),
2026-08-20 00:55:21,380 - INFO - 	              (2, 0.020014405289216605),
2026-08-20 00:55:21,380 - INFO - 	              (3, 0.016394315722883558),
2026-08-20 00:55:21,380 - INFO - 	              (4, 0.017306546125241302),
2026-08-20 00:55:21,380 - INFO - 	              (5, 0.06109418220226145),
2026-08-20 00:55:21,380 - INFO - 	              (6, 0.0897322895386172),
2026-08-20 00:55:21,380 - INFO - 	              (7, 0.10526752125159868),
2026-08-20 00:55:21,380 - INFO - 	              (8, 0.05927228178154956),
2026-08-20 00:55:21,380 - INFO - 	              (9, 0.0674411677371364),
2026-08-20 00:55:21,381 - INFO - 	              (10, 0.06517022015298442),
2026-08-20 00:55:21,381 - INFO - 	              (11, 0.05680532547100873),
2026-08-20 00:55:21,381 - INFO - 	              (12, 0.015288813135178016),
2026-08-20 00:55:21,381 - INFO - 	              (13, 0.03898459353832405),
2026-08-20 00:55:21,381 - INFO - 	              (14, 0.04983602617789227),
2026-08-20 00:55:21,381 - INFO - 	              (15, 0.026228254057470167),
2026-08-20 00:55:21,381 - INFO - 	              (16, 0.05879439624438601),
2026-08-20 00:55:21,381 - INFO - 	              (17, 0.06796529392818065),
2026-08-20 00:55:21,381 - INFO - 	              (18, 0.076675280132133),
2026-08-20 00:55:21,381 - INFO - 	              (19, 0.07579294798866225),
2026-08-20 00:55:21,381 - INFO - 	              (20, 0.0730305761035087),
2026-08-20 00:55:21,381 - INFO - 	              (21, 0.0690294591309119),
2026-08-20 00:55:21,381 - INFO - 	              (22, 0.06315744253421779),
2026-08-20 00:55:21,381 - INFO - 	              (23, 0.06321895956115008),
2026-08-20 00:55:21,382 - INFO - 	              (24, 0.06383677795054252),
2026-08-20 00:55:21,382 - INFO - 	              (25, 0.058343462120326595),
2026-08-20 00:55:21,382 - INFO - 	              (26, 0.0594937584495938),
2026-08-20 00:55:21,382 - INFO - 	              (27, 0.06498002829150018),
2026-08-20 00:55:21,382 - INFO - 	              (28, 0.0583340068735487),
2026-08-20 00:55:21,382 - INFO - 	              (29, 0.058811484285723976),
2026-08-20 00:55:21,382 - INFO - 	              (30, 0.05824753372386963)],
2026-08-20 00:55:21,382 - INFO - 	 'macro_precision': [(1, 0.11043969648300273),
2026-08-20 00:55:21,382 - INFO - 	                     (2, 0.11106872483634726),
2026-08-20 00:55:21,382 - INFO - 	                     (3, 0.11113079886598468),
2026-08-20 00:55:21,382 - INFO - 	                     (4, 0.11106995087572262),
2026-08-20 00:55:21,382 - INFO - 	                     (5, 0.11049778973195085),
2026-08-20 00:55:21,382 - INFO - 	                     (6, 0.11052729556124255),
2026-08-20 00:55:21,382 - INFO - 	                     (7, 0.11060780231215643),
2026-08-20 00:55:21,382 - INFO - 	                     (8, 0.11063378967555426),
2026-08-20 00:55:21,382 - INFO - 	                     (9, 0.11021998320199627),
2026-08-20 00:55:21,382 - INFO - 	                     (10, 0.11024610513020407),
2026-08-20 00:55:21,382 - INFO - 	                     (11, 0.1102936162755595),
2026-08-20 00:55:21,383 - INFO - 	                     (12, 0.11059637920211068),
2026-08-20 00:55:21,383 - INFO - 	                     (13, 0.10999288083062603),
2026-08-20 00:55:21,383 - INFO - 	                     (14, 0.11072236663927143),
2026-08-20 00:55:21,383 - INFO - 	                     (15, 0.11085028294299523),
2026-08-20 00:55:21,383 - INFO - 	                     (16, 0.11050208444327192),
2026-08-20 00:55:21,383 - INFO - 	                     (17, 0.1103505888554317),
2026-08-20 00:55:21,383 - INFO - 	                     (18, 0.11034366933425709),
2026-08-20 00:55:21,383 - INFO - 	                     (19, 0.11033732026838945),
2026-08-20 00:55:21,383 - INFO - 	                     (20, 0.11035263117179636),
2026-08-20 00:55:21,383 - INFO - 	                     (21, 0.11034414177000128),
2026-08-20 00:55:21,383 - INFO - 	                     (22, 0.11034511121618482),
2026-08-20 00:55:21,383 - INFO - 	                     (23, 0.11034086989468816),
2026-08-20 00:55:21,383 - INFO - 	                     (24, 0.11033540958946249),
2026-08-20 00:55:21,383 - INFO - 	                     (25, 0.11031497651695894),
2026-08-20 00:55:21,383 - INFO - 	                     (26, 0.11032961058888859),
2026-08-20 00:55:21,383 - INFO - 	                     (27, 0.11034034164385353),
2026-08-20 00:55:21,383 - INFO - 	                     (28, 0.11031635106180171),
2026-08-20 00:55:21,384 - INFO - 	                     (29, 0.11032681976915693),
2026-08-20 00:55:21,384 - INFO - 	                     (30, 0.11032212374330448)],
2026-08-20 00:55:21,384 - INFO - 	 'macro_recall': [(1, 0.08688433870806885),
2026-08-20 00:55:21,384 - INFO - 	                  (2, 0.10885608781163546),
2026-08-20 00:55:21,384 - INFO - 	                  (3, 0.11203420142520829),
2026-08-20 00:55:21,384 - INFO - 	                  (4, 0.10921887742056632),
2026-08-20 00:55:21,384 - INFO - 	                  (5, 0.08654123625517261),
2026-08-20 00:55:21,384 - INFO - 	                  (6, 0.0992197817539074),
2026-08-20 00:55:21,384 - INFO - 	                  (7, 0.11111620182034167),
2026-08-20 00:55:21,384 - INFO - 	                  (8, 0.13326341217983756),
2026-08-20 00:55:21,384 - INFO - 	                  (9, 0.13177533044912487),
2026-08-20 00:55:21,384 - INFO - 	                  (10, 0.12958472193267778),
2026-08-20 00:55:21,384 - INFO - 	                  (11, 0.1313711372139157),
2026-08-20 00:55:21,384 - INFO - 	                  (12, 0.12315735502086629),
2026-08-20 00:55:21,384 - INFO - 	                  (13, 0.1168206776478314),
2026-08-20 00:55:21,384 - INFO - 	                  (14, 0.13385395456847357),
2026-08-20 00:55:21,384 - INFO - 	                  (15, 0.12844171383159572),
2026-08-20 00:55:21,385 - INFO - 	                  (16, 0.13618496482070008),
2026-08-20 00:55:21,385 - INFO - 	                  (17, 0.1359213823569425),
2026-08-20 00:55:21,385 - INFO - 	                  (18, 0.1393838579462634),
2026-08-20 00:55:21,385 - INFO - 	                  (19, 0.13844682879794148),
2026-08-20 00:55:21,385 - INFO - 	                  (20, 0.13817214216186172),
2026-08-20 00:55:21,385 - INFO - 	                  (21, 0.13622248553059996),
2026-08-20 00:55:21,385 - INFO - 	                  (22, 0.13317288663808935),
2026-08-20 00:55:21,385 - INFO - 	                  (23, 0.13320415631749424),
2026-08-20 00:55:21,385 - INFO - 	                  (24, 0.13311484481219457),
2026-08-20 00:55:21,385 - INFO - 	                  (25, 0.13277517536815153),
2026-08-20 00:55:21,385 - INFO - 	                  (26, 0.13384262357661397),
2026-08-20 00:55:21,385 - INFO - 	                  (27, 0.13380666062164817),
2026-08-20 00:55:21,385 - INFO - 	                  (28, 0.13276627061846996),
2026-08-20 00:55:21,385 - INFO - 	                  (29, 0.1332069091803611),
2026-08-20 00:55:21,385 - INFO - 	                  (30, 0.13268575750622338)],
2026-08-20 00:55:21,385 - INFO - 	 'micro_f1': [(1, 0.3990711404118583),
2026-08-20 00:55:21,385 - INFO - 	              (2, 0.09786419026031166),
2026-08-20 00:55:21,385 - INFO - 	              (3, 0.07874159679471468),
2026-08-20 00:55:21,385 - INFO - 	              (4, 0.08350593074336751),
2026-08-20 00:55:21,385 - INFO - 	              (5, 0.37620863934874177),
2026-08-20 00:55:21,385 - INFO - 	              (6, 0.672911190668839),
2026-08-20 00:55:21,385 - INFO - 	              (7, 0.8933967596613088),
2026-08-20 00:55:21,386 - INFO - 	              (8, 0.3591161548675042),
2026-08-20 00:55:21,386 - INFO - 	              (9, 0.43396403602118644),
2026-08-20 00:55:21,386 - INFO - 	              (10, 0.4131870176960941),
2026-08-20 00:55:21,386 - INFO - 	              (11, 0.3416983346980681),
2026-08-20 00:55:21,386 - INFO - 	              (12, 0.07234529710471958),
2026-08-20 00:55:21,386 - INFO - 	              (13, 0.21163872467362294),
2026-08-20 00:55:21,386 - INFO - 	              (14, 0.28445797347637686),
2026-08-20 00:55:21,386 - INFO - 	              (15, 0.1316827874152058),
2026-08-20 00:55:21,386 - INFO - 	              (16, 0.35578591778043134),
2026-08-20 00:55:21,386 - INFO - 	              (17, 0.4385929007608735),
2026-08-20 00:55:21,386 - INFO - 	              (18, 0.5247011121264686),
2026-08-20 00:55:21,386 - INFO - 	              (19, 0.5155279794526935),
2026-08-20 00:55:21,386 - INFO - 	              (20, 0.4874205240757817),
2026-08-20 00:55:21,386 - INFO - 	              (21, 0.4485945200561473),
2026-08-20 00:55:21,386 - INFO - 	              (22, 0.3951517980357965),
2026-08-20 00:55:21,386 - INFO - 	              (23, 0.39569712828855497),
2026-08-20 00:55:21,386 - INFO - 	              (24, 0.40114571511582725),
2026-08-20 00:55:21,386 - INFO - 	              (25, 0.35424836131200405),
2026-08-20 00:55:21,387 - INFO - 	              (26, 0.3637897711268197),
2026-08-20 00:55:21,387 - INFO - 	              (27, 0.41131690908899077),
2026-08-20 00:55:21,387 - INFO - 	              (28, 0.3541687660067362),
2026-08-20 00:55:21,387 - INFO - 	              (29, 0.358107423700743),
2026-08-20 00:55:21,387 - INFO - 	              (30, 0.35344909774243943)],
2026-08-20 00:55:21,387 - INFO - 	 'micro_precision': [(1, 0.3990711404118583),
2026-08-20 00:55:21,387 - INFO - 	                     (2, 0.09786419026031166),
2026-08-20 00:55:21,387 - INFO - 	                     (3, 0.07874159679471468),
2026-08-20 00:55:21,387 - INFO - 	                     (4, 0.08350593074336751),
2026-08-20 00:55:21,387 - INFO - 	                     (5, 0.37620863934874177),
2026-08-20 00:55:21,387 - INFO - 	                     (6, 0.672911190668839),
2026-08-20 00:55:21,387 - INFO - 	                     (7, 0.8933967596613088),
2026-08-20 00:55:21,387 - INFO - 	                     (8, 0.3591161548675042),
2026-08-20 00:55:21,387 - INFO - 	                     (9, 0.43396403602118644),
2026-08-20 00:55:21,388 - INFO - 	                     (10, 0.4131870176960941),
2026-08-20 00:55:21,388 - INFO - 	                     (11, 0.3416983346980681),
2026-08-20 00:55:21,388 - INFO - 	                     (12, 0.07234529710471958),
2026-08-20 00:55:21,388 - INFO - 	                     (13, 0.21163872467362294),
2026-08-20 00:55:21,388 - INFO - 	                     (14, 0.28445797347637686),
2026-08-20 00:55:21,388 - INFO - 	                     (15, 0.1316827874152058),
2026-08-20 00:55:21,388 - INFO - 	                     (16, 0.35578591778043134),
2026-08-20 00:55:21,388 - INFO - 	                     (17, 0.4385929007608735),
2026-08-20 00:55:21,388 - INFO - 	                     (18, 0.5247011121264686),
2026-08-20 00:55:21,388 - INFO - 	                     (19, 0.5155279794526935),
2026-08-20 00:55:21,388 - INFO - 	                     (20, 0.4874205240757817),
2026-08-20 00:55:21,388 - INFO - 	                     (21, 0.4485945200561473),
2026-08-20 00:55:21,388 - INFO - 	                     (22, 0.3951517980357965),
2026-08-20 00:55:21,388 - INFO - 	                     (23, 0.39569712828855497),
2026-08-20 00:55:21,388 - INFO - 	                     (24, 0.40114571511582725),
2026-08-20 00:55:21,389 - INFO - 	                     (25, 0.35424836131200405),
2026-08-20 00:55:21,389 - INFO - 	                     (26, 0.3637897711268197),
2026-08-20 00:55:21,389 - INFO - 	                     (27, 0.41131690908899077),
2026-08-20 00:55:21,389 - INFO - 	                     (28, 0.3541687660067362),
2026-08-20 00:55:21,389 - INFO - 	                     (29, 0.358107423700743),
2026-08-20 00:55:21,389 - INFO - 	                     (30, 0.35344909774243943)],
2026-08-20 00:55:21,389 - INFO - 	 'micro_recall': [(1, 0.3990711404118583),
2026-08-20 00:55:21,389 - INFO - 	                  (2, 0.09786419026031166),
2026-08-20 00:55:21,389 - INFO - 	                  (3, 0.07874159679471468),
2026-08-20 00:55:21,389 - INFO - 	                  (4, 0.08350593074336751),
2026-08-20 00:55:21,389 - INFO - 	                  (5, 0.37620863934874177),
2026-08-20 00:55:21,389 - INFO - 	                  (6, 0.672911190668839),
2026-08-20 00:55:21,389 - INFO - 	                  (7, 0.8933967596613088),
2026-08-20 00:55:21,389 - INFO - 	                  (8, 0.3591161548675042),
2026-08-20 00:55:21,389 - INFO - 	                  (9, 0.43396403602118644),
2026-08-20 00:55:21,389 - INFO - 	                  (10, 0.4131870176960941),
2026-08-20 00:55:21,390 - INFO - 	                  (11, 0.3416983346980681),
2026-08-20 00:55:21,390 - INFO - 	                  (12, 0.07234529710471958),
2026-08-20 00:55:21,390 - INFO - 	                  (13, 0.21163872467362294),
2026-08-20 00:55:21,390 - INFO - 	                  (14, 0.28445797347637686),
2026-08-20 00:55:21,390 - INFO - 	                  (15, 0.1316827874152058),
2026-08-20 00:55:21,390 - INFO - 	                  (16, 0.35578591778043134),
2026-08-20 00:55:21,390 - INFO - 	                  (17, 0.4385929007608735),
2026-08-20 00:55:21,390 - INFO - 	                  (18, 0.5247011121264686),
2026-08-20 00:55:21,390 - INFO - 	                  (19, 0.5155279794526935),
2026-08-20 00:55:21,390 - INFO - 	                  (20, 0.4874205240757817),
2026-08-20 00:55:21,390 - INFO - 	                  (21, 0.4485945200561473),
2026-08-20 00:55:21,390 - INFO - 	                  (22, 0.3951517980357965),
2026-08-20 00:55:21,390 - INFO - 	                  (23, 0.39569712828855497),
2026-08-20 00:55:21,390 - INFO - 	                  (24, 0.40114571511582725),
2026-08-20 00:55:21,390 - INFO - 	                  (25, 0.35424836131200405),
2026-08-20 00:55:21,391 - INFO - 	                  (26, 0.3637897711268197),
2026-08-20 00:55:21,391 - INFO - 	                  (27, 0.41131690908899077),
2026-08-20 00:55:21,391 - INFO - 	                  (28, 0.3541687660067362),
2026-08-20 00:55:21,391 - INFO - 	                  (29, 0.358107423700743),
2026-08-20 00:55:21,391 - INFO - 	                  (30, 0.35344909774243943)],
2026-08-20 00:55:21,391 - INFO - 	 'weighted_f1': [(1, 0.5675888713272992),
2026-08-20 00:55:21,391 - INFO - 	                 (2, 0.17579814593509746),
2026-08-20 00:55:21,391 - INFO - 	                 (3, 0.1433396613145712),
2026-08-20 00:55:21,391 - INFO - 	                 (4, 0.15158111718706843),
2026-08-20 00:55:21,391 - INFO - 	                 (5, 0.5440483468158543),
2026-08-20 00:55:21,391 - INFO - 	                 (6, 0.799961329552726),
2026-08-20 00:55:21,391 - INFO - 	                 (7, 0.937824075447295),
2026-08-20 00:55:21,391 - INFO - 	                 (8, 0.5263134891965622),
2026-08-20 00:55:21,391 - INFO - 	                 (9, 0.6023539506604224),
2026-08-20 00:55:21,391 - INFO - 	                 (10, 0.5820712704097886),
2026-08-20 00:55:21,392 - INFO - 	                 (11, 0.5073040393293162),
2026-08-20 00:55:21,392 - INFO - 	                 (12, 0.133875743287802),
2026-08-20 00:55:21,392 - INFO - 	                 (13, 0.3480879527297341),
2026-08-20 00:55:21,392 - INFO - 	                 (14, 0.4413661457009381),
2026-08-20 00:55:21,392 - INFO - 	                 (15, 0.231714716577734),
2026-08-20 00:55:21,392 - INFO - 	                 (16, 0.5227216372404505),
2026-08-20 00:55:21,392 - INFO - 	                 (17, 0.6070147136775125),
2026-08-20 00:55:21,392 - INFO - 	                 (18, 0.6848197551634053),
2026-08-20 00:55:21,392 - INFO - 	                 (19, 0.6769428371325112),
2026-08-20 00:55:21,392 - INFO - 	                 (20, 0.6522631592043111),
2026-08-20 00:55:21,392 - INFO - 	                 (21, 0.6165224120679316),
2026-08-20 00:55:21,392 - INFO - 	                 (22, 0.5640643914563819),
2026-08-20 00:55:21,392 - INFO - 	                 (23, 0.5646139791220296),
2026-08-20 00:55:21,392 - INFO - 	                 (24, 0.5701357474228318),
2026-08-20 00:55:21,392 - INFO - 	                 (25, 0.5210438793685818),
2026-08-20 00:55:21,392 - INFO - 	                 (26, 0.5313188804766629),
2026-08-20 00:55:21,392 - INFO - 	                 (27, 0.5803489215650721),
2026-08-20 00:55:21,392 - INFO - 	                 (28, 0.5209594239992771),
2026-08-20 00:55:21,393 - INFO - 	                 (29, 0.5252245345194729),
2026-08-20 00:55:21,393 - INFO - 	                 (30, 0.5201870133041305)],
2026-08-20 00:55:21,393 - INFO - 	 'weighted_precision': [(1, 0.9861566225167216),
2026-08-20 00:55:21,393 - INFO - 	                        (2, 0.99123700961421),
2026-08-20 00:55:21,393 - INFO - 	                        (3, 0.9917417138146312),
2026-08-20 00:55:21,393 - INFO - 	                        (4, 0.9912416163061274),
2026-08-20 00:55:21,393 - INFO - 	                        (5, 0.9866626571126987),
2026-08-20 00:55:21,393 - INFO - 	                        (6, 0.9868890962997834),
2026-08-20 00:55:21,393 - INFO - 	                        (7, 0.9870896728827195),
2026-08-20 00:55:21,393 - INFO - 	                        (8, 0.9871355227942585),
2026-08-20 00:55:21,393 - INFO - 	                        (9, 0.9849685020977019),
2026-08-20 00:55:21,393 - INFO - 	                        (10, 0.9852101165975163),
2026-08-20 00:55:21,393 - INFO - 	                        (11, 0.985636088079803),
2026-08-20 00:55:21,393 - INFO - 	                        (12, 0.987170916893562),
2026-08-20 00:55:21,393 - INFO - 	                        (13, 0.9829854394423294),
2026-08-20 00:55:21,393 - INFO - 	                        (14, 0.9876045791421523),
2026-08-20 00:55:21,393 - INFO - 	                        (15, 0.9894676993188647),
2026-08-20 00:55:21,394 - INFO - 	                        (16, 0.9862709707343622),
2026-08-20 00:55:21,394 - INFO - 	                        (17, 0.9861238439043116),
2026-08-20 00:55:21,394 - INFO - 	                        (18, 0.9860372867686917),
2026-08-20 00:55:21,394 - INFO - 	                        (19, 0.9859854531220382),
2026-08-20 00:55:21,394 - INFO - 	                        (20, 0.9861282401971527),
2026-08-20 00:55:21,394 - INFO - 	                        (21, 0.9860640312240944),
2026-08-20 00:55:21,394 - INFO - 	                        (22, 0.986087274074199),
2026-08-20 00:55:21,394 - INFO - 	                        (23, 0.9860492209880677),
2026-08-20 00:55:21,394 - INFO - 	                        (24, 0.9860001055598683),
2026-08-20 00:55:21,394 - INFO - 	                        (25, 0.9858226001645524),
2026-08-20 00:55:21,394 - INFO - 	                        (26, 0.9859499309599834),
2026-08-20 00:55:21,394 - INFO - 	                        (27, 0.9860412913630918),
2026-08-20 00:55:21,394 - INFO - 	                        (28, 0.9858349168646119),
2026-08-20 00:55:21,394 - INFO - 	                        (29, 0.9859270748221822),
2026-08-20 00:55:21,394 - INFO - 	                        (30, 0.9858867820038499)],
2026-08-20 00:55:21,394 - INFO - 	 'weighted_recall': [(1, 0.3990711404118583),
2026-08-20 00:55:21,394 - INFO - 	                     (2, 0.09786419026031165),
2026-08-20 00:55:21,394 - INFO - 	                     (3, 0.07874159679471467),
2026-08-20 00:55:21,394 - INFO - 	                     (4, 0.08350593074336753),
2026-08-20 00:55:21,394 - INFO - 	                     (5, 0.37620863934874177),
2026-08-20 00:55:21,394 - INFO - 	                     (6, 0.672911190668839),
2026-08-20 00:55:21,394 - INFO - 	                     (7, 0.8933967596613088),
2026-08-20 00:55:21,394 - INFO - 	                     (8, 0.3591161548675042),
2026-08-20 00:55:21,394 - INFO - 	                     (9, 0.43396403602118644),
2026-08-20 00:55:21,394 - INFO - 	                     (10, 0.4131870176960941),
2026-08-20 00:55:21,394 - INFO - 	                     (11, 0.3416983346980681),
2026-08-20 00:55:21,394 - INFO - 	                     (12, 0.07234529710471958),
2026-08-20 00:55:21,395 - INFO - 	                     (13, 0.21163872467362294),
2026-08-20 00:55:21,395 - INFO - 	                     (14, 0.28445797347637686),
2026-08-20 00:55:21,395 - INFO - 	                     (15, 0.1316827874152058),
2026-08-20 00:55:21,395 - INFO - 	                     (16, 0.35578591778043134),
2026-08-20 00:55:21,395 - INFO - 	                     (17, 0.4385929007608735),
2026-08-20 00:55:21,395 - INFO - 	                     (18, 0.5247011121264686),
2026-08-20 00:55:21,395 - INFO - 	                     (19, 0.5155279794526934),
2026-08-20 00:55:21,395 - INFO - 	                     (20, 0.4874205240757817),
2026-08-20 00:55:21,395 - INFO - 	                     (21, 0.4485945200561473),
2026-08-20 00:55:21,395 - INFO - 	                     (22, 0.39515179803579653),
2026-08-20 00:55:21,395 - INFO - 	                     (23, 0.39569712828855497),
2026-08-20 00:55:21,395 - INFO - 	                     (24, 0.40114571511582725),
2026-08-20 00:55:21,395 - INFO - 	                     (25, 0.35424836131200405),
2026-08-20 00:55:21,395 - INFO - 	                     (26, 0.3637897711268197),
2026-08-20 00:55:21,395 - INFO - 	                     (27, 0.41131690908899077),
2026-08-20 00:55:21,395 - INFO - 	                     (28, 0.3541687660067362),
2026-08-20 00:55:21,395 - INFO - 	                     (29, 0.358107423700743),
2026-08-20 00:55:21,395 - INFO - 	                     (30, 0.35344909774243943)]}
2026-08-20 00:55:21,395 - INFO - 
2026-08-20 00:55:21,399 - INFO - Nap global test: /kaggle/input/datasets/tongxuanvu/100clientiov/global_test_data.pt
2026-08-20 00:55:23,283 - INFO - Global test goc: n=42048683
2026-08-20 00:55:25,069 - INFO - Task 3: loc ve lop 0-10 -> n=41995397
2026-08-20 00:55:25,070 - INFO - Danh gia moi round tren n=41995397 mau (dtype=float16)
2026-08-20 00:55:25,115 - INFO - ===== Task 3: 80 client, 30 round =====
2026-08-20 00:55:25,115 - WARNING - DEPRECATED FEATURE: flwr.simulation.start_simulation() is deprecated.
	Instead, use the `flwr run` CLI command to start a local simulation in your Flower app, as shown for example below:

		$ flwr new  # Create a new Flower app from a template

		$ flwr run  # Run the Flower app in Simulation Mode

	Using `start_simulation()` is deprecated.

            This is a deprecated feature. It will be removed
            entirely in future versions of Flower.
        
2026-08-20 00:55:25,116 - INFO - Starting Flower simulation, config: num_rounds=30, no round_timeout
2026-08-20 00:55:35,639 - INFO - Flower VCE: Ray initialized with resources: {'accelerator_type:T4': 1.0, 'node:__internal_head__': 1.0, 'object_store_memory': 8077792051.0, 'node:172.19.2.2': 1.0, 'GPU': 2.0, 'memory': 18848181453.0, 'CPU': 4.0}
2026-08-20 00:55:35,640 - INFO - Optimize your simulation with Flower VCE: https://flower.ai/docs/framework/how-to-run-simulations.html
2026-08-20 00:55:35,640 - INFO - Flower VCE: Resources for each Virtual Client: {'num_cpus': 1.0, 'num_gpus': 0.5}
2026-08-20 00:55:35,658 - INFO - Flower VCE: Creating VirtualClientEngineActorPool with 4 actors
2026-08-20 00:55:35,660 - INFO - [INIT]
2026-08-20 00:55:35,660 - INFO - Using initial global parameters provided by strategy
2026-08-20 00:55:35,660 - INFO - Starting evaluation of initial global parameters
2026-08-20 00:55:35,664 - INFO - Evaluation returned no results (`None`)
2026-08-20 00:55:35,664 - INFO - 
2026-08-20 00:55:35,665 - INFO - [ROUND 1]
2026-08-20 00:55:35,665 - INFO - configure_fit: strategy sampled 80 clients (out of 80)
2026-08-20 00:55:53,759 - INFO - aggregate_fit: received 80 results and 0 failures
2026-08-20 00:55:53,892 - WARNING - No fit_metrics_aggregation_fn provided
2026-08-20 00:55:53,893 - INFO - Eq.9 p(y) tu client: 0.000 0.000 0.000 0.000 0.000 0.000 0.000 0.000 0.000 0.282 0.718 0.000 0.000
2026-08-20 00:56:12,754 - INFO - [Round 1] data-free KD 30 vong: gen_loss=18.2080 stu_loss=17.6712 (CE 17.0299)
2026-08-20 00:56:12,802 - INFO - [Round 91] luu checkpoint -> out_1percent/checkpoints/round_091.pth
2026-08-20 01:04:09,633 - INFO - [Round 91] loss=0.9434 acc=0.6999 | micro P/R/F1=0.6999/0.6999/0.6999 | macro P/R/F1=0.0905/0.1363/0.0751 | weighted P/R/F1=0.9877/0.6999/0.8191
2026-08-20 01:04:09,635 - INFO - fit progress: (1, 0.9433938253685101, {'accuracy': 0.6998961338548604, 'micro_precision': 0.6998961338548604, 'micro_recall': 0.6998961338548604, 'micro_f1': 0.6998961338548604, 'macro_precision': 0.09046489751246253, 'macro_recall': 0.13628243663405204, 'macro_f1': 0.07508076248482373, 'weighted_precision': 0.987654979292779, 'weighted_recall': 0.6998961338548604, 'weighted_f1': 0.8191447560637317}, 513.9703926830007)
2026-08-20 01:04:09,635 - INFO - configure_evaluate: no clients selected, skipping evaluation
2026-08-20 01:04:09,635 - INFO - 
2026-08-20 01:04:09,635 - INFO - [ROUND 2]
2026-08-20 01:04:09,636 - INFO - configure_fit: strategy sampled 80 clients (out of 80)
2026-08-20 01:04:11,323 - INFO - aggregate_fit: received 80 results and 0 failures
2026-08-20 01:04:11,456 - INFO - [Round 2] 80/80 client tiep tuc model cuc bo (Algorithm 1 dong 10)
2026-08-20 01:04:30,220 - INFO - [Round 2] data-free KD 30 vong: gen_loss=15.4705 stu_loss=9.7829 (CE 9.2692)
2026-08-20 01:04:30,267 - INFO - [Round 92] luu checkpoint -> out_1percent/checkpoints/round_092.pth
2026-08-20 01:12:27,222 - INFO - [Round 92] loss=1.2235 acc=0.4171 | micro P/R/F1=0.4171/0.4171/0.4171 | macro P/R/F1=0.0903/0.1144/0.0537 | weighted P/R/F1=0.9865/0.4171/0.5862
2026-08-20 01:12:27,223 - INFO - fit progress: (2, 1.2234708228181492, {'accuracy': 0.4171165473206504, 'micro_precision': 0.4171165473206504, 'micro_recall': 0.4171165473206504, 'micro_f1': 0.4171165473206504, 'macro_precision': 0.09034001322212061, 'macro_recall': 0.11439610375926304, 'macro_f1': 0.05371217324154118, 'weighted_precision': 0.9865089641114086, 'weighted_recall': 0.4171165473206504, 'weighted_f1': 0.5861760676750232}, 1011.5589009369978)
2026-08-20 01:12:27,224 - INFO - configure_evaluate: no clients selected, skipping evaluation
2026-08-20 01:12:27,224 - INFO - 
2026-08-20 01:12:27,224 - INFO - [ROUND 3]
2026-08-20 01:12:27,224 - INFO - configure_fit: strategy sampled 80 clients (out of 80)
2026-08-20 01:12:28,901 - INFO - aggregate_fit: received 80 results and 0 failures
2026-08-20 01:12:29,036 - INFO - [Round 3] 80/80 client tiep tuc model cuc bo (Algorithm 1 dong 10)
2026-08-20 01:12:47,911 - INFO - [Round 3] data-free KD 30 vong: gen_loss=15.5355 stu_loss=6.6881 (CE 5.5141)
2026-08-20 01:12:47,958 - INFO - [Round 93] luu checkpoint -> out_1percent/checkpoints/round_093.pth
2026-08-20 01:20:45,931 - INFO - [Round 93] loss=1.2970 acc=0.5593 | micro P/R/F1=0.5593/0.5593/0.5593 | macro P/R/F1=0.0903/0.1171/0.0654 | weighted P/R/F1=0.9859/0.5593/0.7136
2026-08-20 01:20:45,933 - INFO - fit progress: (3, 1.2969822786987484, {'accuracy': 0.5593211560781293, 'micro_precision': 0.5593211560781293, 'micro_recall': 0.5593211560781293, 'micro_f1': 0.5593211560781293, 'macro_precision': 0.09029166066400461, 'macro_recall': 0.11714701481343762, 'macro_f1': 0.06538827685783401, 'weighted_precision': 0.9859426755879691, 'weighted_recall': 0.5593211560781293, 'weighted_f1': 0.7136353810957253}, 1510.2684322259993)
2026-08-20 01:20:45,933 - INFO - configure_evaluate: no clients selected, skipping evaluation
2026-08-20 01:20:45,933 - INFO - 
2026-08-20 01:20:45,933 - INFO - [ROUND 4]
2026-08-20 01:20:45,934 - INFO - configure_fit: strategy sampled 80 clients (out of 80)
2026-08-20 01:20:47,582 - INFO - aggregate_fit: received 80 results and 0 failures
2026-08-20 01:20:47,720 - INFO - [Round 4] 80/80 client tiep tuc model cuc bo (Algorithm 1 dong 10)
2026-08-20 01:21:06,791 - INFO - [Round 4] data-free KD 30 vong: gen_loss=16.2630 stu_loss=5.3523 (CE 3.5722)
2026-08-20 01:21:06,837 - INFO - [Round 94] luu checkpoint -> out_1percent/checkpoints/round_094.pth
2026-08-20 01:29:06,637 - INFO - [Round 94] loss=1.4127 acc=0.4382 | micro P/R/F1=0.4382/0.4382/0.4382 | macro P/R/F1=0.0903/0.1106/0.0556 | weighted P/R/F1=0.9863/0.4382/0.6067
2026-08-20 01:29:06,639 - INFO - fit progress: (4, 1.4126681072774963, {'accuracy': 0.43818359426391423, 'micro_precision': 0.43818359426391423, 'micro_recall': 0.43818359426391423, 'micro_f1': 0.43818359426391423, 'macro_precision': 0.09032057575409026, 'macro_recall': 0.11059460442658335, 'macro_f1': 0.05558547232505587, 'weighted_precision': 0.9863068453963028, 'weighted_recall': 0.43818359426391423, 'weighted_f1': 0.6066580872028458}, 2010.9741546879995)
2026-08-20 01:29:06,639 - INFO - configure_evaluate: no clients selected, skipping evaluation
2026-08-20 01:29:06,639 - INFO - 
2026-08-20 01:29:06,639 - INFO - [ROUND 5]
2026-08-20 01:29:06,639 - INFO - configure_fit: strategy sampled 80 clients (out of 80)
2026-08-20 01:29:08,244 - INFO - aggregate_fit: received 80 results and 0 failures
2026-08-20 01:29:08,379 - INFO - [Round 5] 80/80 client tiep tuc model cuc bo (Algorithm 1 dong 10)
2026-08-20 01:29:27,509 - INFO - [Round 5] data-free KD 30 vong: gen_loss=15.6394 stu_loss=4.8724 (CE 3.1197)
2026-08-20 01:29:27,557 - INFO - [Round 95] luu checkpoint -> out_1percent/checkpoints/round_095.pth
2026-08-20 01:37:21,082 - INFO - [Round 95] loss=1.4611 acc=0.9930 | micro P/R/F1=0.9930/0.9930/0.9930 | macro P/R/F1=0.0903/0.0909/0.0906 | weighted P/R/F1=0.9860/0.9930/0.9895
2026-08-20 01:37:23,861 - INFO - Luu out_1percent/confusion_matrix_task3.csv
2026-08-20 01:37:23,862 - INFO - Luu out_1percent/confusion_matrix_task3_normalized.csv
2026-08-20 01:37:32,138 - INFO - Luu out_1percent/classification_report_task3.txt
                 precision    recall  f1-score   support

         Benign     0.9930    1.0000    0.9965  41700592
            DoS     0.0000    0.0000    0.0000    145129
         double     0.0000    0.0000    0.0000     12413
  force-neutral     0.0000    0.0000    0.0000      5744
        fuzzing     0.0000    0.0000    0.0000     67321
       interval     0.0000    0.0000    0.0000     40542
            rpm     0.0000    0.0000    0.0000      5043
  rpm-accessory     0.0000    0.0000    0.0000      3146
          speed     0.0000    0.0000    0.0000      7471
speed-accessory     0.0000    0.0000    0.0000      2257
     standstill     0.0000    0.0000    0.0000      5739

       accuracy                         0.9930  41995397
      macro avg     0.0903    0.0909    0.0906  41995397
   weighted avg     0.9860    0.9930    0.9895  41995397

2026-08-20 01:37:32,599 - INFO - Luu out_1percent/confusion_matrix_task3.png
2026-08-20 01:37:32,601 - INFO - fit progress: (5, 1.4610697220537496, {'accuracy': 0.992980063981774, 'micro_precision': 0.992980063981774, 'micro_recall': 0.992980063981774, 'micro_f1': 0.992980063981774, 'macro_precision': 0.090270914907434, 'macro_recall': 0.09090909090909091, 'macro_f1': 0.09058887897461632, 'weighted_precision': 0.986009407465248, 'weighted_recall': 0.992980063981774, 'weighted_f1': 0.9894824592427686}, 2516.9362336449994)
2026-08-20 01:37:32,601 - INFO - configure_evaluate: no clients selected, skipping evaluation
2026-08-20 01:37:32,601 - INFO - 
2026-08-20 01:37:32,601 - INFO - [ROUND 6]
2026-08-20 01:37:32,601 - INFO - configure_fit: strategy sampled 80 clients (out of 80)
2026-08-20 01:37:34,236 - INFO - aggregate_fit: received 80 results and 0 failures
2026-08-20 01:37:34,405 - INFO - [Round 6] 80/80 client tiep tuc model cuc bo (Algorithm 1 dong 10)
2026-08-20 01:37:52,800 - INFO - [Round 6] data-free KD 30 vong: gen_loss=15.3994 stu_loss=4.3874 (CE 2.8364)
2026-08-20 01:37:52,845 - INFO - [Round 96] luu checkpoint -> out_1percent/checkpoints/round_096.pth
2026-08-20 01:45:45,963 - INFO - [Round 96] loss=1.2115 acc=0.9930 | micro P/R/F1=0.9930/0.9930/0.9930 | macro P/R/F1=0.0903/0.0909/0.0906 | weighted P/R/F1=0.9860/0.9930/0.9895
2026-08-20 01:45:45,964 - INFO - fit progress: (6, 1.2114770762992233, {'accuracy': 0.992980063981774, 'micro_precision': 0.992980063981774, 'micro_recall': 0.992980063981774, 'micro_f1': 0.992980063981774, 'macro_precision': 0.090270914907434, 'macro_recall': 0.09090909090909091, 'macro_f1': 0.09058887897461632, 'weighted_precision': 0.986009407465248, 'weighted_recall': 0.992980063981774, 'weighted_f1': 0.9894824592427686}, 3010.299804784001)
2026-08-20 01:45:45,965 - INFO - configure_evaluate: no clients selected, skipping evaluation
2026-08-20 01:45:45,965 - INFO - 
2026-08-20 01:45:45,965 - INFO - [ROUND 7]
2026-08-20 01:45:45,965 - INFO - configure_fit: strategy sampled 80 clients (out of 80)
2026-08-20 01:45:47,551 - INFO - aggregate_fit: received 80 results and 0 failures
2026-08-20 01:45:47,681 - INFO - [Round 7] 80/80 client tiep tuc model cuc bo (Algorithm 1 dong 10)
2026-08-20 01:46:06,199 - INFO - [Round 7] data-free KD 30 vong: gen_loss=16.0685 stu_loss=4.2011 (CE 2.6436)
2026-08-20 01:46:06,248 - INFO - [Round 97] luu checkpoint -> out_1percent/checkpoints/round_097.pth
2026-08-20 01:53:59,771 - INFO - [Round 97] loss=1.0463 acc=0.9794 | micro P/R/F1=0.9794/0.9794/0.9794 | macro P/R/F1=0.0903/0.0897/0.0900 | weighted P/R/F1=0.9859/0.9794/0.9827
2026-08-20 01:53:59,772 - INFO - fit progress: (7, 1.0462626269546635, {'accuracy': 0.9794219352182811, 'micro_precision': 0.9794219352182811, 'micro_recall': 0.9794219352182811, 'micro_f1': 0.9794219352182811, 'macro_precision': 0.09026402827813772, 'macro_recall': 0.08966782010716255, 'macro_f1': 0.08996493641815016, 'weighted_precision': 0.9859341863236563, 'weighted_recall': 0.9794219352182811, 'weighted_f1': 0.9826672715267206}, 3504.1078152929986)
2026-08-20 01:53:59,773 - INFO - configure_evaluate: no clients selected, skipping evaluation
2026-08-20 01:53:59,773 - INFO - 
2026-08-20 01:53:59,773 - INFO - [ROUND 8]
2026-08-20 01:53:59,773 - INFO - configure_fit: strategy sampled 80 clients (out of 80)
2026-08-20 01:54:01,318 - INFO - aggregate_fit: received 80 results and 0 failures
2026-08-20 01:54:01,446 - INFO - [Round 8] 80/80 client tiep tuc model cuc bo (Algorithm 1 dong 10)
2026-08-20 01:54:19,942 - INFO - [Round 8] data-free KD 30 vong: gen_loss=16.7109 stu_loss=3.9091 (CE 2.4013)
2026-08-20 01:54:19,989 - INFO - [Round 98] luu checkpoint -> out_1percent/checkpoints/round_098.pth
2026-08-20 02:02:13,791 - INFO - [Round 98] loss=1.0109 acc=0.3078 | micro P/R/F1=0.3078/0.3078/0.3078 | macro P/R/F1=0.0904/0.0715/0.0432 | weighted P/R/F1=0.9846/0.3078/0.4671
2026-08-20 02:02:13,792 - INFO - fit progress: (8, 1.0108927088714885, {'accuracy': 0.3078122585672901, 'micro_precision': 0.3078122585672901, 'micro_recall': 0.3078122585672901, 'micro_f1': 0.3078122585672901, 'macro_precision': 0.0903617526642707, 'macro_recall': 0.07152485737563084, 'macro_f1': 0.0431950414758642, 'weighted_precision': 0.9846346833449554, 'weighted_recall': 0.3078122585672901, 'weighted_f1': 0.4670996643625519}, 3998.127531484999)
2026-08-20 02:02:13,792 - INFO - configure_evaluate: no clients selected, skipping evaluation
2026-08-20 02:02:13,792 - INFO - 
2026-08-20 02:02:13,792 - INFO - [ROUND 9]
2026-08-20 02:02:13,793 - INFO - configure_fit: strategy sampled 80 clients (out of 80)
2026-08-20 02:02:15,441 - INFO - aggregate_fit: received 80 results and 0 failures
2026-08-20 02:02:15,578 - INFO - [Round 9] 80/80 client tiep tuc model cuc bo (Algorithm 1 dong 10)
2026-08-20 02:02:34,288 - INFO - [Round 9] data-free KD 30 vong: gen_loss=17.2877 stu_loss=3.4003 (CE 2.0104)
2026-08-20 02:02:34,342 - INFO - [Round 99] luu checkpoint -> out_1percent/checkpoints/round_099.pth
2026-08-20 02:10:29,018 - INFO - [Round 99] loss=1.0486 acc=0.2339 | micro P/R/F1=0.2339/0.2339/0.2339 | macro P/R/F1=0.0902/0.0648/0.0348 | weighted P/R/F1=0.9829/0.2339/0.3757
2026-08-20 02:10:29,019 - INFO - fit progress: (9, 1.0485870338097836, {'accuracy': 0.23387756043834995, 'micro_precision': 0.23387756043834995, 'micro_recall': 0.23387756043834995, 'micro_f1': 0.23387756043834995, 'macro_precision': 0.09018642206450722, 'macro_recall': 0.06475600426634688, 'macro_f1': 0.034786080112331266, 'weighted_precision': 0.982948918545412, 'weighted_recall': 0.23387756043834995, 'weighted_f1': 0.37570475623083766}, 4493.354853564)
2026-08-20 02:10:29,020 - INFO - configure_evaluate: no clients selected, skipping evaluation
2026-08-20 02:10:29,020 - INFO - 
2026-08-20 02:10:29,020 - INFO - [ROUND 10]
2026-08-20 02:10:29,020 - INFO - configure_fit: strategy sampled 80 clients (out of 80)
2026-08-20 02:10:30,610 - INFO - aggregate_fit: received 80 results and 0 failures
2026-08-20 02:10:30,740 - INFO - [Round 10] 80/80 client tiep tuc model cuc bo (Algorithm 1 dong 10)
2026-08-20 02:10:49,625 - INFO - [Round 10] data-free KD 30 vong: gen_loss=18.1135 stu_loss=2.8594 (CE 1.5418)
2026-08-20 02:10:49,671 - INFO - [Round 100] luu checkpoint -> out_1percent/checkpoints/round_100.pth
2026-08-20 02:18:45,203 - INFO - [Round 100] loss=1.0675 acc=0.0402 | micro P/R/F1=0.0402/0.0402/0.0402 | macro P/R/F1=0.0888/0.0701/0.0071 | weighted P/R/F1=0.9671/0.0402/0.0725
2026-08-20 02:18:48,068 - INFO - Luu out_1percent/confusion_matrix_task3.csv
2026-08-20 02:18:48,068 - INFO - Luu out_1percent/confusion_matrix_task3_normalized.csv
2026-08-20 02:18:56,232 - INFO - Luu out_1percent/classification_report_task3.txt
                 precision    recall  f1-score   support

         Benign     0.9739    0.0379    0.0730  41700592
            DoS     0.0026    0.7328    0.0052    145129
         double     0.0000    0.0000    0.0000     12413
  force-neutral     0.0000    0.0000    0.0000      5744
        fuzzing     0.0000    0.0000    0.0000     67321
       interval     0.0000    0.0000    0.0000     40542
            rpm     0.0000    0.0000    0.0000      5043
  rpm-accessory     0.0000    0.0000    0.0000      3146
          speed     0.0000    0.0000    0.0000      7471
speed-accessory     0.0000    0.0000    0.0000      2257
     standstill     0.0000    0.0000    0.0000      5739

       accuracy                         0.0402  41995397
      macro avg     0.0888    0.0701    0.0071  41995397
   weighted avg     0.9671    0.0402    0.0725  41995397

2026-08-20 02:18:56,697 - INFO - Luu out_1percent/confusion_matrix_task3.png
2026-08-20 02:18:56,698 - INFO - fit progress: (10, 1.0675415538130046, {'accuracy': 0.04019090473177334, 'micro_precision': 0.04019090473177334, 'micro_recall': 0.04019090473177334, 'micro_f1': 0.04019090473177334, 'macro_precision': 0.0887777970622917, 'macro_recall': 0.07006242918156719, 'macro_f1': 0.007114200045615673, 'weighted_precision': 0.9670938472932755, 'weighted_recall': 0.04019090473177334, 'weighted_f1': 0.07251239738792553}, 5001.033763227999)
2026-08-20 02:18:56,698 - INFO - configure_evaluate: no clients selected, skipping evaluation
2026-08-20 02:18:56,699 - INFO - 
2026-08-20 02:18:56,699 - INFO - [ROUND 11]
2026-08-20 02:18:56,699 - INFO - configure_fit: strategy sampled 80 clients (out of 80)
2026-08-20 02:18:58,258 - INFO - aggregate_fit: received 80 results and 0 failures
2026-08-20 02:18:58,393 - INFO - [Round 11] 80/80 client tiep tuc model cuc bo (Algorithm 1 dong 10)
2026-08-20 02:19:17,263 - INFO - [Round 11] data-free KD 30 vong: gen_loss=18.9884 stu_loss=2.4067 (CE 1.0896)
2026-08-20 02:19:17,311 - INFO - [Round 101] luu checkpoint -> out_1percent/checkpoints/round_101.pth
2026-08-20 02:27:12,817 - INFO - [Round 101] loss=1.1911 acc=0.0016 | micro P/R/F1=0.0016/0.0016/0.0016 | macro P/R/F1=0.0002/0.0808/0.0004 | weighted P/R/F1=0.0000/0.0016/0.0000
2026-08-20 02:27:12,819 - INFO - fit progress: (11, 1.1911074068910679, {'accuracy': 0.001648894996754049, 'micro_precision': 0.001648894996754049, 'micro_recall': 0.001648894996754049, 'micro_f1': 0.001648894996754049, 'macro_precision': 0.00021617640304547655, 'macro_recall': 0.08077228111893668, 'macro_f1': 0.00043050642338129876, 'weighted_precision': 7.47568425024501e-06, 'weighted_recall': 0.001648894996754049, 'weighted_f1': 1.4881954173211727e-05}, 5497.154383966998)
2026-08-20 02:27:12,819 - INFO - configure_evaluate: no clients selected, skipping evaluation
2026-08-20 02:27:12,819 - INFO - 
2026-08-20 02:27:12,819 - INFO - [ROUND 12]
2026-08-20 02:27:12,820 - INFO - configure_fit: strategy sampled 80 clients (out of 80)
2026-08-20 02:27:14,430 - INFO - aggregate_fit: received 80 results and 0 failures
2026-08-20 02:27:14,567 - INFO - [Round 12] 80/80 client tiep tuc model cuc bo (Algorithm 1 dong 10)
2026-08-20 02:27:33,155 - INFO - [Round 12] data-free KD 30 vong: gen_loss=19.9650 stu_loss=2.1233 (CE 0.7365)
2026-08-20 02:27:33,204 - INFO - [Round 102] luu checkpoint -> out_1percent/checkpoints/round_102.pth
2026-08-20 02:35:26,569 - INFO - [Round 102] loss=1.3999 acc=0.0001 | micro P/R/F1=0.0001/0.0001/0.0001 | macro P/R/F1=0.0882/0.0909/0.0000 | weighted P/R/F1=0.9638/0.0001/0.0000
2026-08-20 02:35:26,571 - INFO - fit progress: (12, 1.3999306045368707, {'accuracy': 0.0001374436345964297, 'micro_precision': 0.0001374436345964297, 'micro_recall': 0.0001374436345964297, 'micro_f1': 0.0001374436345964297, 'macro_precision': 0.08824788486451171, 'macro_recall': 0.09090916285051563, 'macro_f1': 2.532188935243985e-05, 'weighted_precision': 0.9637747869091763, 'weighted_recall': 0.0001374436345964297, 'weighted_f1': 1.6094480204054826e-06}, 5990.906345158997)
2026-08-20 02:35:26,571 - INFO - configure_evaluate: no clients selected, skipping evaluation
2026-08-20 02:35:26,571 - INFO - 
2026-08-20 02:35:26,571 - INFO - [ROUND 13]
2026-08-20 02:35:26,572 - INFO - configure_fit: strategy sampled 80 clients (out of 80)
2026-08-20 02:35:28,165 - INFO - aggregate_fit: received 80 results and 0 failures
2026-08-20 02:35:28,299 - INFO - [Round 13] 80/80 client tiep tuc model cuc bo (Algorithm 1 dong 10)
2026-08-20 02:35:47,031 - INFO - [Round 13] data-free KD 30 vong: gen_loss=20.9994 stu_loss=2.0520 (CE 0.5776)
2026-08-20 02:35:47,077 - INFO - [Round 103] luu checkpoint -> out_1percent/checkpoints/round_103.pth
2026-08-20 02:43:40,730 - INFO - [Round 103] loss=1.3449 acc=0.0377 | micro P/R/F1=0.0377/0.0377/0.0377 | macro P/R/F1=0.0904/0.0653/0.0066 | weighted P/R/F1=0.9872/0.0377/0.0724
2026-08-20 02:43:40,732 - INFO - fit progress: (13, 1.3448779721800947, {'accuracy': 0.037652840857773054, 'micro_precision': 0.037652840857773054, 'micro_recall': 0.037652840857773054, 'micro_f1': 0.037652840857773054, 'macro_precision': 0.09039088532445026, 'macro_recall': 0.06529613793647078, 'macro_f1': 0.0066428459708341575, 'weighted_precision': 0.9872238723896102, 'weighted_recall': 0.037652840857773054, 'weighted_f1': 0.0723664857744027}, 6485.067193978)
2026-08-20 02:43:40,732 - INFO - configure_evaluate: no clients selected, skipping evaluation
2026-08-20 02:43:40,732 - INFO - 
2026-08-20 02:43:40,732 - INFO - [ROUND 14]
2026-08-20 02:43:40,732 - INFO - configure_fit: strategy sampled 80 clients (out of 80)
2026-08-20 02:43:42,272 - INFO - aggregate_fit: received 80 results and 0 failures
2026-08-20 02:43:42,401 - INFO - [Round 14] 80/80 client tiep tuc model cuc bo (Algorithm 1 dong 10)
2026-08-20 02:44:01,130 - INFO - [Round 14] data-free KD 30 vong: gen_loss=21.9593 stu_loss=1.7822 (CE 0.5047)
2026-08-20 02:44:01,178 - INFO - [Round 104] luu checkpoint -> out_1percent/checkpoints/round_104.pth
2026-08-20 02:51:53,005 - INFO - [Round 104] loss=1.4304 acc=0.0059 | micro P/R/F1=0.0059/0.0059/0.0059 | macro P/R/F1=0.0909/0.0914/0.0011 | weighted P/R/F1=0.9927/0.0059/0.0114
2026-08-20 02:51:53,006 - INFO - fit progress: (14, 1.4304044094711679, {'accuracy': 0.005890955144441187, 'micro_precision': 0.005890955144441187, 'micro_recall': 0.005890955144441187, 'micro_f1': 0.005890955144441187, 'macro_precision': 0.09089187656057947, 'macro_recall': 0.0914359070620737, 'macro_f1': 0.001072547031682796, 'weighted_precision': 0.9926555700795494, 'weighted_recall': 0.005890955144441187, 'weighted_f1': 0.011442302833531637}, 6977.341566065996)
2026-08-20 02:51:53,006 - INFO - configure_evaluate: no clients selected, skipping evaluation
2026-08-20 02:51:53,006 - INFO - 
2026-08-20 02:51:53,006 - INFO - [ROUND 15]
2026-08-20 02:51:53,007 - INFO - configure_fit: strategy sampled 80 clients (out of 80)
2026-08-20 02:51:54,685 - INFO - aggregate_fit: received 80 results and 0 failures
2026-08-20 02:51:54,820 - INFO - [Round 15] 80/80 client tiep tuc model cuc bo (Algorithm 1 dong 10)
2026-08-20 02:52:13,476 - INFO - [Round 15] data-free KD 30 vong: gen_loss=22.8468 stu_loss=1.8026 (CE 0.4806)
2026-08-20 02:52:13,524 - INFO - [Round 105] luu checkpoint -> out_1percent/checkpoints/round_105.pth
2026-08-20 03:00:07,235 - INFO - [Round 105] loss=1.3135 acc=0.0004 | micro P/R/F1=0.0004/0.0004/0.0004 | macro P/R/F1=0.0908/0.0909/0.0001 | weighted P/R/F1=0.9918/0.0004/0.0005
2026-08-20 03:00:10,040 - INFO - Luu out_1percent/confusion_matrix_task3.csv
2026-08-20 03:00:10,041 - INFO - Luu out_1percent/confusion_matrix_task3_normalized.csv
2026-08-20 03:00:17,998 - INFO - Luu out_1percent/classification_report_task3.txt
                 precision    recall  f1-score   support

         Benign     0.9989    0.0002    0.0005  41700592
            DoS     0.0000    0.0000    0.0000    145129
         double     0.0000    0.0000    0.0000     12413
  force-neutral     0.0000    0.0000    0.0000      5744
        fuzzing     0.0000    0.0000    0.0000     67321
       interval     0.0000    0.0000    0.0000     40542
            rpm     0.0000    0.0000    0.0000      5043
  rpm-accessory     0.0000    0.0000    0.0000      3146
          speed     0.0000    0.0000    0.0000      7471
speed-accessory     0.0000    0.0000    0.0000      2257
     standstill     0.0001    1.0000    0.0003      5739

       accuracy                         0.0004  41995397
      macro avg     0.0908    0.0909    0.0001  41995397
   weighted avg     0.9918    0.0004    0.0005  41995397

2026-08-20 03:00:18,469 - INFO - Luu out_1percent/confusion_matrix_task3.png
2026-08-20 03:00:18,470 - INFO - fit progress: (15, 1.3135159390037565, {'accuracy': 0.0003642065819737339, 'micro_precision': 0.0003642065819737339, 'micro_recall': 0.0003642065819737339, 'micro_f1': 0.0003642065819737339, 'macro_precision': 0.09081699120469519, 'macro_recall': 0.09092992340165425, 'macro_f1': 6.65045725021598e-05, 'weighted_precision': 0.9918383683618426, 'weighted_recall': 0.0003642065819737339, 'weighted_f1': 0.0004550304646312702}, 7482.805405025996)
2026-08-20 03:00:18,470 - INFO - configure_evaluate: no clients selected, skipping evaluation
2026-08-20 03:00:18,470 - INFO - 
2026-08-20 03:00:18,470 - INFO - [ROUND 16]
2026-08-20 03:00:18,470 - INFO - configure_fit: strategy sampled 80 clients (out of 80)
2026-08-20 03:00:20,038 - INFO - aggregate_fit: received 80 results and 0 failures
2026-08-20 03:00:20,174 - INFO - [Round 16] 80/80 client tiep tuc model cuc bo (Algorithm 1 dong 10)
2026-08-20 03:00:38,879 - INFO - [Round 16] data-free KD 30 vong: gen_loss=23.8431 stu_loss=1.6985 (CE 0.4579)
2026-08-20 03:00:38,924 - INFO - [Round 106] luu checkpoint -> out_1percent/checkpoints/round_106.pth
2026-08-20 03:08:30,781 - INFO - [Round 106] loss=1.5337 acc=0.0001 | micro P/R/F1=0.0001/0.0001/0.0001 | macro P/R/F1=0.0000/0.0909/0.0000 | weighted P/R/F1=0.0000/0.0001/0.0000
2026-08-20 03:08:30,782 - INFO - fit progress: (16, 1.533735544021381, {'accuracy': 0.00013665783419073286, 'micro_precision': 0.00013665783419073286, 'micro_recall': 0.00013665783419073286, 'micro_f1': 0.00013665783419073286, 'macro_precision': 1.2423439471884806e-05, 'macro_recall': 0.09090909090909091, 'macro_f1': 2.484348388706785e-05, 'weighted_precision': 1.8675363645701835e-08, 'weighted_recall': 0.00013665783419073286, 'weighted_f1': 3.7345623719349683e-08}, 7975.117600856)
2026-08-20 03:08:30,782 - INFO - configure_evaluate: no clients selected, skipping evaluation
2026-08-20 03:08:30,782 - INFO - 
2026-08-20 03:08:30,783 - INFO - [ROUND 17]
2026-08-20 03:08:30,783 - INFO - configure_fit: strategy sampled 80 clients (out of 80)
2026-08-20 03:08:32,348 - INFO - aggregate_fit: received 80 results and 0 failures
2026-08-20 03:08:32,482 - INFO - [Round 17] 80/80 client tiep tuc model cuc bo (Algorithm 1 dong 10)
2026-08-20 03:08:51,324 - INFO - [Round 17] data-free KD 30 vong: gen_loss=25.0497 stu_loss=1.6526 (CE 0.4354)
2026-08-20 03:08:51,374 - INFO - [Round 107] luu checkpoint -> out_1percent/checkpoints/round_107.pth
2026-08-20 03:16:43,091 - INFO - [Round 107] loss=1.4830 acc=0.0002 | micro P/R/F1=0.0002/0.0002/0.0002 | macro P/R/F1=0.0903/0.0909/0.0000 | weighted P/R/F1=0.9861/0.0002/0.0002
2026-08-20 03:16:43,093 - INFO - fit progress: (17, 1.482985468930667, {'accuracy': 0.0002189049433203358, 'micro_precision': 0.0002189049433203358, 'micro_recall': 0.0002189049433203358, 'micro_f1': 0.0002189049433203358, 'macro_precision': 0.09029419560128393, 'macro_recall': 0.09091662077821124, 'macro_f1': 3.990402358046989e-05, 'weighted_precision': 0.9861280063114842, 'weighted_recall': 0.0002189049433203358, 'weighted_f1': 0.00016451784862896992}, 8467.428088291002)
2026-08-20 03:16:43,093 - INFO - configure_evaluate: no clients selected, skipping evaluation
2026-08-20 03:16:43,093 - INFO - 
2026-08-20 03:16:43,093 - INFO - [ROUND 18]
2026-08-20 03:16:43,093 - INFO - configure_fit: strategy sampled 80 clients (out of 80)
2026-08-20 03:16:44,651 - INFO - aggregate_fit: received 80 results and 0 failures
2026-08-20 03:16:44,778 - INFO - [Round 18] 80/80 client tiep tuc model cuc bo (Algorithm 1 dong 10)
2026-08-20 03:17:03,203 - INFO - [Round 18] data-free KD 30 vong: gen_loss=26.2648 stu_loss=1.6403 (CE 0.4222)
2026-08-20 03:17:03,247 - INFO - [Round 108] luu checkpoint -> out_1percent/checkpoints/round_108.pth
2026-08-20 03:24:54,544 - INFO - [Round 108] loss=1.4269 acc=0.0749 | micro P/R/F1=0.0749/0.0749/0.0749 | macro P/R/F1=0.0897/0.0978/0.0127 | weighted P/R/F1=0.9801/0.0749/0.1389
2026-08-20 03:24:54,545 - INFO - fit progress: (18, 1.42690268306282, {'accuracy': 0.07490982880814295, 'micro_precision': 0.07490982880814295, 'micro_recall': 0.07490982880814295, 'micro_f1': 0.07490982880814295, 'macro_precision': 0.08974362927760665, 'macro_recall': 0.09775470769859052, 'macro_f1': 0.012747632517506297, 'weighted_precision': 0.9801031813547767, 'weighted_recall': 0.07490982880814295, 'weighted_f1': 0.1389460362713564}, 8958.880490108997)
2026-08-20 03:24:54,545 - INFO - configure_evaluate: no clients selected, skipping evaluation
2026-08-20 03:24:54,545 - INFO - 
2026-08-20 03:24:54,545 - INFO - [ROUND 19]
2026-08-20 03:24:54,546 - INFO - configure_fit: strategy sampled 80 clients (out of 80)
2026-08-20 03:24:56,155 - INFO - aggregate_fit: received 80 results and 0 failures
2026-08-20 03:24:56,292 - INFO - [Round 19] 80/80 client tiep tuc model cuc bo (Algorithm 1 dong 10)
2026-08-20 03:25:15,180 - INFO - [Round 19] data-free KD 30 vong: gen_loss=27.0778 stu_loss=1.6084 (CE 0.4128)
2026-08-20 03:25:15,227 - INFO - [Round 109] luu checkpoint -> out_1percent/checkpoints/round_109.pth
2026-08-20 03:33:08,342 - INFO - [Round 109] loss=1.3992 acc=0.0794 | micro P/R/F1=0.0794/0.0794/0.0794 | macro P/R/F1=0.0898/0.0982/0.0135 | weighted P/R/F1=0.9804/0.0794/0.1467
2026-08-20 03:33:08,343 - INFO - fit progress: (19, 1.399240083733059, {'accuracy': 0.07939886840455396, 'micro_precision': 0.07939886840455396, 'micro_recall': 0.07939886840455396, 'micro_f1': 0.07939886840455396, 'macro_precision': 0.08976639253531662, 'macro_recall': 0.09816568725756394, 'macro_f1': 0.013454574702656392, 'weighted_precision': 0.98035109673524, 'weighted_recall': 0.07939886840455396, 'weighted_f1': 0.14666636577518416}, 9452.678778365)
2026-08-20 03:33:08,343 - INFO - configure_evaluate: no clients selected, skipping evaluation
2026-08-20 03:33:08,344 - INFO - 
2026-08-20 03:33:08,344 - INFO - [ROUND 20]
2026-08-20 03:33:08,344 - INFO - configure_fit: strategy sampled 80 clients (out of 80)
2026-08-20 03:33:09,884 - INFO - aggregate_fit: received 80 results and 0 failures
2026-08-20 03:33:10,017 - INFO - [Round 20] 80/80 client tiep tuc model cuc bo (Algorithm 1 dong 10)
2026-08-20 03:33:28,952 - INFO - [Round 20] data-free KD 30 vong: gen_loss=27.8899 stu_loss=1.5613 (CE 0.4007)
2026-08-20 03:33:28,999 - INFO - [Round 110] luu checkpoint -> out_1percent/checkpoints/round_110.pth
2026-08-20 03:41:26,071 - INFO - [Round 110] loss=1.1979 acc=0.4608 | micro P/R/F1=0.4608/0.4608/0.4608 | macro P/R/F1=0.0902/0.0942/0.0575 | weighted P/R/F1=0.9850/0.4608/0.6278
2026-08-20 03:41:29,323 - INFO - Luu out_1percent/confusion_matrix_task3.csv
2026-08-20 03:41:29,324 - INFO - Luu out_1percent/confusion_matrix_task3_normalized.csv
2026-08-20 03:41:39,684 - INFO - Luu out_1percent/classification_report_task3.txt
                 precision    recall  f1-score   support

         Benign     0.9920    0.4640    0.6322  41700592
            DoS     0.0000    0.0000    0.0000    145129
         double     0.0000    0.0000    0.0000     12413
  force-neutral     0.0000    0.0000    0.0000      5744
        fuzzing     0.0000    0.0000    0.0000     67321
       interval     0.0000    0.0000    0.0000     40542
            rpm     0.0000    0.0000    0.0000      5043
  rpm-accessory     0.0000    0.0000    0.0000      3146
          speed     0.0000    0.0000    0.0000      7471
speed-accessory     0.0000    0.0000    0.0000      2257
     standstill     0.0001    0.5717    0.0003      5739

       accuracy                         0.4608  41995397
      macro avg     0.0902    0.0942    0.0575  41995397
   weighted avg     0.9850    0.4608    0.6278  41995397

2026-08-20 03:41:40,147 - INFO - Luu out_1percent/confusion_matrix_task3.png
2026-08-20 03:41:40,149 - INFO - fit progress: (20, 1.1979087119589407, {'accuracy': 0.4607918815483516, 'micro_precision': 0.4607918815483516, 'micro_recall': 0.4607918815483516, 'micro_f1': 0.4607918815483516, 'macro_precision': 0.09019542235473313, 'macro_recall': 0.09415210785808541, 'macro_f1': 0.05750264279068711, 'weighted_precision': 0.9850399860551776, 'weighted_recall': 0.4607918815483516, 'weighted_f1': 0.6277991653601358}, 9964.484151491)
2026-08-20 03:41:40,149 - INFO - configure_evaluate: no clients selected, skipping evaluation
2026-08-20 03:41:40,149 - INFO - 
2026-08-20 03:41:40,149 - INFO - [ROUND 21]
2026-08-20 03:41:40,149 - INFO - configure_fit: strategy sampled 80 clients (out of 80)
2026-08-20 03:41:41,704 - INFO - aggregate_fit: received 80 results and 0 failures
2026-08-20 03:41:41,831 - INFO - [Round 21] 80/80 client tiep tuc model cuc bo (Algorithm 1 dong 10)
2026-08-20 03:42:00,528 - INFO - [Round 21] data-free KD 30 vong: gen_loss=28.5434 stu_loss=1.5449 (CE 0.3861)
2026-08-20 03:42:00,574 - INFO - [Round 111] luu checkpoint -> out_1percent/checkpoints/round_111.pth
2026-08-20 03:49:57,499 - INFO - [Round 111] loss=1.2984 acc=0.3527 | micro P/R/F1=0.3527/0.3527/0.3527 | macro P/R/F1=0.0902/0.0843/0.0476 | weighted P/R/F1=0.9854/0.3527/0.5194
2026-08-20 03:49:57,500 - INFO - fit progress: (21, 1.2984172067885908, {'accuracy': 0.35271248894253815, 'micro_precision': 0.35271248894253815, 'micro_recall': 0.35271248894253815, 'micro_f1': 0.35271248894253815, 'macro_precision': 0.09022538149986802, 'macro_recall': 0.08425724724184892, 'macro_f1': 0.04757369671668276, 'weighted_precision': 0.9853917295434687, 'weighted_recall': 0.35271248894253815, 'weighted_f1': 0.5193964545175578}, 10461.836016271001)
2026-08-20 03:49:57,501 - INFO - configure_evaluate: no clients selected, skipping evaluation
2026-08-20 03:49:57,501 - INFO - 
2026-08-20 03:49:57,501 - INFO - [ROUND 22]
2026-08-20 03:49:57,501 - INFO - configure_fit: strategy sampled 80 clients (out of 80)
2026-08-20 03:49:59,031 - INFO - aggregate_fit: received 80 results and 0 failures
2026-08-20 03:49:59,172 - INFO - [Round 22] 80/80 client tiep tuc model cuc bo (Algorithm 1 dong 10)
2026-08-20 03:50:17,574 - INFO - [Round 22] data-free KD 30 vong: gen_loss=29.3080 stu_loss=1.5163 (CE 0.3736)
2026-08-20 03:50:17,621 - INFO - [Round 112] luu checkpoint -> out_1percent/checkpoints/round_112.pth
2026-08-20 03:58:12,373 - INFO - [Round 112] loss=1.5218 acc=0.1827 | micro P/R/F1=0.1827/0.1827/0.1827 | macro P/R/F1=0.0899/0.0725/0.0282 | weighted P/R/F1=0.9813/0.1827/0.3079
2026-08-20 03:58:12,375 - INFO - fit progress: (22, 1.5218013846838194, {'accuracy': 0.1826758775491514, 'micro_precision': 0.1826758775491514, 'micro_recall': 0.1826758775491514, 'micro_f1': 0.1826758775491514, 'macro_precision': 0.0898524880200863, 'macro_recall': 0.07249130913778433, 'macro_f1': 0.02820708594722252, 'weighted_precision': 0.9813369145703427, 'weighted_recall': 0.1826758775491514, 'weighted_f1': 0.30789563279370336}, 10956.710133904999)
2026-08-20 03:58:12,375 - INFO - configure_evaluate: no clients selected, skipping evaluation
2026-08-20 03:58:12,375 - INFO - 
2026-08-20 03:58:12,375 - INFO - [ROUND 23]
2026-08-20 03:58:12,375 - INFO - configure_fit: strategy sampled 80 clients (out of 80)
2026-08-20 03:58:13,907 - INFO - aggregate_fit: received 80 results and 0 failures
2026-08-20 03:58:14,056 - INFO - [Round 23] 80/80 client tiep tuc model cuc bo (Algorithm 1 dong 10)
2026-08-20 03:58:33,049 - INFO - [Round 23] data-free KD 30 vong: gen_loss=30.5290 stu_loss=1.5315 (CE 0.3657)
2026-08-20 03:58:33,097 - INFO - [Round 113] luu checkpoint -> out_1percent/checkpoints/round_113.pth
2026-08-20 04:06:26,497 - INFO - [Round 113] loss=1.1510 acc=0.5088 | micro P/R/F1=0.5088/0.5088/0.5088 | macro P/R/F1=0.0901/0.0985/0.0614 | weighted P/R/F1=0.9843/0.5088/0.6707
2026-08-20 04:06:26,499 - INFO - fit progress: (23, 1.1509671314720944, {'accuracy': 0.5087780215531716, 'micro_precision': 0.5087780215531716, 'micro_recall': 0.5087780215531716, 'micro_f1': 0.5087780215531716, 'macro_precision': 0.09012451729054761, 'macro_recall': 0.09854532432064132, 'macro_f1': 0.06143629796088619, 'weighted_precision': 0.984250991020084, 'weighted_recall': 0.5087780215531716, 'weighted_f1': 0.6707366045625053}, 11450.834272825996)
2026-08-20 04:06:26,499 - INFO - configure_evaluate: no clients selected, skipping evaluation
2026-08-20 04:06:26,499 - INFO - 
2026-08-20 04:06:26,499 - INFO - [ROUND 24]
2026-08-20 04:06:26,499 - INFO - configure_fit: strategy sampled 80 clients (out of 80)
2026-08-20 04:06:28,088 - INFO - aggregate_fit: received 80 results and 0 failures
2026-08-20 04:06:28,225 - INFO - [Round 24] 80/80 client tiep tuc model cuc bo (Algorithm 1 dong 10)
2026-08-20 04:06:46,942 - INFO - [Round 24] data-free KD 30 vong: gen_loss=31.2834 stu_loss=1.5135 (CE 0.3577)
2026-08-20 04:06:46,990 - INFO - [Round 114] luu checkpoint -> out_1percent/checkpoints/round_114.pth
2026-08-20 04:14:42,479 - INFO - [Round 114] loss=1.2091 acc=0.4476 | micro P/R/F1=0.4476/0.4476/0.4476 | macro P/R/F1=0.0902/0.0929/0.0564 | weighted P/R/F1=0.9849/0.4476/0.6154
2026-08-20 04:14:42,481 - INFO - fit progress: (24, 1.209096338723818, {'accuracy': 0.4476154612849594, 'micro_precision': 0.4476154612849594, 'micro_recall': 0.4476154612849594, 'micro_f1': 0.4476154612849594, 'macro_precision': 0.09018225586751553, 'macro_recall': 0.09294578314822384, 'macro_f1': 0.056369207336764336, 'weighted_precision': 0.9848996598919786, 'weighted_recall': 0.4476154612849594, 'weighted_f1': 0.6154258719173507}, 11946.816199301997)
2026-08-20 04:14:42,481 - INFO - configure_evaluate: no clients selected, skipping evaluation
2026-08-20 04:14:42,481 - INFO - 
2026-08-20 04:14:42,481 - INFO - [ROUND 25]
2026-08-20 04:14:42,481 - INFO - configure_fit: strategy sampled 80 clients (out of 80)
2026-08-20 04:14:44,057 - INFO - aggregate_fit: received 80 results and 0 failures
2026-08-20 04:14:44,189 - INFO - [Round 25] 80/80 client tiep tuc model cuc bo (Algorithm 1 dong 10)
2026-08-20 04:15:03,004 - INFO - [Round 25] data-free KD 30 vong: gen_loss=32.0533 stu_loss=1.4983 (CE 0.3516)
2026-08-20 04:15:03,051 - INFO - [Round 115] luu checkpoint -> out_1percent/checkpoints/round_115.pth
2026-08-20 04:23:01,881 - INFO - [Round 115] loss=1.4153 acc=0.3017 | micro P/R/F1=0.3017/0.3017/0.3017 | macro P/R/F1=0.0901/0.0806/0.0423 | weighted P/R/F1=0.9844/0.3017/0.4618
2026-08-20 04:23:05,115 - INFO - Luu out_1percent/confusion_matrix_task3.csv
2026-08-20 04:23:05,115 - INFO - Luu out_1percent/confusion_matrix_task3_normalized.csv
2026-08-20 04:23:15,324 - INFO - Luu out_1percent/classification_report_task3.txt
                 precision    recall  f1-score   support

         Benign     0.9914    0.3038    0.4650  41700592
            DoS     0.0000    0.0000    0.0000    145129
         double     0.0000    0.0000    0.0000     12413
  force-neutral     0.0000    0.0000    0.0000      5744
        fuzzing     0.0000    0.0000    0.0000     67321
       interval     0.0000    0.0000    0.0000     40542
            rpm     0.0000    0.0000    0.0000      5043
  rpm-accessory     0.0000    0.0000    0.0000      3146
          speed     0.0000    0.0000    0.0000      7471
speed-accessory     0.0000    0.0000    0.0000      2257
     standstill     0.0001    0.5834    0.0002      5739

       accuracy                         0.3017  41995397
      macro avg     0.0901    0.0806    0.0423  41995397
   weighted avg     0.9844    0.3017    0.4618  41995397

2026-08-20 04:23:15,787 - INFO - Luu out_1percent/confusion_matrix_task3.png
2026-08-20 04:23:15,788 - INFO - fit progress: (25, 1.4153354425006153, {'accuracy': 0.30170547024475086, 'micro_precision': 0.30170547024475086, 'micro_recall': 0.30170547024475086, 'micro_f1': 0.30170547024475086, 'macro_precision': 0.0901339529861625, 'macro_recall': 0.08064863678603942, 'macro_f1': 0.042296168371833955, 'weighted_precision': 0.9843996359538434, 'weighted_recall': 0.3017054702447508, 'weighted_f1': 0.46176428345846043}, 12460.123833129)
2026-08-20 04:23:15,789 - INFO - configure_evaluate: no clients selected, skipping evaluation
2026-08-20 04:23:15,789 - INFO - 
2026-08-20 04:23:15,789 - INFO - [ROUND 26]
2026-08-20 04:23:15,789 - INFO - configure_fit: strategy sampled 80 clients (out of 80)
2026-08-20 04:23:17,307 - INFO - aggregate_fit: received 80 results and 0 failures
2026-08-20 04:23:17,439 - INFO - [Round 26] 80/80 client tiep tuc model cuc bo (Algorithm 1 dong 10)
2026-08-20 04:23:36,121 - INFO - [Round 26] data-free KD 30 vong: gen_loss=35.0967 stu_loss=1.5638 (CE 0.3826)
2026-08-20 04:23:36,175 - INFO - [Round 116] luu checkpoint -> out_1percent/checkpoints/round_116.pth
