2026-08-18 04:01:23,416 - INFO - Thiet bi: cuda | pool 100 client | 30 round/task | Flower simulation (Ray)
2026-08-18 04:01:23,416 - INFO - Client co du lieu tung task: task0=50, task1=60, task2=70, task3=80, task4=100
2026-08-18 04:01:23,718 - INFO - Nap global test: /kaggle/input/datasets/tongxuanvu/100clientiov/global_test_data.pt
2026-08-18 04:01:37,892 - INFO - Global test goc: n=42048683
2026-08-18 04:01:39,573 - INFO - Task 0: loc ve lop 0-2 -> n=41858134
2026-08-18 04:01:39,573 - INFO - Danh gia moi round tren n=41858134 mau (dtype=float16)
2026-08-18 04:01:44,755 - INFO - ===== Task 0: 50 client, 30 round =====
2026-08-18 04:01:46,961 - INFO - setup plugin alembic.autogenerate.schemas
2026-08-18 04:01:46,961 - INFO - setup plugin alembic.autogenerate.tables
2026-08-18 04:01:46,961 - INFO - setup plugin alembic.autogenerate.types
2026-08-18 04:01:46,961 - INFO - setup plugin alembic.autogenerate.constraints
2026-08-18 04:01:46,961 - INFO - setup plugin alembic.autogenerate.defaults
2026-08-18 04:01:46,961 - INFO - setup plugin alembic.autogenerate.comments
2026-08-18 04:02:02,969 - WARNING - DEPRECATED FEATURE: flwr.simulation.start_simulation() is deprecated.
	Instead, use the `flwr run` CLI command to start a local simulation in your Flower app, as shown for example below:

		$ flwr new  # Create a new Flower app from a template

		$ flwr run  # Run the Flower app in Simulation Mode

	Using `start_simulation()` is deprecated.

            This is a deprecated feature. It will be removed
            entirely in future versions of Flower.
        
2026-08-18 04:02:02,970 - INFO - Starting Flower simulation, config: num_rounds=30, no round_timeout
2026-08-18 04:02:12,425 - INFO - Flower VCE: Ray initialized with resources: {'node:172.19.2.2': 1.0, 'node:__internal_head__': 1.0, 'CPU': 4.0, 'object_store_memory': 8412987801.0, 'GPU': 2.0, 'memory': 19630304871.0, 'accelerator_type:T4': 1.0}
2026-08-18 04:02:12,425 - INFO - Optimize your simulation with Flower VCE: https://flower.ai/docs/framework/how-to-run-simulations.html
2026-08-18 04:02:12,425 - INFO - Flower VCE: Resources for each Virtual Client: {'num_cpus': 1.0, 'num_gpus': 0.5}
2026-08-18 04:02:12,458 - INFO - Flower VCE: Creating VirtualClientEngineActorPool with 4 actors
2026-08-18 04:02:12,458 - INFO - [INIT]
2026-08-18 04:02:12,459 - INFO - Using initial global parameters provided by strategy
2026-08-18 04:02:12,459 - INFO - Starting evaluation of initial global parameters
2026-08-18 04:02:12,462 - INFO - Evaluation returned no results (`None`)
2026-08-18 04:02:12,462 - INFO - 
2026-08-18 04:02:12,462 - INFO - [ROUND 1]
2026-08-18 04:02:12,464 - INFO - configure_fit: strategy sampled 50 clients (out of 50)
2026-08-18 07:07:38,272 - INFO - aggregate_fit: received 50 results and 0 failures
2026-08-18 07:07:38,354 - WARNING - No fit_metrics_aggregation_fn provided
2026-08-18 07:07:38,354 - INFO - Eq.9 p(y) tu client: 0.996 0.003 0.000 0.000 0.000 0.000 0.000 0.000 0.000 0.000 0.000 0.000 0.000
2026-08-18 07:07:52,447 - INFO - [Round 1] data-free KD 30 vong: gen_loss=1.4144 stu_loss=1.6602 (CE 1.6413)
2026-08-18 07:07:52,483 - INFO - [Round 1] luu checkpoint -> out_full/checkpoints/round_001.pth
2026-08-18 07:15:32,636 - INFO - [Round 1] loss=0.4001 acc=0.9962 | micro P/R/F1=0.9962/0.9962/0.9962 | macro P/R/F1=0.3321/0.3333/0.3327 | weighted P/R/F1=0.9925/0.9962/0.9944
2026-08-18 07:15:32,638 - INFO - fit progress: (1, 0.40010779619858455, {'accuracy': 0.9962362870738576, 'micro_precision': 0.9962362870738576, 'micro_recall': 0.9962362870738576, 'micro_f1': 0.9962362870738576, 'macro_precision': 0.33207876235795253, 'macro_recall': 0.3333333333333333, 'macro_f1': 0.33270486515874675, 'weighted_precision': 0.9924867396827056, 'weighted_recall': 0.9962362870738576, 'weighted_f1': 0.994357978671475}, 11600.175623694999)
2026-08-18 07:15:32,638 - INFO - configure_evaluate: no clients selected, skipping evaluation
2026-08-18 07:15:32,638 - INFO - 
2026-08-18 07:15:32,638 - INFO - [ROUND 2]
2026-08-18 07:15:32,638 - INFO - configure_fit: strategy sampled 50 clients (out of 50)
2026-08-18 09:05:46,861 - INFO - aggregate_fit: received 50 results and 0 failures
2026-08-18 09:05:46,942 - INFO - [Round 2] 50/50 client tiep tuc model cuc bo (Algorithm 1 dong 10)
2026-08-18 09:06:00,050 - INFO - [Round 2] data-free KD 30 vong: gen_loss=0.7838 stu_loss=0.4981 (CE 0.4525)
2026-08-18 09:06:00,086 - INFO - [Round 2] luu checkpoint -> out_full/checkpoints/round_002.pth
2026-08-18 09:13:40,601 - INFO - [Round 2] loss=0.1720 acc=0.9962 | micro P/R/F1=0.9962/0.9962/0.9962 | macro P/R/F1=0.3321/0.3333/0.3327 | weighted P/R/F1=0.9925/0.9962/0.9944
2026-08-18 09:13:40,602 - INFO - fit progress: (2, 0.17203282332175399, {'accuracy': 0.9962362870738576, 'micro_precision': 0.9962362870738576, 'micro_recall': 0.9962362870738576, 'micro_f1': 0.9962362870738576, 'macro_precision': 0.33207876235795253, 'macro_recall': 0.3333333333333333, 'macro_f1': 0.33270486515874675, 'weighted_precision': 0.9924867396827056, 'weighted_recall': 0.9962362870738576, 'weighted_f1': 0.994357978671475}, 18688.140090965)
2026-08-18 09:13:40,602 - INFO - configure_evaluate: no clients selected, skipping evaluation
2026-08-18 09:13:40,602 - INFO - 
2026-08-18 09:13:40,603 - INFO - [ROUND 3]
2026-08-18 09:13:40,603 - INFO - configure_fit: strategy sampled 50 clients (out of 50)
2026-08-18 10:59:46,752 - INFO - aggregate_fit: received 50 results and 0 failures
2026-08-18 10:59:46,831 - INFO - [Round 3] 50/50 client tiep tuc model cuc bo (Algorithm 1 dong 10)
2026-08-18 10:59:59,837 - INFO - [Round 3] data-free KD 30 vong: gen_loss=0.7886 stu_loss=0.1830 (CE 0.0890)
2026-08-18 10:59:59,873 - INFO - [Round 3] luu checkpoint -> out_full/checkpoints/round_003.pth
2026-08-18 11:07:40,591 - INFO - [Round 3] loss=0.0537 acc=0.9962 | micro P/R/F1=0.9962/0.9962/0.9962 | macro P/R/F1=0.3321/0.3333/0.3327 | weighted P/R/F1=0.9925/0.9962/0.9944
2026-08-18 11:07:40,593 - INFO - fit progress: (3, 0.05365527531062845, {'accuracy': 0.9962362870738576, 'micro_precision': 0.9962362870738576, 'micro_recall': 0.9962362870738576, 'micro_f1': 0.9962362870738576, 'macro_precision': 0.33207876235795253, 'macro_recall': 0.3333333333333333, 'macro_f1': 0.33270486515874675, 'weighted_precision': 0.9924867396827056, 'weighted_recall': 0.9962362870738576, 'weighted_f1': 0.994357978671475}, 25528.131179322)
2026-08-18 11:07:40,593 - INFO - configure_evaluate: no clients selected, skipping evaluation
2026-08-18 11:07:40,593 - INFO - 
2026-08-18 11:07:40,594 - INFO - [ROUND 4]
2026-08-18 11:07:40,594 - INFO - configure_fit: strategy sampled 50 clients (out of 50)
2026-08-18 12:49:25,809 - INFO - aggregate_fit: received 50 results and 0 failures
2026-08-18 12:49:25,893 - INFO - [Round 4] 50/50 client tiep tuc model cuc bo (Algorithm 1 dong 10)
2026-08-18 12:49:39,259 - INFO - [Round 4] data-free KD 30 vong: gen_loss=1.0008 stu_loss=0.4563 (CE 0.0255)
2026-08-18 12:49:39,302 - INFO - [Round 4] luu checkpoint -> out_full/checkpoints/round_004.pth
2026-08-18 12:57:15,539 - INFO - [Round 4] loss=0.0407 acc=0.9962 | micro P/R/F1=0.9962/0.9962/0.9962 | macro P/R/F1=0.3321/0.3333/0.3327 | weighted P/R/F1=0.9925/0.9962/0.9944
2026-08-18 12:57:15,540 - INFO - fit progress: (4, 0.040746447295059836, {'accuracy': 0.9962362870738576, 'micro_precision': 0.9962362870738576, 'micro_recall': 0.9962362870738576, 'micro_f1': 0.9962362870738576, 'macro_precision': 0.33207876235795253, 'macro_recall': 0.3333333333333333, 'macro_f1': 0.33270486515874675, 'weighted_precision': 0.9924867396827056, 'weighted_recall': 0.9962362870738576, 'weighted_f1': 0.994357978671475}, 32103.078570480004)
2026-08-18 12:57:15,541 - INFO - configure_evaluate: no clients selected, skipping evaluation
2026-08-18 12:57:15,541 - INFO - 
2026-08-18 12:57:15,541 - INFO - [ROUND 5]
2026-08-18 12:57:15,541 - INFO - configure_fit: strategy sampled 50 clients (out of 50)
2026-08-18 14:42:14,289 - INFO - aggregate_fit: received 50 results and 0 failures
2026-08-18 14:42:14,372 - INFO - [Round 5] 50/50 client tiep tuc model cuc bo (Algorithm 1 dong 10)
2026-08-18 14:42:27,980 - INFO - [Round 5] data-free KD 30 vong: gen_loss=1.8217 stu_loss=0.2327 (CE 0.0316)
2026-08-18 14:42:28,017 - INFO - [Round 5] luu checkpoint -> out_full/checkpoints/round_005.pth
2026-08-18 14:50:21,689 - INFO - [Round 5] loss=0.0446 acc=0.9962 | micro P/R/F1=0.9962/0.9962/0.9962 | macro P/R/F1=0.3321/0.3333/0.3327 | weighted P/R/F1=0.9925/0.9962/0.9944
2026-08-18 14:50:24,333 - INFO - Luu out_full/confusion_matrix_task0.csv
2026-08-18 14:50:24,333 - INFO - Luu out_full/confusion_matrix_task0_normalized.csv
2026-08-18 14:50:32,258 - INFO - Luu out_full/classification_report_task0.txt
              precision    recall  f1-score   support

      Benign     0.9962    1.0000    0.9981  41700592
         DoS     0.0000    0.0000    0.0000    145129
      double     0.0000    0.0000    0.0000     12413

    accuracy                         0.9962  41858134
   macro avg     0.3321    0.3333    0.3327  41858134
weighted avg     0.9925    0.9962    0.9944  41858134

2026-08-18 14:50:32,454 - INFO - Luu out_full/confusion_matrix_task0.png
2026-08-18 14:50:32,455 - INFO - fit progress: (5, 0.04461262320877288, {'accuracy': 0.9962362870738576, 'micro_precision': 0.9962362870738576, 'micro_recall': 0.9962362870738576, 'micro_f1': 0.9962362870738576, 'macro_precision': 0.33207876235795253, 'macro_recall': 0.3333333333333333, 'macro_f1': 0.33270486515874675, 'weighted_precision': 0.9924867396827056, 'weighted_recall': 0.9962362870738576, 'weighted_f1': 0.994357978671475}, 38899.993303485)
2026-08-18 14:50:32,455 - INFO - configure_evaluate: no clients selected, skipping evaluation
2026-08-18 14:50:32,455 - INFO - 
2026-08-18 14:50:32,456 - INFO - [ROUND 6]
2026-08-18 14:50:32,456 - INFO - configure_fit: strategy sampled 50 clients (out of 50)
2026-08-18 17:05:10,217 - INFO - Thiet bi: cuda | pool 100 client | 30 round/task | Flower simulation (Ray)
2026-08-18 17:05:10,217 - INFO - Client co du lieu tung task: task0=50, task1=60, task2=70, task3=80, task4=100
2026-08-18 17:05:10,548 - INFO - Chay tiep tu checkpoint round 5
2026-08-18 17:05:10,549 - INFO - Tiep tuc: task0=5/30
2026-08-18 17:05:10,558 - INFO - Nap global test: /kaggle/input/datasets/tongxuanvu/100clientiov/global_test_data.pt
2026-08-18 17:05:35,360 - INFO - Global test goc: n=42048683
2026-08-18 17:05:37,139 - INFO - Task 0: loc ve lop 0-2 -> n=41858134
2026-08-18 17:05:37,140 - INFO - Danh gia moi round tren n=41858134 mau (dtype=float16)
2026-08-18 17:05:42,491 - INFO - ===== Task 0: 50 client, 25 round =====
2026-08-18 17:05:44,771 - INFO - setup plugin alembic.autogenerate.schemas
2026-08-18 17:05:44,772 - INFO - setup plugin alembic.autogenerate.tables
2026-08-18 17:05:44,772 - INFO - setup plugin alembic.autogenerate.types
2026-08-18 17:05:44,772 - INFO - setup plugin alembic.autogenerate.constraints
2026-08-18 17:05:44,772 - INFO - setup plugin alembic.autogenerate.defaults
2026-08-18 17:05:44,772 - INFO - setup plugin alembic.autogenerate.comments
2026-08-18 17:06:02,755 - WARNING - DEPRECATED FEATURE: flwr.simulation.start_simulation() is deprecated.
	Instead, use the `flwr run` CLI command to start a local simulation in your Flower app, as shown for example below:

		$ flwr new  # Create a new Flower app from a template

		$ flwr run  # Run the Flower app in Simulation Mode

	Using `start_simulation()` is deprecated.

            This is a deprecated feature. It will be removed
            entirely in future versions of Flower.
        
2026-08-18 17:06:02,756 - INFO - Starting Flower simulation, config: num_rounds=25, no round_timeout
2026-08-18 17:06:13,689 - INFO - Flower VCE: Ray initialized with resources: {'node:__internal_head__': 1.0, 'accelerator_type:T4': 1.0, 'CPU': 4.0, 'object_store_memory': 8412748185.0, 'GPU': 2.0, 'memory': 19629745767.0, 'node:172.19.2.2': 1.0}
2026-08-18 17:06:13,689 - INFO - Optimize your simulation with Flower VCE: https://flower.ai/docs/framework/how-to-run-simulations.html
2026-08-18 17:06:13,689 - INFO - Flower VCE: Resources for each Virtual Client: {'num_cpus': 1.0, 'num_gpus': 0.5}
2026-08-18 17:06:13,728 - INFO - Flower VCE: Creating VirtualClientEngineActorPool with 4 actors
2026-08-18 17:06:13,729 - INFO - [INIT]
2026-08-18 17:06:13,729 - INFO - Using initial global parameters provided by strategy
2026-08-18 17:06:13,729 - INFO - Starting evaluation of initial global parameters
2026-08-18 17:06:13,732 - INFO - Evaluation returned no results (`None`)
2026-08-18 17:06:13,733 - INFO - 
2026-08-18 17:06:13,733 - INFO - [ROUND 1]
2026-08-18 17:06:13,734 - INFO - configure_fit: strategy sampled 50 clients (out of 50)
2026-08-18 17:16:02,739 - INFO - aggregate_fit: received 50 results and 0 failures
2026-08-18 17:16:02,823 - WARNING - No fit_metrics_aggregation_fn provided
2026-08-18 17:16:02,824 - INFO - [Round 1] 50/50 client tiep tuc model cuc bo (Algorithm 1 dong 10)
2026-08-18 17:16:02,824 - INFO - Eq.9 p(y) tu client: 0.996 0.003 0.000 0.000 0.000 0.000 0.000 0.000 0.000 0.000 0.000 0.000 0.000
2026-08-18 17:16:17,475 - INFO - [Round 1] data-free KD 30 vong: gen_loss=4.5196 stu_loss=0.1032 (CE 0.0530)
2026-08-18 17:16:17,524 - INFO - [Round 6] luu checkpoint -> out_full/checkpoints/round_006.pth
2026-08-18 17:24:15,373 - INFO - [Round 6] loss=0.1520 acc=0.9962 | micro P/R/F1=0.9962/0.9962/0.9962 | macro P/R/F1=0.3321/0.3333/0.3327 | weighted P/R/F1=0.9925/0.9962/0.9944
2026-08-18 17:24:15,374 - INFO - fit progress: (1, 0.15197934589900966, {'accuracy': 0.9962362870738576, 'micro_precision': 0.9962362870738576, 'micro_recall': 0.9962362870738576, 'micro_f1': 0.9962362870738576, 'macro_precision': 0.33207876235795253, 'macro_recall': 0.3333333333333333, 'macro_f1': 0.33270486515874675, 'weighted_precision': 0.9924867396827056, 'weighted_recall': 0.9962362870738576, 'weighted_f1': 0.994357978671475}, 1081.641587053)
2026-08-18 17:24:15,375 - INFO - configure_evaluate: no clients selected, skipping evaluation
2026-08-18 17:24:15,375 - INFO - 
2026-08-18 17:24:15,375 - INFO - [ROUND 2]
2026-08-18 17:24:15,375 - INFO - configure_fit: strategy sampled 50 clients (out of 50)
2026-08-18 17:33:33,474 - INFO - aggregate_fit: received 50 results and 0 failures
2026-08-18 17:33:33,556 - INFO - [Round 2] 50/50 client tiep tuc model cuc bo (Algorithm 1 dong 10)
2026-08-18 17:33:46,789 - INFO - [Round 2] data-free KD 30 vong: gen_loss=3.0081 stu_loss=0.1393 (CE 0.0599)
2026-08-18 17:33:46,826 - INFO - [Round 7] luu checkpoint -> out_full/checkpoints/round_007.pth
2026-08-18 17:41:45,593 - INFO - [Round 7] loss=0.0715 acc=0.9962 | micro P/R/F1=0.9962/0.9962/0.9962 | macro P/R/F1=0.3321/0.3333/0.3327 | weighted P/R/F1=0.9925/0.9962/0.9944
2026-08-18 17:41:45,595 - INFO - fit progress: (2, 0.07153672384218461, {'accuracy': 0.9962362870738576, 'micro_precision': 0.9962362870738576, 'micro_recall': 0.9962362870738576, 'micro_f1': 0.9962362870738576, 'macro_precision': 0.33207876235795253, 'macro_recall': 0.3333333333333333, 'macro_f1': 0.33270486515874675, 'weighted_precision': 0.9924867396827056, 'weighted_recall': 0.9962362870738576, 'weighted_f1': 0.994357978671475}, 2131.862147644)
2026-08-18 17:41:45,595 - INFO - configure_evaluate: no clients selected, skipping evaluation
2026-08-18 17:41:45,595 - INFO - 
2026-08-18 17:41:45,595 - INFO - [ROUND 3]
2026-08-18 17:41:45,595 - INFO - configure_fit: strategy sampled 50 clients (out of 50)
2026-08-18 17:50:41,535 - INFO - aggregate_fit: received 50 results and 0 failures
2026-08-18 17:50:41,623 - INFO - [Round 3] 50/50 client tiep tuc model cuc bo (Algorithm 1 dong 10)
2026-08-18 17:50:54,850 - INFO - [Round 3] data-free KD 30 vong: gen_loss=2.3724 stu_loss=0.1583 (CE 0.0582)
2026-08-18 17:50:54,894 - INFO - [Round 8] luu checkpoint -> out_full/checkpoints/round_008.pth
2026-08-18 17:59:10,038 - INFO - [Round 8] loss=0.0677 acc=0.9962 | micro P/R/F1=0.9962/0.9962/0.9962 | macro P/R/F1=0.3321/0.3333/0.3327 | weighted P/R/F1=0.9925/0.9962/0.9944
2026-08-18 17:59:10,039 - INFO - fit progress: (3, 0.06774582660478155, {'accuracy': 0.9962362870738576, 'micro_precision': 0.9962362870738576, 'micro_recall': 0.9962362870738576, 'micro_f1': 0.9962362870738576, 'macro_precision': 0.33207876235795253, 'macro_recall': 0.3333333333333333, 'macro_f1': 0.33270486515874675, 'weighted_precision': 0.9924867396827056, 'weighted_recall': 0.9962362870738576, 'weighted_f1': 0.994357978671475}, 3176.306562272)
2026-08-18 17:59:10,040 - INFO - configure_evaluate: no clients selected, skipping evaluation
2026-08-18 17:59:10,040 - INFO - 
2026-08-18 17:59:10,040 - INFO - [ROUND 4]
2026-08-18 17:59:10,040 - INFO - configure_fit: strategy sampled 50 clients (out of 50)
2026-08-18 18:08:30,148 - INFO - aggregate_fit: received 50 results and 0 failures
2026-08-18 18:08:30,243 - INFO - [Round 4] 50/50 client tiep tuc model cuc bo (Algorithm 1 dong 10)
2026-08-18 18:08:44,212 - INFO - [Round 4] data-free KD 30 vong: gen_loss=2.7579 stu_loss=0.1736 (CE 0.0600)
2026-08-18 18:08:44,250 - INFO - [Round 9] luu checkpoint -> out_full/checkpoints/round_009.pth
2026-08-18 18:17:17,615 - INFO - [Round 9] loss=0.0570 acc=0.9962 | micro P/R/F1=0.9962/0.9962/0.9962 | macro P/R/F1=0.3321/0.3333/0.3327 | weighted P/R/F1=0.9925/0.9962/0.9944
2026-08-18 18:17:17,617 - INFO - fit progress: (4, 0.05698133296280399, {'accuracy': 0.9962362870738576, 'micro_precision': 0.9962362870738576, 'micro_recall': 0.9962362870738576, 'micro_f1': 0.9962362870738576, 'macro_precision': 0.33207876235795253, 'macro_recall': 0.3333333333333333, 'macro_f1': 0.33270486515874675, 'weighted_precision': 0.9924867396827056, 'weighted_recall': 0.9962362870738576, 'weighted_f1': 0.994357978671475}, 4263.884041007)
2026-08-18 18:17:17,617 - INFO - configure_evaluate: no clients selected, skipping evaluation
2026-08-18 18:17:17,617 - INFO - 
2026-08-18 18:17:17,617 - INFO - [ROUND 5]
2026-08-18 18:17:17,617 - INFO - configure_fit: strategy sampled 50 clients (out of 50)
2026-08-18 18:26:25,765 - INFO - aggregate_fit: received 50 results and 0 failures
2026-08-18 18:26:25,854 - INFO - [Round 5] 50/50 client tiep tuc model cuc bo (Algorithm 1 dong 10)
2026-08-18 18:26:39,319 - INFO - [Round 5] data-free KD 30 vong: gen_loss=3.6338 stu_loss=0.1169 (CE 0.0537)
2026-08-18 18:26:39,366 - INFO - [Round 10] luu checkpoint -> out_full/checkpoints/round_010.pth
2026-08-18 18:35:28,585 - INFO - [Round 10] loss=0.0536 acc=0.9962 | micro P/R/F1=0.9962/0.9962/0.9962 | macro P/R/F1=0.3321/0.3333/0.3327 | weighted P/R/F1=0.9925/0.9962/0.9944
2026-08-18 18:35:31,511 - INFO - Luu out_full/confusion_matrix_task0.csv
2026-08-18 18:35:31,512 - INFO - Luu out_full/confusion_matrix_task0_normalized.csv
2026-08-18 18:35:40,237 - INFO - Luu out_full/classification_report_task0.txt
              precision    recall  f1-score   support

      Benign     0.9962    1.0000    0.9981  41700592
         DoS     0.0000    0.0000    0.0000    145129
      double     0.0000    0.0000    0.0000     12413

    accuracy                         0.9962  41858134
   macro avg     0.3321    0.3333    0.3327  41858134
weighted avg     0.9925    0.9962    0.9944  41858134

2026-08-18 18:35:40,484 - INFO - Luu out_full/confusion_matrix_task0.png
2026-08-18 18:35:40,486 - INFO - fit progress: (5, 0.053634561342415045, {'accuracy': 0.9962362870738576, 'micro_precision': 0.9962362870738576, 'micro_recall': 0.9962362870738576, 'micro_f1': 0.9962362870738576, 'macro_precision': 0.33207876235795253, 'macro_recall': 0.3333333333333333, 'macro_f1': 0.33270486515874675, 'weighted_precision': 0.9924867396827056, 'weighted_recall': 0.9962362870738576, 'weighted_f1': 0.994357978671475}, 5366.75321164)
2026-08-18 18:35:40,486 - INFO - configure_evaluate: no clients selected, skipping evaluation
2026-08-18 18:35:40,486 - INFO - 
2026-08-18 18:35:40,486 - INFO - [ROUND 6]
2026-08-18 18:35:40,486 - INFO - configure_fit: strategy sampled 50 clients (out of 50)
2026-08-18 18:45:16,359 - INFO - aggregate_fit: received 50 results and 0 failures
2026-08-18 18:45:16,467 - INFO - [Round 6] 50/50 client tiep tuc model cuc bo (Algorithm 1 dong 10)
2026-08-18 18:45:30,783 - INFO - [Round 6] data-free KD 30 vong: gen_loss=4.2897 stu_loss=0.0800 (CE 0.0411)
2026-08-18 18:45:30,820 - INFO - [Round 11] luu checkpoint -> out_full/checkpoints/round_011.pth
2026-08-18 18:54:17,785 - INFO - [Round 11] loss=0.0474 acc=0.9962 | micro P/R/F1=0.9962/0.9962/0.9962 | macro P/R/F1=0.3321/0.3333/0.3327 | weighted P/R/F1=0.9925/0.9962/0.9944
2026-08-18 18:54:17,787 - INFO - fit progress: (6, 0.04744337080775554, {'accuracy': 0.9962362870738576, 'micro_precision': 0.9962362870738576, 'micro_recall': 0.9962362870738576, 'micro_f1': 0.9962362870738576, 'macro_precision': 0.33207876235795253, 'macro_recall': 0.3333333333333333, 'macro_f1': 0.33270486515874675, 'weighted_precision': 0.9924867396827056, 'weighted_recall': 0.9962362870738576, 'weighted_f1': 0.994357978671475}, 6484.054329751)
2026-08-18 18:54:17,787 - INFO - configure_evaluate: no clients selected, skipping evaluation
2026-08-18 18:54:17,787 - INFO - 
2026-08-18 18:54:17,788 - INFO - [ROUND 7]
2026-08-18 18:54:17,788 - INFO - configure_fit: strategy sampled 50 clients (out of 50)
2026-08-18 19:04:00,455 - INFO - aggregate_fit: received 50 results and 0 failures
2026-08-18 19:04:00,549 - INFO - [Round 7] 50/50 client tiep tuc model cuc bo (Algorithm 1 dong 10)
2026-08-18 19:04:14,444 - INFO - [Round 7] data-free KD 30 vong: gen_loss=5.3409 stu_loss=0.0887 (CE 0.0489)
2026-08-18 19:04:14,482 - INFO - [Round 12] luu checkpoint -> out_full/checkpoints/round_012.pth
2026-08-18 19:13:03,529 - INFO - [Round 12] loss=0.0843 acc=0.9962 | micro P/R/F1=0.9962/0.9962/0.9962 | macro P/R/F1=0.3321/0.3333/0.3327 | weighted P/R/F1=0.9925/0.9962/0.9944
2026-08-18 19:13:03,531 - INFO - fit progress: (7, 0.08431362163880567, {'accuracy': 0.9962362870738576, 'micro_precision': 0.9962362870738576, 'micro_recall': 0.9962362870738576, 'micro_f1': 0.9962362870738576, 'macro_precision': 0.33207876235795253, 'macro_recall': 0.3333333333333333, 'macro_f1': 0.33270486515874675, 'weighted_precision': 0.9924867396827056, 'weighted_recall': 0.9962362870738576, 'weighted_f1': 0.994357978671475}, 7609.797834754)
2026-08-18 19:13:03,531 - INFO - configure_evaluate: no clients selected, skipping evaluation
2026-08-18 19:13:03,531 - INFO - 
2026-08-18 19:13:03,531 - INFO - [ROUND 8]
2026-08-18 19:13:03,531 - INFO - configure_fit: strategy sampled 50 clients (out of 50)
2026-08-18 19:22:13,339 - INFO - aggregate_fit: received 50 results and 0 failures
2026-08-18 19:22:13,435 - INFO - [Round 8] 50/50 client tiep tuc model cuc bo (Algorithm 1 dong 10)
2026-08-18 19:22:27,698 - INFO - [Round 8] data-free KD 30 vong: gen_loss=4.4545 stu_loss=0.1188 (CE 0.0659)
2026-08-18 19:22:27,735 - INFO - [Round 13] luu checkpoint -> out_full/checkpoints/round_013.pth
2026-08-18 19:31:18,435 - INFO - [Round 13] loss=0.0948 acc=0.9962 | micro P/R/F1=0.9962/0.9962/0.9962 | macro P/R/F1=0.3321/0.3333/0.3327 | weighted P/R/F1=0.9925/0.9962/0.9944
2026-08-18 19:31:18,436 - INFO - fit progress: (8, 0.09475000194855282, {'accuracy': 0.9962362870738576, 'micro_precision': 0.9962362870738576, 'micro_recall': 0.9962362870738576, 'micro_f1': 0.9962362870738576, 'macro_precision': 0.33207876235795253, 'macro_recall': 0.3333333333333333, 'macro_f1': 0.33270486515874675, 'weighted_precision': 0.9924867396827056, 'weighted_recall': 0.9962362870738576, 'weighted_f1': 0.994357978671475}, 8704.703365770001)
2026-08-18 19:31:18,436 - INFO - configure_evaluate: no clients selected, skipping evaluation
2026-08-18 19:31:18,436 - INFO - 
2026-08-18 19:31:18,436 - INFO - [ROUND 9]
2026-08-18 19:31:18,437 - INFO - configure_fit: strategy sampled 50 clients (out of 50)
2026-08-18 19:40:42,362 - INFO - aggregate_fit: received 50 results and 0 failures
2026-08-18 19:40:42,453 - INFO - [Round 9] 50/50 client tiep tuc model cuc bo (Algorithm 1 dong 10)
2026-08-18 19:40:57,236 - INFO - [Round 9] data-free KD 30 vong: gen_loss=4.8327 stu_loss=0.1215 (CE 0.0684)
2026-08-18 19:40:57,291 - INFO - [Round 14] luu checkpoint -> out_full/checkpoints/round_014.pth
2026-08-18 19:49:38,248 - INFO - [Round 14] loss=0.0971 acc=0.9962 | micro P/R/F1=0.9962/0.9962/0.9962 | macro P/R/F1=0.3321/0.3333/0.3327 | weighted P/R/F1=0.9925/0.9962/0.9944
2026-08-18 19:49:38,250 - INFO - fit progress: (9, 0.09708994142856966, {'accuracy': 0.9962362870738576, 'micro_precision': 0.9962362870738576, 'micro_recall': 0.9962362870738576, 'micro_f1': 0.9962362870738576, 'macro_precision': 0.33207876235795253, 'macro_recall': 0.3333333333333333, 'macro_f1': 0.33270486515874675, 'weighted_precision': 0.9924867396827056, 'weighted_recall': 0.9962362870738576, 'weighted_f1': 0.994357978671475}, 9804.517255399998)
2026-08-18 19:49:38,250 - INFO - configure_evaluate: no clients selected, skipping evaluation
2026-08-18 19:49:38,250 - INFO - 
2026-08-18 19:49:38,250 - INFO - [ROUND 10]
2026-08-18 19:49:38,251 - INFO - configure_fit: strategy sampled 50 clients (out of 50)
2026-08-18 19:58:58,341 - INFO - aggregate_fit: received 50 results and 0 failures
2026-08-18 19:58:58,430 - INFO - [Round 10] 50/50 client tiep tuc model cuc bo (Algorithm 1 dong 10)
2026-08-18 19:59:11,438 - INFO - [Round 10] data-free KD 30 vong: gen_loss=4.5350 stu_loss=0.1117 (CE 0.0648)
2026-08-18 19:59:11,473 - INFO - [Round 15] luu checkpoint -> out_full/checkpoints/round_015.pth
2026-08-18 20:07:13,492 - INFO - [Round 15] loss=0.1031 acc=0.9962 | micro P/R/F1=0.9962/0.9962/0.9962 | macro P/R/F1=0.3321/0.3333/0.3327 | weighted P/R/F1=0.9925/0.9962/0.9944
2026-08-18 20:07:16,400 - INFO - Luu out_full/confusion_matrix_task0.csv
2026-08-18 20:07:16,400 - INFO - Luu out_full/confusion_matrix_task0_normalized.csv
2026-08-18 20:07:24,769 - INFO - Luu out_full/classification_report_task0.txt
              precision    recall  f1-score   support

      Benign     0.9962    1.0000    0.9981  41700592
         DoS     0.0000    0.0000    0.0000    145129
      double     0.0000    0.0000    0.0000     12413

    accuracy                         0.9962  41858134
   macro avg     0.3321    0.3333    0.3327  41858134
weighted avg     0.9925    0.9962    0.9944  41858134

2026-08-18 20:07:24,907 - INFO - Luu out_full/confusion_matrix_task0.png
2026-08-18 20:07:24,908 - INFO - fit progress: (10, 0.10314692097065384, {'accuracy': 0.9962362870738576, 'micro_precision': 0.9962362870738576, 'micro_recall': 0.9962362870738576, 'micro_f1': 0.9962362870738576, 'macro_precision': 0.33207876235795253, 'macro_recall': 0.3333333333333333, 'macro_f1': 0.33270486515874675, 'weighted_precision': 0.9924867396827056, 'weighted_recall': 0.9962362870738576, 'weighted_f1': 0.994357978671475}, 10871.175590576)
2026-08-18 20:07:24,909 - INFO - configure_evaluate: no clients selected, skipping evaluation
2026-08-18 20:07:24,909 - INFO - 
2026-08-18 20:07:24,909 - INFO - [ROUND 11]
2026-08-18 20:07:24,909 - INFO - configure_fit: strategy sampled 50 clients (out of 50)
2026-08-18 20:16:04,940 - INFO - aggregate_fit: received 50 results and 0 failures
2026-08-18 20:16:05,030 - INFO - [Round 11] 50/50 client tiep tuc model cuc bo (Algorithm 1 dong 10)
2026-08-18 20:16:18,703 - INFO - [Round 11] data-free KD 30 vong: gen_loss=5.0746 stu_loss=0.1161 (CE 0.0677)
2026-08-18 20:16:18,739 - INFO - [Round 16] luu checkpoint -> out_full/checkpoints/round_016.pth
2026-08-18 20:24:35,958 - INFO - [Round 16] loss=0.0904 acc=0.9962 | micro P/R/F1=0.9962/0.9962/0.9962 | macro P/R/F1=0.3321/0.3333/0.3327 | weighted P/R/F1=0.9925/0.9962/0.9944
2026-08-18 20:24:35,959 - INFO - fit progress: (11, 0.09044227516260399, {'accuracy': 0.9962362870738576, 'micro_precision': 0.9962362870738576, 'micro_recall': 0.9962362870738576, 'micro_f1': 0.9962362870738576, 'macro_precision': 0.33207876235795253, 'macro_recall': 0.3333333333333333, 'macro_f1': 0.33270486515874675, 'weighted_precision': 0.9924867396827056, 'weighted_recall': 0.9962362870738576, 'weighted_f1': 0.994357978671475}, 11902.226768182001)
2026-08-18 20:24:35,960 - INFO - configure_evaluate: no clients selected, skipping evaluation
2026-08-18 20:24:35,960 - INFO - 
2026-08-18 20:24:35,960 - INFO - [ROUND 12]
2026-08-18 20:24:35,960 - INFO - configure_fit: strategy sampled 50 clients (out of 50)
2026-08-18 20:33:17,660 - INFO - aggregate_fit: received 50 results and 0 failures
2026-08-18 20:33:17,747 - INFO - [Round 12] 50/50 client tiep tuc model cuc bo (Algorithm 1 dong 10)
2026-08-18 20:33:31,287 - INFO - [Round 12] data-free KD 30 vong: gen_loss=5.5790 stu_loss=0.1144 (CE 0.0667)
2026-08-18 20:33:31,330 - INFO - [Round 17] luu checkpoint -> out_full/checkpoints/round_017.pth
2026-08-18 20:41:48,283 - INFO - [Round 17] loss=0.0932 acc=0.9962 | micro P/R/F1=0.9962/0.9962/0.9962 | macro P/R/F1=0.3321/0.3333/0.3327 | weighted P/R/F1=0.9925/0.9962/0.9944
2026-08-18 20:41:48,285 - INFO - fit progress: (12, 0.09318129566521793, {'accuracy': 0.9962362870738576, 'micro_precision': 0.9962362870738576, 'micro_recall': 0.9962362870738576, 'micro_f1': 0.9962362870738576, 'macro_precision': 0.33207876235795253, 'macro_recall': 0.3333333333333333, 'macro_f1': 0.33270486515874675, 'weighted_precision': 0.9924867396827056, 'weighted_recall': 0.9962362870738576, 'weighted_f1': 0.994357978671475}, 12934.552204423999)
2026-08-18 20:41:48,285 - INFO - configure_evaluate: no clients selected, skipping evaluation
2026-08-18 20:41:48,285 - INFO - 
2026-08-18 20:41:48,285 - INFO - [ROUND 13]
2026-08-18 20:41:48,286 - INFO - configure_fit: strategy sampled 50 clients (out of 50)
2026-08-18 20:50:38,248 - INFO - aggregate_fit: received 50 results and 0 failures
2026-08-18 20:50:38,340 - INFO - [Round 13] 50/50 client tiep tuc model cuc bo (Algorithm 1 dong 10)
2026-08-18 20:50:51,844 - INFO - [Round 13] data-free KD 30 vong: gen_loss=5.7875 stu_loss=0.0954 (CE 0.0581)
2026-08-18 20:50:51,891 - INFO - [Round 18] luu checkpoint -> out_full/checkpoints/round_018.pth
2026-08-18 20:59:00,314 - INFO - [Round 18] loss=0.0650 acc=0.9962 | micro P/R/F1=0.9962/0.9962/0.9962 | macro P/R/F1=0.3321/0.3333/0.3327 | weighted P/R/F1=0.9925/0.9962/0.9944
2026-08-18 20:59:00,315 - INFO - fit progress: (13, 0.06501730551429225, {'accuracy': 0.9962362870738576, 'micro_precision': 0.9962362870738576, 'micro_recall': 0.9962362870738576, 'micro_f1': 0.9962362870738576, 'macro_precision': 0.33207876235795253, 'macro_recall': 0.3333333333333333, 'macro_f1': 0.33270486515874675, 'weighted_precision': 0.9924867396827056, 'weighted_recall': 0.9962362870738576, 'weighted_f1': 0.994357978671475}, 13966.582629175002)
2026-08-18 20:59:00,316 - INFO - configure_evaluate: no clients selected, skipping evaluation
2026-08-18 20:59:00,316 - INFO - 
2026-08-18 20:59:00,316 - INFO - [ROUND 14]
2026-08-18 20:59:00,316 - INFO - configure_fit: strategy sampled 50 clients (out of 50)
2026-08-18 21:08:14,164 - INFO - aggregate_fit: received 50 results and 0 failures
2026-08-18 21:08:14,241 - INFO - [Round 14] 50/50 client tiep tuc model cuc bo (Algorithm 1 dong 10)
2026-08-18 21:08:26,494 - INFO - [Round 14] data-free KD 30 vong: gen_loss=6.8463 stu_loss=0.0405 (CE 0.0273)
2026-08-18 21:08:26,528 - INFO - [Round 19] luu checkpoint -> out_full/checkpoints/round_019.pth
2026-08-18 21:16:25,957 - INFO - [Round 19] loss=0.0416 acc=0.9962 | micro P/R/F1=0.9962/0.9962/0.9962 | macro P/R/F1=0.3321/0.3333/0.3327 | weighted P/R/F1=0.9925/0.9962/0.9944
2026-08-18 21:16:25,959 - INFO - fit progress: (14, 0.04159957525938195, {'accuracy': 0.9962362870738576, 'micro_precision': 0.9962362870738576, 'micro_recall': 0.9962362870738576, 'micro_f1': 0.9962362870738576, 'macro_precision': 0.33207876235795253, 'macro_recall': 0.3333333333333333, 'macro_f1': 0.33270486515874675, 'weighted_precision': 0.9924867396827056, 'weighted_recall': 0.9962362870738576, 'weighted_f1': 0.994357978671475}, 15012.226096245002)
2026-08-18 21:16:25,959 - INFO - configure_evaluate: no clients selected, skipping evaluation
2026-08-18 21:16:25,959 - INFO - 
2026-08-18 21:16:25,959 - INFO - [ROUND 15]
2026-08-18 21:16:25,959 - INFO - configure_fit: strategy sampled 50 clients (out of 50)
2026-08-18 21:24:26,619 - INFO - aggregate_fit: received 50 results and 0 failures
2026-08-18 21:24:26,698 - INFO - [Round 15] 50/50 client tiep tuc model cuc bo (Algorithm 1 dong 10)
2026-08-18 21:24:39,266 - INFO - [Round 15] data-free KD 30 vong: gen_loss=7.4773 stu_loss=0.0346 (CE 0.0153)
2026-08-18 21:24:39,301 - INFO - [Round 20] luu checkpoint -> out_full/checkpoints/round_020.pth
2026-08-18 21:32:20,356 - INFO - [Round 20] loss=0.0367 acc=0.9962 | micro P/R/F1=0.9962/0.9962/0.9962 | macro P/R/F1=0.3321/0.3333/0.3327 | weighted P/R/F1=0.9925/0.9962/0.9944
2026-08-18 21:32:23,073 - INFO - Luu out_full/confusion_matrix_task0.csv
2026-08-18 21:32:23,073 - INFO - Luu out_full/confusion_matrix_task0_normalized.csv
2026-08-18 21:32:31,084 - INFO - Luu out_full/classification_report_task0.txt
              precision    recall  f1-score   support

      Benign     0.9962    1.0000    0.9981  41700592
         DoS     0.0000    0.0000    0.0000    145129
      double     0.0000    0.0000    0.0000     12413

    accuracy                         0.9962  41858134
   macro avg     0.3321    0.3333    0.3327  41858134
weighted avg     0.9925    0.9962    0.9944  41858134

2026-08-18 21:32:31,209 - INFO - Luu out_full/confusion_matrix_task0.png
2026-08-18 21:32:31,211 - INFO - fit progress: (15, 0.0367392713077359, {'accuracy': 0.9962362870738576, 'micro_precision': 0.9962362870738576, 'micro_recall': 0.9962362870738576, 'micro_f1': 0.9962362870738576, 'macro_precision': 0.33207876235795253, 'macro_recall': 0.3333333333333333, 'macro_f1': 0.33270486515874675, 'weighted_precision': 0.9924867396827056, 'weighted_recall': 0.9962362870738576, 'weighted_f1': 0.994357978671475}, 15977.478123377)
2026-08-18 21:32:31,211 - INFO - configure_evaluate: no clients selected, skipping evaluation
2026-08-18 21:32:31,211 - INFO - 
2026-08-18 21:32:31,211 - INFO - [ROUND 16]
2026-08-18 21:32:31,211 - INFO - configure_fit: strategy sampled 50 clients (out of 50)
2026-08-18 21:41:23,285 - INFO - aggregate_fit: received 50 results and 0 failures
2026-08-18 21:41:23,367 - INFO - [Round 16] 50/50 client tiep tuc model cuc bo (Algorithm 1 dong 10)
2026-08-18 21:41:36,257 - INFO - [Round 16] data-free KD 30 vong: gen_loss=8.3318 stu_loss=0.0232 (CE 0.0124)
2026-08-18 21:41:36,291 - INFO - [Round 21] luu checkpoint -> out_full/checkpoints/round_021.pth
2026-08-18 21:49:28,355 - INFO - [Round 21] loss=0.0337 acc=0.9962 | micro P/R/F1=0.9962/0.9962/0.9962 | macro P/R/F1=0.3321/0.3333/0.3327 | weighted P/R/F1=0.9925/0.9962/0.9944
2026-08-18 21:49:28,356 - INFO - fit progress: (16, 0.033690366789187375, {'accuracy': 0.9962362870738576, 'micro_precision': 0.9962362870738576, 'micro_recall': 0.9962362870738576, 'micro_f1': 0.9962362870738576, 'macro_precision': 0.33207876235795253, 'macro_recall': 0.3333333333333333, 'macro_f1': 0.33270486515874675, 'weighted_precision': 0.9924867396827056, 'weighted_recall': 0.9962362870738576, 'weighted_f1': 0.994357978671475}, 16994.623696924)
2026-08-18 21:49:28,357 - INFO - configure_evaluate: no clients selected, skipping evaluation
2026-08-18 21:49:28,357 - INFO - 
2026-08-18 21:49:28,357 - INFO - [ROUND 17]
2026-08-18 21:49:28,357 - INFO - configure_fit: strategy sampled 50 clients (out of 50)
2026-08-18 21:57:58,437 - INFO - aggregate_fit: received 50 results and 0 failures
2026-08-18 21:57:58,523 - INFO - [Round 17] 50/50 client tiep tuc model cuc bo (Algorithm 1 dong 10)
2026-08-18 21:58:12,052 - INFO - [Round 17] data-free KD 30 vong: gen_loss=8.6015 stu_loss=0.0310 (CE 0.0049)
2026-08-18 21:58:12,089 - INFO - [Round 22] luu checkpoint -> out_full/checkpoints/round_022.pth
2026-08-18 22:06:48,598 - INFO - [Round 22] loss=0.0410 acc=0.9962 | micro P/R/F1=0.9962/0.9962/0.9962 | macro P/R/F1=0.3321/0.3333/0.3327 | weighted P/R/F1=0.9925/0.9962/0.9944
2026-08-18 22:06:48,599 - INFO - fit progress: (17, 0.040950836206605445, {'accuracy': 0.9962362870738576, 'micro_precision': 0.9962362870738576, 'micro_recall': 0.9962362870738576, 'micro_f1': 0.9962362870738576, 'macro_precision': 0.33207876235795253, 'macro_recall': 0.3333333333333333, 'macro_f1': 0.33270486515874675, 'weighted_precision': 0.9924867396827056, 'weighted_recall': 0.9962362870738576, 'weighted_f1': 0.994357978671475}, 18034.866540298)
2026-08-18 22:06:48,600 - INFO - configure_evaluate: no clients selected, skipping evaluation
2026-08-18 22:06:48,600 - INFO - 
2026-08-18 22:06:48,600 - INFO - [ROUND 18]
2026-08-18 22:06:48,600 - INFO - configure_fit: strategy sampled 50 clients (out of 50)
2026-08-18 22:15:32,093 - INFO - aggregate_fit: received 50 results and 0 failures
2026-08-18 22:15:32,169 - INFO - [Round 18] 50/50 client tiep tuc model cuc bo (Algorithm 1 dong 10)
2026-08-18 22:15:44,686 - INFO - [Round 18] data-free KD 30 vong: gen_loss=9.6321 stu_loss=0.0202 (CE 0.0040)
2026-08-18 22:15:44,720 - INFO - [Round 23] luu checkpoint -> out_full/checkpoints/round_023.pth
2026-08-18 22:23:24,426 - INFO - [Round 23] loss=0.0442 acc=0.9962 | micro P/R/F1=0.9962/0.9962/0.9962 | macro P/R/F1=0.3321/0.3333/0.3327 | weighted P/R/F1=0.9925/0.9962/0.9944
2026-08-18 22:23:24,427 - INFO - fit progress: (18, 0.04421868724189767, {'accuracy': 0.9962362870738576, 'micro_precision': 0.9962362870738576, 'micro_recall': 0.9962362870738576, 'micro_f1': 0.9962362870738576, 'macro_precision': 0.33207876235795253, 'macro_recall': 0.3333333333333333, 'macro_f1': 0.33270486515874675, 'weighted_precision': 0.9924867396827056, 'weighted_recall': 0.9962362870738576, 'weighted_f1': 0.994357978671475}, 19030.694407648)
2026-08-18 22:23:24,427 - INFO - configure_evaluate: no clients selected, skipping evaluation
2026-08-18 22:23:24,427 - INFO - 
2026-08-18 22:23:24,428 - INFO - [ROUND 19]
2026-08-18 22:23:24,428 - INFO - configure_fit: strategy sampled 50 clients (out of 50)
2026-08-18 22:31:38,207 - INFO - aggregate_fit: received 50 results and 0 failures
2026-08-18 22:31:38,291 - INFO - [Round 19] 50/50 client tiep tuc model cuc bo (Algorithm 1 dong 10)
2026-08-18 22:31:51,726 - INFO - [Round 19] data-free KD 30 vong: gen_loss=8.9300 stu_loss=0.0153 (CE 0.0038)
2026-08-18 22:31:51,760 - INFO - [Round 24] luu checkpoint -> out_full/checkpoints/round_024.pth
2026-08-18 22:39:54,139 - INFO - [Round 24] loss=0.0306 acc=0.9962 | micro P/R/F1=0.9962/0.9962/0.9962 | macro P/R/F1=0.3321/0.3333/0.3327 | weighted P/R/F1=0.9925/0.9962/0.9944
2026-08-18 22:39:54,140 - INFO - fit progress: (19, 0.030611360813340687, {'accuracy': 0.9962362870738576, 'micro_precision': 0.9962362870738576, 'micro_recall': 0.9962362870738576, 'micro_f1': 0.9962362870738576, 'macro_precision': 0.33207876235795253, 'macro_recall': 0.3333333333333333, 'macro_f1': 0.33270486515874675, 'weighted_precision': 0.9924867396827056, 'weighted_recall': 0.9962362870738576, 'weighted_f1': 0.994357978671475}, 20020.407747465)
2026-08-18 22:39:54,141 - INFO - configure_evaluate: no clients selected, skipping evaluation
2026-08-18 22:39:54,141 - INFO - 
2026-08-18 22:39:54,141 - INFO - [ROUND 20]
2026-08-18 22:39:54,141 - INFO - configure_fit: strategy sampled 50 clients (out of 50)
2026-08-18 22:48:13,696 - INFO - aggregate_fit: received 50 results and 0 failures
2026-08-18 22:48:13,775 - INFO - [Round 20] 50/50 client tiep tuc model cuc bo (Algorithm 1 dong 10)
2026-08-18 22:48:27,173 - INFO - [Round 20] data-free KD 30 vong: gen_loss=6.8242 stu_loss=0.0319 (CE 0.0030)
2026-08-18 22:48:27,211 - INFO - [Round 25] luu checkpoint -> out_full/checkpoints/round_025.pth
2026-08-18 22:56:19,290 - INFO - [Round 25] loss=0.0341 acc=0.9962 | micro P/R/F1=0.9962/0.9962/0.9962 | macro P/R/F1=0.3321/0.3333/0.3327 | weighted P/R/F1=0.9925/0.9962/0.9944
2026-08-18 22:56:21,970 - INFO - Luu out_full/confusion_matrix_task0.csv
2026-08-18 22:56:21,970 - INFO - Luu out_full/confusion_matrix_task0_normalized.csv
2026-08-18 22:56:29,843 - INFO - Luu out_full/classification_report_task0.txt
              precision    recall  f1-score   support

      Benign     0.9962    1.0000    0.9981  41700592
         DoS     0.0000    0.0000    0.0000    145129
      double     0.0000    0.0000    0.0000     12413

    accuracy                         0.9962  41858134
   macro avg     0.3321    0.3333    0.3327  41858134
weighted avg     0.9925    0.9962    0.9944  41858134

2026-08-18 22:56:29,969 - INFO - Luu out_full/confusion_matrix_task0.png
2026-08-18 22:56:29,970 - INFO - fit progress: (20, 0.0341211009470139, {'accuracy': 0.9962362870738576, 'micro_precision': 0.9962362870738576, 'micro_recall': 0.9962362870738576, 'micro_f1': 0.9962362870738576, 'macro_precision': 0.33207876235795253, 'macro_recall': 0.3333333333333333, 'macro_f1': 0.33270486515874675, 'weighted_precision': 0.9924867396827056, 'weighted_recall': 0.9962362870738576, 'weighted_f1': 0.994357978671475}, 21016.237599627002)
2026-08-18 22:56:29,971 - INFO - configure_evaluate: no clients selected, skipping evaluation
2026-08-18 22:56:29,971 - INFO - 
2026-08-18 22:56:29,971 - INFO - [ROUND 21]
2026-08-18 22:56:29,971 - INFO - configure_fit: strategy sampled 50 clients (out of 50)
2026-08-18 23:05:22,852 - INFO - aggregate_fit: received 50 results and 0 failures
2026-08-18 23:05:22,935 - INFO - [Round 21] 50/50 client tiep tuc model cuc bo (Algorithm 1 dong 10)
2026-08-18 23:05:36,189 - INFO - [Round 21] data-free KD 30 vong: gen_loss=9.7279 stu_loss=0.0378 (CE 0.0050)
2026-08-18 23:05:36,226 - INFO - [Round 26] luu checkpoint -> out_full/checkpoints/round_026.pth
2026-08-18 23:13:40,517 - INFO - [Round 26] loss=0.0374 acc=0.9962 | micro P/R/F1=0.9962/0.9962/0.9962 | macro P/R/F1=0.3321/0.3333/0.3327 | weighted P/R/F1=0.9925/0.9962/0.9944
2026-08-18 23:13:40,522 - INFO - fit progress: (21, 0.03742245788885433, {'accuracy': 0.9962362870738576, 'micro_precision': 0.9962362870738576, 'micro_recall': 0.9962362870738576, 'micro_f1': 0.9962362870738576, 'macro_precision': 0.33207876235795253, 'macro_recall': 0.3333333333333333, 'macro_f1': 0.33270486515874675, 'weighted_precision': 0.9924867396827056, 'weighted_recall': 0.9962362870738576, 'weighted_f1': 0.994357978671475}, 22046.789783587003)
2026-08-18 23:13:40,523 - INFO - configure_evaluate: no clients selected, skipping evaluation
2026-08-18 23:13:40,523 - INFO - 
2026-08-18 23:13:40,523 - INFO - [ROUND 22]
2026-08-18 23:13:40,523 - INFO - configure_fit: strategy sampled 50 clients (out of 50)
2026-08-18 23:22:26,589 - INFO - aggregate_fit: received 50 results and 0 failures
2026-08-18 23:22:26,677 - INFO - [Round 22] 50/50 client tiep tuc model cuc bo (Algorithm 1 dong 10)
2026-08-18 23:22:39,761 - INFO - [Round 22] data-free KD 30 vong: gen_loss=9.5658 stu_loss=0.0268 (CE 0.0034)
2026-08-18 23:22:39,809 - INFO - [Round 27] luu checkpoint -> out_full/checkpoints/round_027.pth
2026-08-18 23:30:16,128 - INFO - [Round 27] loss=0.0335 acc=0.9962 | micro P/R/F1=0.9962/0.9962/0.9962 | macro P/R/F1=0.3321/0.3333/0.3327 | weighted P/R/F1=0.9925/0.9962/0.9944
2026-08-18 23:30:16,130 - INFO - fit progress: (22, 0.03351934176639366, {'accuracy': 0.9962362870738576, 'micro_precision': 0.9962362870738576, 'micro_recall': 0.9962362870738576, 'micro_f1': 0.9962362870738576, 'macro_precision': 0.33207876235795253, 'macro_recall': 0.3333333333333333, 'macro_f1': 0.33270486515874675, 'weighted_precision': 0.9924867396827056, 'weighted_recall': 0.9962362870738576, 'weighted_f1': 0.994357978671475}, 23042.397062406002)
2026-08-18 23:30:16,130 - INFO - configure_evaluate: no clients selected, skipping evaluation
2026-08-18 23:30:16,130 - INFO - 
2026-08-18 23:30:16,130 - INFO - [ROUND 23]
2026-08-18 23:30:16,130 - INFO - configure_fit: strategy sampled 50 clients (out of 50)
2026-08-18 23:38:37,587 - INFO - aggregate_fit: received 50 results and 0 failures
2026-08-18 23:38:37,664 - INFO - [Round 23] 50/50 client tiep tuc model cuc bo (Algorithm 1 dong 10)
2026-08-18 23:38:50,084 - INFO - [Round 23] data-free KD 30 vong: gen_loss=8.2328 stu_loss=0.0223 (CE 0.0036)
2026-08-18 23:38:50,117 - INFO - [Round 28] luu checkpoint -> out_full/checkpoints/round_028.pth
2026-08-18 23:46:22,313 - INFO - [Round 28] loss=0.0321 acc=0.9962 | micro P/R/F1=0.9962/0.9962/0.9962 | macro P/R/F1=0.3321/0.3333/0.3327 | weighted P/R/F1=0.9925/0.9962/0.9944
2026-08-18 23:46:22,315 - INFO - fit progress: (23, 0.032052830304748176, {'accuracy': 0.9962362870738576, 'micro_precision': 0.9962362870738576, 'micro_recall': 0.9962362870738576, 'micro_f1': 0.9962362870738576, 'macro_precision': 0.33207876235795253, 'macro_recall': 0.3333333333333333, 'macro_f1': 0.33270486515874675, 'weighted_precision': 0.9924867396827056, 'weighted_recall': 0.9962362870738576, 'weighted_f1': 0.994357978671475}, 24008.582010493003)
2026-08-18 23:46:22,315 - INFO - configure_evaluate: no clients selected, skipping evaluation
2026-08-18 23:46:22,315 - INFO - 
2026-08-18 23:46:22,315 - INFO - [ROUND 24]
2026-08-18 23:46:22,315 - INFO - configure_fit: strategy sampled 50 clients (out of 50)
2026-08-18 23:54:40,026 - INFO - aggregate_fit: received 50 results and 0 failures
2026-08-18 23:54:40,119 - INFO - [Round 24] 50/50 client tiep tuc model cuc bo (Algorithm 1 dong 10)
2026-08-18 23:54:53,594 - INFO - [Round 24] data-free KD 30 vong: gen_loss=8.2122 stu_loss=0.0290 (CE 0.0056)
2026-08-18 23:54:53,630 - INFO - [Round 29] luu checkpoint -> out_full/checkpoints/round_029.pth
2026-08-19 00:02:36,637 - INFO - [Round 29] loss=0.0339 acc=0.9962 | micro P/R/F1=0.9962/0.9962/0.9962 | macro P/R/F1=0.3321/0.3333/0.3327 | weighted P/R/F1=0.9925/0.9962/0.9944
2026-08-19 00:02:36,638 - INFO - fit progress: (24, 0.03389673738823766, {'accuracy': 0.9962362870738576, 'micro_precision': 0.9962362870738576, 'micro_recall': 0.9962362870738576, 'micro_f1': 0.9962362870738576, 'macro_precision': 0.33207876235795253, 'macro_recall': 0.3333333333333333, 'macro_f1': 0.33270486515874675, 'weighted_precision': 0.9924867396827056, 'weighted_recall': 0.9962362870738576, 'weighted_f1': 0.994357978671475}, 24982.905609323)
2026-08-19 00:02:36,639 - INFO - configure_evaluate: no clients selected, skipping evaluation
2026-08-19 00:02:36,639 - INFO - 
2026-08-19 00:02:36,639 - INFO - [ROUND 25]
2026-08-19 00:02:36,639 - INFO - configure_fit: strategy sampled 50 clients (out of 50)
2026-08-19 00:10:47,400 - INFO - aggregate_fit: received 50 results and 0 failures
2026-08-19 00:10:47,487 - INFO - [Round 25] 50/50 client tiep tuc model cuc bo (Algorithm 1 dong 10)
2026-08-19 00:11:01,008 - INFO - [Round 25] data-free KD 30 vong: gen_loss=9.3680 stu_loss=0.0188 (CE 0.0058)
2026-08-19 00:11:01,042 - INFO - [Round 30] luu checkpoint -> out_full/checkpoints/round_030.pth
2026-08-19 00:18:54,599 - INFO - [Round 30] loss=0.0340 acc=0.9962 | micro P/R/F1=0.9962/0.9962/0.9962 | macro P/R/F1=0.3321/0.3333/0.3327 | weighted P/R/F1=0.9925/0.9962/0.9944
2026-08-19 00:18:57,659 - INFO - Luu out_full/confusion_matrix_task0.csv
2026-08-19 00:18:57,660 - INFO - Luu out_full/confusion_matrix_task0_normalized.csv
2026-08-19 00:19:06,306 - INFO - Luu out_full/classification_report_task0.txt
              precision    recall  f1-score   support

      Benign     0.9962    1.0000    0.9981  41700592
         DoS     0.0000    0.0000    0.0000    145129
      double     0.0000    0.0000    0.0000     12413

    accuracy                         0.9962  41858134
   macro avg     0.3321    0.3333    0.3327  41858134
weighted avg     0.9925    0.9962    0.9944  41858134

2026-08-19 00:19:06,477 - INFO - Luu out_full/confusion_matrix_task0.png
2026-08-19 00:19:06,479 - INFO - fit progress: (25, 0.034016072644657086, {'accuracy': 0.9962362870738576, 'micro_precision': 0.9962362870738576, 'micro_recall': 0.9962362870738576, 'micro_f1': 0.9962362870738576, 'macro_precision': 0.33207876235795253, 'macro_recall': 0.3333333333333333, 'macro_f1': 0.33270486515874675, 'weighted_precision': 0.9924867396827056, 'weighted_recall': 0.9962362870738576, 'weighted_f1': 0.994357978671475}, 25972.746106135)
2026-08-19 00:19:06,479 - INFO - configure_evaluate: no clients selected, skipping evaluation
2026-08-19 00:19:06,480 - INFO - 
2026-08-19 00:19:06,480 - INFO - [SUMMARY]
2026-08-19 00:19:06,480 - INFO - Run finished 25 round(s) in 25972.75s
2026-08-19 00:19:06,490 - INFO - 	History (loss, centralized):
2026-08-19 00:19:06,491 - INFO - 		round 1: 0.15197934589900966
2026-08-19 00:19:06,491 - INFO - 		round 2: 0.07153672384218461
2026-08-19 00:19:06,491 - INFO - 		round 3: 0.06774582660478155
2026-08-19 00:19:06,491 - INFO - 		round 4: 0.05698133296280399
2026-08-19 00:19:06,491 - INFO - 		round 5: 0.053634561342415045
2026-08-19 00:19:06,491 - INFO - 		round 6: 0.04744337080775554
2026-08-19 00:19:06,492 - INFO - 		round 7: 0.08431362163880567
2026-08-19 00:19:06,492 - INFO - 		round 8: 0.09475000194855282
2026-08-19 00:19:06,492 - INFO - 		round 9: 0.09708994142856966
2026-08-19 00:19:06,492 - INFO - 		round 10: 0.10314692097065384
2026-08-19 00:19:06,492 - INFO - 		round 11: 0.09044227516260399
2026-08-19 00:19:06,492 - INFO - 		round 12: 0.09318129566521793
2026-08-19 00:19:06,492 - INFO - 		round 13: 0.06501730551429225
2026-08-19 00:19:06,492 - INFO - 		round 14: 0.04159957525938195
2026-08-19 00:19:06,492 - INFO - 		round 15: 0.0367392713077359
2026-08-19 00:19:06,492 - INFO - 		round 16: 0.033690366789187375
2026-08-19 00:19:06,493 - INFO - 		round 17: 0.040950836206605445
2026-08-19 00:19:06,493 - INFO - 		round 18: 0.04421868724189767
2026-08-19 00:19:06,493 - INFO - 		round 19: 0.030611360813340687
2026-08-19 00:19:06,493 - INFO - 		round 20: 0.0341211009470139
2026-08-19 00:19:06,493 - INFO - 		round 21: 0.03742245788885433
2026-08-19 00:19:06,493 - INFO - 		round 22: 0.03351934176639366
2026-08-19 00:19:06,493 - INFO - 		round 23: 0.032052830304748176
2026-08-19 00:19:06,493 - INFO - 		round 24: 0.03389673738823766
2026-08-19 00:19:06,493 - INFO - 		round 25: 0.034016072644657086
2026-08-19 00:19:06,493 - INFO - 	History (metrics, distributed, fit):
2026-08-19 00:19:06,494 - INFO - 	{'gen_loss': [(1, 4.5196210463841755),
2026-08-19 00:19:06,494 - INFO - 	              (2, 3.008145260810852),
2026-08-19 00:19:06,494 - INFO - 	              (3, 2.372449525197347),
2026-08-19 00:19:06,494 - INFO - 	              (4, 2.7579408168792723),
2026-08-19 00:19:06,494 - INFO - 	              (5, 3.6338088115056357),
2026-08-19 00:19:06,494 - INFO - 	              (6, 4.289677031834921),
2026-08-19 00:19:06,494 - INFO - 	              (7, 5.34086454709371),
2026-08-19 00:19:06,494 - INFO - 	              (8, 4.454453961054484),
2026-08-19 00:19:06,494 - INFO - 	              (9, 4.8326515833536785),
2026-08-19 00:19:06,495 - INFO - 	              (10, 4.534993823369344),
2026-08-19 00:19:06,495 - INFO - 	              (11, 5.074565458297729),
2026-08-19 00:19:06,495 - INFO - 	              (12, 5.57900980313619),
2026-08-19 00:19:06,495 - INFO - 	              (13, 5.78745059967041),
2026-08-19 00:19:06,495 - INFO - 	              (14, 6.846306864420573),
2026-08-19 00:19:06,495 - INFO - 	              (15, 7.477300755182902),
2026-08-19 00:19:06,495 - INFO - 	              (16, 8.331812985738118),
2026-08-19 00:19:06,495 - INFO - 	              (17, 8.60153252283732),
2026-08-19 00:19:06,495 - INFO - 	              (18, 9.632149410247802),
2026-08-19 00:19:06,495 - INFO - 	              (19, 8.930022048950196),
2026-08-19 00:19:06,496 - INFO - 	              (20, 6.824243815739949),
2026-08-19 00:19:06,496 - INFO - 	              (21, 9.727911027272542),
2026-08-19 00:19:06,496 - INFO - 	              (22, 9.565817864735921),
2026-08-19 00:19:06,496 - INFO - 	              (23, 8.232756280899048),
2026-08-19 00:19:06,496 - INFO - 	              (24, 8.21224471728007),
2026-08-19 00:19:06,496 - INFO - 	              (25, 9.368043835957845)],
2026-08-19 00:19:06,496 - INFO - 	 'kd_loss_client': [(1, 2.742079927436927),
2026-08-19 00:19:06,496 - INFO - 	                    (2, 1.7835328810074476),
2026-08-19 00:19:06,496 - INFO - 	                    (3, 1.807337663094729),
2026-08-19 00:19:06,496 - INFO - 	                    (4, 1.966908700118781),
2026-08-19 00:19:06,497 - INFO - 	                    (5, 2.8679765434405935),
2026-08-19 00:19:06,497 - INFO - 	                    (6, 3.1714109836196105),
2026-08-19 00:19:06,497 - INFO - 	                    (7, 3.3163527313740415),
2026-08-19 00:19:06,497 - INFO - 	                    (8, 2.8665335010875492),
2026-08-19 00:19:06,497 - INFO - 	                    (9, 2.9021258807421257),
2026-08-19 00:19:06,497 - INFO - 	                    (10, 2.797414597571934),
2026-08-19 00:19:06,497 - INFO - 	                    (11, 2.8356320006513274),
2026-08-19 00:19:06,497 - INFO - 	                    (12, 2.8934863752029405),
2026-08-19 00:19:06,497 - INFO - 	                    (13, 2.873199031439338),
2026-08-19 00:19:06,497 - INFO - 	                    (14, 3.0176092878047904),
2026-08-19 00:19:06,497 - INFO - 	                    (15, 3.234715432943549),
2026-08-19 00:19:06,497 - INFO - 	                    (16, 3.4064787692124114),
2026-08-19 00:19:06,498 - INFO - 	                    (17, 3.7722290264752867),
2026-08-19 00:19:06,498 - INFO - 	                    (18, 4.414014814906767),
2026-08-19 00:19:06,498 - INFO - 	                    (19, 4.688407660312995),
2026-08-19 00:19:06,498 - INFO - 	                    (20, 3.650119115279975),
2026-08-19 00:19:06,498 - INFO - 	                    (21, 3.6966147986422144),
2026-08-19 00:19:06,498 - INFO - 	                    (22, 4.022645228930362),
2026-08-19 00:19:06,498 - INFO - 	                    (23, 3.9152112077819834),
2026-08-19 00:19:06,498 - INFO - 	                    (24, 3.59506451012591),
2026-08-19 00:19:06,498 - INFO - 	                    (25, 3.549422336368335)],
2026-08-19 00:19:06,498 - INFO - 	 'num_clients': [(1, 50),
2026-08-19 00:19:06,498 - INFO - 	                 (2, 50),
2026-08-19 00:19:06,498 - INFO - 	                 (3, 50),
2026-08-19 00:19:06,499 - INFO - 	                 (4, 50),
2026-08-19 00:19:06,499 - INFO - 	                 (5, 50),
2026-08-19 00:19:06,499 - INFO - 	                 (6, 50),
2026-08-19 00:19:06,499 - INFO - 	                 (7, 50),
2026-08-19 00:19:06,499 - INFO - 	                 (8, 50),
2026-08-19 00:19:06,499 - INFO - 	                 (9, 50),
2026-08-19 00:19:06,499 - INFO - 	                 (10, 50),
2026-08-19 00:19:06,499 - INFO - 	                 (11, 50),
2026-08-19 00:19:06,499 - INFO - 	                 (12, 50),
2026-08-19 00:19:06,499 - INFO - 	                 (13, 50),
2026-08-19 00:19:06,499 - INFO - 	                 (14, 50),
2026-08-19 00:19:06,499 - INFO - 	                 (15, 50),
2026-08-19 00:19:06,500 - INFO - 	                 (16, 50),
2026-08-19 00:19:06,500 - INFO - 	                 (17, 50),
2026-08-19 00:19:06,500 - INFO - 	                 (18, 50),
2026-08-19 00:19:06,500 - INFO - 	                 (19, 50),
2026-08-19 00:19:06,500 - INFO - 	                 (20, 50),
2026-08-19 00:19:06,500 - INFO - 	                 (21, 50),
2026-08-19 00:19:06,500 - INFO - 	                 (22, 50),
2026-08-19 00:19:06,500 - INFO - 	                 (23, 50),
2026-08-19 00:19:06,500 - INFO - 	                 (24, 50),
2026-08-19 00:19:06,500 - INFO - 	                 (25, 50)],
2026-08-19 00:19:06,500 - INFO - 	 'resumed_local': [(1, 50),
2026-08-19 00:19:06,500 - INFO - 	                   (2, 50),
2026-08-19 00:19:06,500 - INFO - 	                   (3, 50),
2026-08-19 00:19:06,501 - INFO - 	                   (4, 50),
2026-08-19 00:19:06,501 - INFO - 	                   (5, 50),
2026-08-19 00:19:06,501 - INFO - 	                   (6, 50),
2026-08-19 00:19:06,501 - INFO - 	                   (7, 50),
2026-08-19 00:19:06,501 - INFO - 	                   (8, 50),
2026-08-19 00:19:06,501 - INFO - 	                   (9, 50),
2026-08-19 00:19:06,501 - INFO - 	                   (10, 50),
2026-08-19 00:19:06,501 - INFO - 	                   (11, 50),
2026-08-19 00:19:06,501 - INFO - 	                   (12, 50),
2026-08-19 00:19:06,501 - INFO - 	                   (13, 50),
2026-08-19 00:19:06,501 - INFO - 	                   (14, 50),
2026-08-19 00:19:06,501 - INFO - 	                   (15, 50),
2026-08-19 00:19:06,501 - INFO - 	                   (16, 50),
2026-08-19 00:19:06,502 - INFO - 	                   (17, 50),
2026-08-19 00:19:06,502 - INFO - 	                   (18, 50),
2026-08-19 00:19:06,502 - INFO - 	                   (19, 50),
2026-08-19 00:19:06,502 - INFO - 	                   (20, 50),
2026-08-19 00:19:06,502 - INFO - 	                   (21, 50),
2026-08-19 00:19:06,502 - INFO - 	                   (22, 50),
2026-08-19 00:19:06,502 - INFO - 	                   (23, 50),
2026-08-19 00:19:06,502 - INFO - 	                   (24, 50),
2026-08-19 00:19:06,502 - INFO - 	                   (25, 50)],
2026-08-19 00:19:06,502 - INFO - 	 'stu_ce': [(1, 0.0530466074993213),
2026-08-19 00:19:06,502 - INFO - 	            (2, 0.059928931519389154),
2026-08-19 00:19:06,502 - INFO - 	            (3, 0.05817955605685711),
2026-08-19 00:19:06,503 - INFO - 	            (4, 0.05998972997069359),
2026-08-19 00:19:06,503 - INFO - 	            (5, 0.05368419242401918),
2026-08-19 00:19:06,503 - INFO - 	            (6, 0.041077277647952236),
2026-08-19 00:19:06,503 - INFO - 	            (7, 0.0488882643232743),
2026-08-19 00:19:06,503 - INFO - 	            (8, 0.06594163805246353),
2026-08-19 00:19:06,503 - INFO - 	            (9, 0.06843079273899397),
2026-08-19 00:19:06,503 - INFO - 	            (10, 0.06476127050817013),
2026-08-19 00:19:06,503 - INFO - 	            (11, 0.06769940828283628),
2026-08-19 00:19:06,503 - INFO - 	            (12, 0.06674437421063582),
2026-08-19 00:19:06,503 - INFO - 	            (13, 0.05809365376830101),
2026-08-19 00:19:06,503 - INFO - 	            (14, 0.027319070746501285),
2026-08-19 00:19:06,504 - INFO - 	            (15, 0.015301812471201022),
2026-08-19 00:19:06,504 - INFO - 	            (16, 0.012389594131770234),
2026-08-19 00:19:06,504 - INFO - 	            (17, 0.004865128402792227),
2026-08-19 00:19:06,504 - INFO - 	            (18, 0.003978973538196442),
2026-08-19 00:19:06,504 - INFO - 	            (19, 0.003811573582126281),
2026-08-19 00:19:06,504 - INFO - 	            (20, 0.0030249868385726587),
2026-08-19 00:19:06,504 - INFO - 	            (21, 0.004969357222241039),
2026-08-19 00:19:06,504 - INFO - 	            (22, 0.003371391539500716),
2026-08-19 00:19:06,504 - INFO - 	            (23, 0.003624122680048458),
2026-08-19 00:19:06,504 - INFO - 	            (24, 0.005596653374765689),
2026-08-19 00:19:06,504 - INFO - 	            (25, 0.005838848603501295)],
2026-08-19 00:19:06,504 - INFO - 	 'stu_loss': [(1, 0.10318293636043867),
2026-08-19 00:19:06,505 - INFO - 	              (2, 0.1393308330575625),
2026-08-19 00:19:06,505 - INFO - 	              (3, 0.15833942939837772),
2026-08-19 00:19:06,505 - INFO - 	              (4, 0.17355769922335942),
2026-08-19 00:19:06,505 - INFO - 	              (5, 0.11691380103429158),
2026-08-19 00:19:06,505 - INFO - 	              (6, 0.08001441237827142),
2026-08-19 00:19:06,505 - INFO - 	              (7, 0.08867661997675896),
2026-08-19 00:19:06,505 - INFO - 	              (8, 0.11876440092921257),
2026-08-19 00:19:06,505 - INFO - 	              (9, 0.1215459606051445),
2026-08-19 00:19:06,505 - INFO - 	              (10, 0.11171490783492724),
2026-08-19 00:19:06,505 - INFO - 	              (11, 0.11613502090175946),
2026-08-19 00:19:06,505 - INFO - 	              (12, 0.11442893619338672),
2026-08-19 00:19:06,505 - INFO - 	              (13, 0.09539376164476077),
2026-08-19 00:19:06,505 - INFO - 	              (14, 0.04047818588713805),
2026-08-19 00:19:06,506 - INFO - 	              (15, 0.03458683411280314),
2026-08-19 00:19:06,506 - INFO - 	              (16, 0.02318060491854946),
2026-08-19 00:19:06,506 - INFO - 	              (17, 0.030965640771513182),
2026-08-19 00:19:06,506 - INFO - 	              (18, 0.020243893082564076),
2026-08-19 00:19:06,506 - INFO - 	              (19, 0.015325453364445518),
2026-08-19 00:19:06,506 - INFO - 	              (20, 0.03187415352712075),
2026-08-19 00:19:06,506 - INFO - 	              (21, 0.037770562898367645),
2026-08-19 00:19:06,506 - INFO - 	              (22, 0.02682942812796682),
2026-08-19 00:19:06,506 - INFO - 	              (23, 0.022258304081236323),
2026-08-19 00:19:06,506 - INFO - 	              (24, 0.02896137849272539),
2026-08-19 00:19:06,506 - INFO - 	              (25, 0.018834122535772622)],
2026-08-19 00:19:06,506 - INFO - 	 'train_loss': [(1, 0.00035593126512436206),
2026-08-19 00:19:06,507 - INFO - 	                (2, 0.0020160623353733653),
2026-08-19 00:19:06,507 - INFO - 	                (3, 0.0005860048599877287),
2026-08-19 00:19:06,507 - INFO - 	                (4, 0.00044319014994241503),
2026-08-19 00:19:06,507 - INFO - 	                (5, 0.00036963577242960795),
2026-08-19 00:19:06,507 - INFO - 	                (6, 0.0003644759363313996),
2026-08-19 00:19:06,507 - INFO - 	                (7, 0.0003710834132867722),
2026-08-19 00:19:06,507 - INFO - 	                (8, 0.0006304108357563185),
2026-08-19 00:19:06,507 - INFO - 	                (9, 0.000752393334686659),
2026-08-19 00:19:06,507 - INFO - 	                (10, 0.0008040816061536173),
2026-08-19 00:19:06,507 - INFO - 	                (11, 0.0008885379959543475),
2026-08-19 00:19:06,507 - INFO - 	                (12, 0.0006812158418325491),
2026-08-19 00:19:06,507 - INFO - 	                (13, 0.000714241871984581),
2026-08-19 00:19:06,508 - INFO - 	                (14, 0.0004433821954547989),
2026-08-19 00:19:06,508 - INFO - 	                (15, 0.0004165049217273498),
2026-08-19 00:19:06,508 - INFO - 	                (16, 0.0004569951335094833),
2026-08-19 00:19:06,508 - INFO - 	                (17, 0.0005232830052097646),
2026-08-19 00:19:06,508 - INFO - 	                (18, 0.0006186519573537178),
2026-08-19 00:19:06,508 - INFO - 	                (19, 0.0006578061641455945),
2026-08-19 00:19:06,508 - INFO - 	                (20, 0.0005495386215617765),
2026-08-19 00:19:06,508 - INFO - 	                (21, 0.0005408725641919111),
2026-08-19 00:19:06,508 - INFO - 	                (22, 0.0005846010679333417),
2026-08-19 00:19:06,508 - INFO - 	                (23, 0.0005730904648714398),
2026-08-19 00:19:06,508 - INFO - 	                (24, 0.0005271671811004679),
2026-08-19 00:19:06,508 - INFO - 	                (25, 0.0005216347402668309)]}
2026-08-19 00:19:06,508 - INFO - 	History (metrics, centralized):
2026-08-19 00:19:06,509 - INFO - 	{'accuracy': [(1, 0.9962362870738576),
2026-08-19 00:19:06,509 - INFO - 	              (2, 0.9962362870738576),
2026-08-19 00:19:06,509 - INFO - 	              (3, 0.9962362870738576),
2026-08-19 00:19:06,509 - INFO - 	              (4, 0.9962362870738576),
2026-08-19 00:19:06,509 - INFO - 	              (5, 0.9962362870738576),
2026-08-19 00:19:06,509 - INFO - 	              (6, 0.9962362870738576),
2026-08-19 00:19:06,509 - INFO - 	              (7, 0.9962362870738576),
2026-08-19 00:19:06,509 - INFO - 	              (8, 0.9962362870738576),
2026-08-19 00:19:06,509 - INFO - 	              (9, 0.9962362870738576),
2026-08-19 00:19:06,509 - INFO - 	              (10, 0.9962362870738576),
2026-08-19 00:19:06,509 - INFO - 	              (11, 0.9962362870738576),
2026-08-19 00:19:06,509 - INFO - 	              (12, 0.9962362870738576),
2026-08-19 00:19:06,510 - INFO - 	              (13, 0.9962362870738576),
2026-08-19 00:19:06,510 - INFO - 	              (14, 0.9962362870738576),
2026-08-19 00:19:06,510 - INFO - 	              (15, 0.9962362870738576),
2026-08-19 00:19:06,510 - INFO - 	              (16, 0.9962362870738576),
2026-08-19 00:19:06,510 - INFO - 	              (17, 0.9962362870738576),
2026-08-19 00:19:06,510 - INFO - 	              (18, 0.9962362870738576),
2026-08-19 00:19:06,510 - INFO - 	              (19, 0.9962362870738576),
2026-08-19 00:19:06,510 - INFO - 	              (20, 0.9962362870738576),
2026-08-19 00:19:06,510 - INFO - 	              (21, 0.9962362870738576),
2026-08-19 00:19:06,510 - INFO - 	              (22, 0.9962362870738576),
2026-08-19 00:19:06,510 - INFO - 	              (23, 0.9962362870738576),
2026-08-19 00:19:06,510 - INFO - 	              (24, 0.9962362870738576),
2026-08-19 00:19:06,510 - INFO - 	              (25, 0.9962362870738576)],
2026-08-19 00:19:06,510 - INFO - 	 'macro_f1': [(1, 0.33270486515874675),
2026-08-19 00:19:06,510 - INFO - 	              (2, 0.33270486515874675),
2026-08-19 00:19:06,510 - INFO - 	              (3, 0.33270486515874675),
2026-08-19 00:19:06,510 - INFO - 	              (4, 0.33270486515874675),
2026-08-19 00:19:06,510 - INFO - 	              (5, 0.33270486515874675),
2026-08-19 00:19:06,510 - INFO - 	              (6, 0.33270486515874675),
2026-08-19 00:19:06,510 - INFO - 	              (7, 0.33270486515874675),
2026-08-19 00:19:06,511 - INFO - 	              (8, 0.33270486515874675),
2026-08-19 00:19:06,511 - INFO - 	              (9, 0.33270486515874675),
2026-08-19 00:19:06,511 - INFO - 	              (10, 0.33270486515874675),
2026-08-19 00:19:06,511 - INFO - 	              (11, 0.33270486515874675),
2026-08-19 00:19:06,511 - INFO - 	              (12, 0.33270486515874675),
2026-08-19 00:19:06,511 - INFO - 	              (13, 0.33270486515874675),
2026-08-19 00:19:06,511 - INFO - 	              (14, 0.33270486515874675),
2026-08-19 00:19:06,511 - INFO - 	              (15, 0.33270486515874675),
2026-08-19 00:19:06,511 - INFO - 	              (16, 0.33270486515874675),
2026-08-19 00:19:06,511 - INFO - 	              (17, 0.33270486515874675),
2026-08-19 00:19:06,511 - INFO - 	              (18, 0.33270486515874675),
2026-08-19 00:19:06,511 - INFO - 	              (19, 0.33270486515874675),
2026-08-19 00:19:06,512 - INFO - 	              (20, 0.33270486515874675),
2026-08-19 00:19:06,512 - INFO - 	              (21, 0.33270486515874675),
2026-08-19 00:19:06,512 - INFO - 	              (22, 0.33270486515874675),
2026-08-19 00:19:06,512 - INFO - 	              (23, 0.33270486515874675),
2026-08-19 00:19:06,512 - INFO - 	              (24, 0.33270486515874675),
2026-08-19 00:19:06,512 - INFO - 	              (25, 0.33270486515874675)],
2026-08-19 00:19:06,512 - INFO - 	 'macro_precision': [(1, 0.33207876235795253),
2026-08-19 00:19:06,512 - INFO - 	                     (2, 0.33207876235795253),
2026-08-19 00:19:06,512 - INFO - 	                     (3, 0.33207876235795253),
2026-08-19 00:19:06,512 - INFO - 	                     (4, 0.33207876235795253),
2026-08-19 00:19:06,512 - INFO - 	                     (5, 0.33207876235795253),
2026-08-19 00:19:06,513 - INFO - 	                     (6, 0.33207876235795253),
2026-08-19 00:19:06,513 - INFO - 	                     (7, 0.33207876235795253),
2026-08-19 00:19:06,513 - INFO - 	                     (8, 0.33207876235795253),
2026-08-19 00:19:06,513 - INFO - 	                     (9, 0.33207876235795253),
2026-08-19 00:19:06,513 - INFO - 	                     (10, 0.33207876235795253),
2026-08-19 00:19:06,513 - INFO - 	                     (11, 0.33207876235795253),
2026-08-19 00:19:06,513 - INFO - 	                     (12, 0.33207876235795253),
2026-08-19 00:19:06,513 - INFO - 	                     (13, 0.33207876235795253),
2026-08-19 00:19:06,513 - INFO - 	                     (14, 0.33207876235795253),
2026-08-19 00:19:06,513 - INFO - 	                     (15, 0.33207876235795253),
2026-08-19 00:19:06,513 - INFO - 	                     (16, 0.33207876235795253),
2026-08-19 00:19:06,513 - INFO - 	                     (17, 0.33207876235795253),
2026-08-19 00:19:06,514 - INFO - 	                     (18, 0.33207876235795253),
2026-08-19 00:19:06,514 - INFO - 	                     (19, 0.33207876235795253),
2026-08-19 00:19:06,514 - INFO - 	                     (20, 0.33207876235795253),
2026-08-19 00:19:06,514 - INFO - 	                     (21, 0.33207876235795253),
2026-08-19 00:19:06,514 - INFO - 	                     (22, 0.33207876235795253),
2026-08-19 00:19:06,514 - INFO - 	                     (23, 0.33207876235795253),
2026-08-19 00:19:06,514 - INFO - 	                     (24, 0.33207876235795253),
2026-08-19 00:19:06,514 - INFO - 	                     (25, 0.33207876235795253)],
2026-08-19 00:19:06,514 - INFO - 	 'macro_recall': [(1, 0.3333333333333333),
2026-08-19 00:19:06,514 - INFO - 	                  (2, 0.3333333333333333),
2026-08-19 00:19:06,514 - INFO - 	                  (3, 0.3333333333333333),
2026-08-19 00:19:06,515 - INFO - 	                  (4, 0.3333333333333333),
2026-08-19 00:19:06,515 - INFO - 	                  (5, 0.3333333333333333),
2026-08-19 00:19:06,515 - INFO - 	                  (6, 0.3333333333333333),
2026-08-19 00:19:06,515 - INFO - 	                  (7, 0.3333333333333333),
2026-08-19 00:19:06,515 - INFO - 	                  (8, 0.3333333333333333),
2026-08-19 00:19:06,515 - INFO - 	                  (9, 0.3333333333333333),
2026-08-19 00:19:06,515 - INFO - 	                  (10, 0.3333333333333333),
2026-08-19 00:19:06,515 - INFO - 	                  (11, 0.3333333333333333),
2026-08-19 00:19:06,515 - INFO - 	                  (12, 0.3333333333333333),
2026-08-19 00:19:06,515 - INFO - 	                  (13, 0.3333333333333333),
2026-08-19 00:19:06,516 - INFO - 	                  (14, 0.3333333333333333),
2026-08-19 00:19:06,516 - INFO - 	                  (15, 0.3333333333333333),
2026-08-19 00:19:06,516 - INFO - 	                  (16, 0.3333333333333333),
2026-08-19 00:19:06,516 - INFO - 	                  (17, 0.3333333333333333),
2026-08-19 00:19:06,516 - INFO - 	                  (18, 0.3333333333333333),
2026-08-19 00:19:06,516 - INFO - 	                  (19, 0.3333333333333333),
2026-08-19 00:19:06,516 - INFO - 	                  (20, 0.3333333333333333),
2026-08-19 00:19:06,516 - INFO - 	                  (21, 0.3333333333333333),
2026-08-19 00:19:06,516 - INFO - 	                  (22, 0.3333333333333333),
2026-08-19 00:19:06,516 - INFO - 	                  (23, 0.3333333333333333),
2026-08-19 00:19:06,517 - INFO - 	                  (24, 0.3333333333333333),
2026-08-19 00:19:06,517 - INFO - 	                  (25, 0.3333333333333333)],
2026-08-19 00:19:06,517 - INFO - 	 'micro_f1': [(1, 0.9962362870738576),
2026-08-19 00:19:06,517 - INFO - 	              (2, 0.9962362870738576),
2026-08-19 00:19:06,517 - INFO - 	              (3, 0.9962362870738576),
2026-08-19 00:19:06,517 - INFO - 	              (4, 0.9962362870738576),
2026-08-19 00:19:06,517 - INFO - 	              (5, 0.9962362870738576),
2026-08-19 00:19:06,517 - INFO - 	              (6, 0.9962362870738576),
2026-08-19 00:19:06,517 - INFO - 	              (7, 0.9962362870738576),
2026-08-19 00:19:06,517 - INFO - 	              (8, 0.9962362870738576),
2026-08-19 00:19:06,517 - INFO - 	              (9, 0.9962362870738576),
2026-08-19 00:19:06,517 - INFO - 	              (10, 0.9962362870738576),
2026-08-19 00:19:06,518 - INFO - 	              (11, 0.9962362870738576),
2026-08-19 00:19:06,518 - INFO - 	              (12, 0.9962362870738576),
2026-08-19 00:19:06,518 - INFO - 	              (13, 0.9962362870738576),
2026-08-19 00:19:06,518 - INFO - 	              (14, 0.9962362870738576),
2026-08-19 00:19:06,518 - INFO - 	              (15, 0.9962362870738576),
2026-08-19 00:19:06,518 - INFO - 	              (16, 0.9962362870738576),
2026-08-19 00:19:06,518 - INFO - 	              (17, 0.9962362870738576),
2026-08-19 00:19:06,518 - INFO - 	              (18, 0.9962362870738576),
2026-08-19 00:19:06,518 - INFO - 	              (19, 0.9962362870738576),
2026-08-19 00:19:06,518 - INFO - 	              (20, 0.9962362870738576),
2026-08-19 00:19:06,518 - INFO - 	              (21, 0.9962362870738576),
2026-08-19 00:19:06,518 - INFO - 	              (22, 0.9962362870738576),
2026-08-19 00:19:06,519 - INFO - 	              (23, 0.9962362870738576),
2026-08-19 00:19:06,519 - INFO - 	              (24, 0.9962362870738576),
2026-08-19 00:19:06,519 - INFO - 	              (25, 0.9962362870738576)],
2026-08-19 00:19:06,519 - INFO - 	 'micro_precision': [(1, 0.9962362870738576),
2026-08-19 00:19:06,519 - INFO - 	                     (2, 0.9962362870738576),
2026-08-19 00:19:06,519 - INFO - 	                     (3, 0.9962362870738576),
2026-08-19 00:19:06,519 - INFO - 	                     (4, 0.9962362870738576),
2026-08-19 00:19:06,519 - INFO - 	                     (5, 0.9962362870738576),
2026-08-19 00:19:06,519 - INFO - 	                     (6, 0.9962362870738576),
2026-08-19 00:19:06,519 - INFO - 	                     (7, 0.9962362870738576),
2026-08-19 00:19:06,519 - INFO - 	                     (8, 0.9962362870738576),
2026-08-19 00:19:06,519 - INFO - 	                     (9, 0.9962362870738576),
2026-08-19 00:19:06,519 - INFO - 	                     (10, 0.9962362870738576),
2026-08-19 00:19:06,519 - INFO - 	                     (11, 0.9962362870738576),
2026-08-19 00:19:06,519 - INFO - 	                     (12, 0.9962362870738576),
2026-08-19 00:19:06,519 - INFO - 	                     (13, 0.9962362870738576),
2026-08-19 00:19:06,519 - INFO - 	                     (14, 0.9962362870738576),
2026-08-19 00:19:06,520 - INFO - 	                     (15, 0.9962362870738576),
2026-08-19 00:19:06,520 - INFO - 	                     (16, 0.9962362870738576),
2026-08-19 00:19:06,520 - INFO - 	                     (17, 0.9962362870738576),
2026-08-19 00:19:06,520 - INFO - 	                     (18, 0.9962362870738576),
2026-08-19 00:19:06,520 - INFO - 	                     (19, 0.9962362870738576),
2026-08-19 00:19:06,520 - INFO - 	                     (20, 0.9962362870738576),
2026-08-19 00:19:06,520 - INFO - 	                     (21, 0.9962362870738576),
2026-08-19 00:19:06,520 - INFO - 	                     (22, 0.9962362870738576),
2026-08-19 00:19:06,520 - INFO - 	                     (23, 0.9962362870738576),
2026-08-19 00:19:06,520 - INFO - 	                     (24, 0.9962362870738576),
2026-08-19 00:19:06,520 - INFO - 	                     (25, 0.9962362870738576)],
2026-08-19 00:19:06,520 - INFO - 	 'micro_recall': [(1, 0.9962362870738576),
2026-08-19 00:19:06,521 - INFO - 	                  (2, 0.9962362870738576),
2026-08-19 00:19:06,521 - INFO - 	                  (3, 0.9962362870738576),
2026-08-19 00:19:06,521 - INFO - 	                  (4, 0.9962362870738576),
2026-08-19 00:19:06,521 - INFO - 	                  (5, 0.9962362870738576),
2026-08-19 00:19:06,521 - INFO - 	                  (6, 0.9962362870738576),
2026-08-19 00:19:06,521 - INFO - 	                  (7, 0.9962362870738576),
2026-08-19 00:19:06,521 - INFO - 	                  (8, 0.9962362870738576),
2026-08-19 00:19:06,521 - INFO - 	                  (9, 0.9962362870738576),
2026-08-19 00:19:06,521 - INFO - 	                  (10, 0.9962362870738576),
2026-08-19 00:19:06,521 - INFO - 	                  (11, 0.9962362870738576),
2026-08-19 00:19:06,521 - INFO - 	                  (12, 0.9962362870738576),
2026-08-19 00:19:06,522 - INFO - 	                  (13, 0.9962362870738576),
2026-08-19 00:19:06,522 - INFO - 	                  (14, 0.9962362870738576),
2026-08-19 00:19:06,522 - INFO - 	                  (15, 0.9962362870738576),
2026-08-19 00:19:06,522 - INFO - 	                  (16, 0.9962362870738576),
2026-08-19 00:19:06,522 - INFO - 	                  (17, 0.9962362870738576),
2026-08-19 00:19:06,522 - INFO - 	                  (18, 0.9962362870738576),
2026-08-19 00:19:06,522 - INFO - 	                  (19, 0.9962362870738576),
2026-08-19 00:19:06,522 - INFO - 	                  (20, 0.9962362870738576),
2026-08-19 00:19:06,522 - INFO - 	                  (21, 0.9962362870738576),
2026-08-19 00:19:06,522 - INFO - 	                  (22, 0.9962362870738576),
2026-08-19 00:19:06,522 - INFO - 	                  (23, 0.9962362870738576),
2026-08-19 00:19:06,522 - INFO - 	                  (24, 0.9962362870738576),
2026-08-19 00:19:06,523 - INFO - 	                  (25, 0.9962362870738576)],
2026-08-19 00:19:06,523 - INFO - 	 'weighted_f1': [(1, 0.994357978671475),
2026-08-19 00:19:06,523 - INFO - 	                 (2, 0.994357978671475),
2026-08-19 00:19:06,523 - INFO - 	                 (3, 0.994357978671475),
2026-08-19 00:19:06,523 - INFO - 	                 (4, 0.994357978671475),
2026-08-19 00:19:06,523 - INFO - 	                 (5, 0.994357978671475),
2026-08-19 00:19:06,523 - INFO - 	                 (6, 0.994357978671475),
2026-08-19 00:19:06,523 - INFO - 	                 (7, 0.994357978671475),
2026-08-19 00:19:06,523 - INFO - 	                 (8, 0.994357978671475),
2026-08-19 00:19:06,523 - INFO - 	                 (9, 0.994357978671475),
2026-08-19 00:19:06,523 - INFO - 	                 (10, 0.994357978671475),
2026-08-19 00:19:06,524 - INFO - 	                 (11, 0.994357978671475),
2026-08-19 00:19:06,524 - INFO - 	                 (12, 0.994357978671475),
2026-08-19 00:19:06,524 - INFO - 	                 (13, 0.994357978671475),
2026-08-19 00:19:06,524 - INFO - 	                 (14, 0.994357978671475),
2026-08-19 00:19:06,524 - INFO - 	                 (15, 0.994357978671475),
2026-08-19 00:19:06,524 - INFO - 	                 (16, 0.994357978671475),
2026-08-19 00:19:06,524 - INFO - 	                 (17, 0.994357978671475),
2026-08-19 00:19:06,524 - INFO - 	                 (18, 0.994357978671475),
2026-08-19 00:19:06,524 - INFO - 	                 (19, 0.994357978671475),
2026-08-19 00:19:06,524 - INFO - 	                 (20, 0.994357978671475),
2026-08-19 00:19:06,525 - INFO - 	                 (21, 0.994357978671475),
2026-08-19 00:19:06,525 - INFO - 	                 (22, 0.994357978671475),
2026-08-19 00:19:06,525 - INFO - 	                 (23, 0.994357978671475),
2026-08-19 00:19:06,525 - INFO - 	                 (24, 0.994357978671475),
2026-08-19 00:19:06,525 - INFO - 	                 (25, 0.994357978671475)],
2026-08-19 00:19:06,525 - INFO - 	 'weighted_precision': [(1, 0.9924867396827056),
2026-08-19 00:19:06,525 - INFO - 	                        (2, 0.9924867396827056),
2026-08-19 00:19:06,525 - INFO - 	                        (3, 0.9924867396827056),
2026-08-19 00:19:06,525 - INFO - 	                        (4, 0.9924867396827056),
2026-08-19 00:19:06,525 - INFO - 	                        (5, 0.9924867396827056),
2026-08-19 00:19:06,525 - INFO - 	                        (6, 0.9924867396827056),
2026-08-19 00:19:06,526 - INFO - 	                        (7, 0.9924867396827056),
2026-08-19 00:19:06,526 - INFO - 	                        (8, 0.9924867396827056),
2026-08-19 00:19:06,526 - INFO - 	                        (9, 0.9924867396827056),
2026-08-19 00:19:06,526 - INFO - 	                        (10, 0.9924867396827056),
2026-08-19 00:19:06,526 - INFO - 	                        (11, 0.9924867396827056),
2026-08-19 00:19:06,526 - INFO - 	                        (12, 0.9924867396827056),
2026-08-19 00:19:06,526 - INFO - 	                        (13, 0.9924867396827056),
2026-08-19 00:19:06,526 - INFO - 	                        (14, 0.9924867396827056),
2026-08-19 00:19:06,526 - INFO - 	                        (15, 0.9924867396827056),
2026-08-19 00:19:06,526 - INFO - 	                        (16, 0.9924867396827056),
2026-08-19 00:19:06,526 - INFO - 	                        (17, 0.9924867396827056),
2026-08-19 00:19:06,527 - INFO - 	                        (18, 0.9924867396827056),
2026-08-19 00:19:06,527 - INFO - 	                        (19, 0.9924867396827056),
2026-08-19 00:19:06,527 - INFO - 	                        (20, 0.9924867396827056),
2026-08-19 00:19:06,527 - INFO - 	                        (21, 0.9924867396827056),
2026-08-19 00:19:06,527 - INFO - 	                        (22, 0.9924867396827056),
2026-08-19 00:19:06,527 - INFO - 	                        (23, 0.9924867396827056),
2026-08-19 00:19:06,527 - INFO - 	                        (24, 0.9924867396827056),
2026-08-19 00:19:06,527 - INFO - 	                        (25, 0.9924867396827056)],
2026-08-19 00:19:06,527 - INFO - 	 'weighted_recall': [(1, 0.9962362870738576),
2026-08-19 00:19:06,527 - INFO - 	                     (2, 0.9962362870738576),
2026-08-19 00:19:06,527 - INFO - 	                     (3, 0.9962362870738576),
2026-08-19 00:19:06,527 - INFO - 	                     (4, 0.9962362870738576),
2026-08-19 00:19:06,528 - INFO - 	                     (5, 0.9962362870738576),
2026-08-19 00:19:06,528 - INFO - 	                     (6, 0.9962362870738576),
2026-08-19 00:19:06,528 - INFO - 	                     (7, 0.9962362870738576),
2026-08-19 00:19:06,528 - INFO - 	                     (8, 0.9962362870738576),
2026-08-19 00:19:06,528 - INFO - 	                     (9, 0.9962362870738576),
2026-08-19 00:19:06,528 - INFO - 	                     (10, 0.9962362870738576),
2026-08-19 00:19:06,528 - INFO - 	                     (11, 0.9962362870738576),
2026-08-19 00:19:06,528 - INFO - 	                     (12, 0.9962362870738576),
2026-08-19 00:19:06,528 - INFO - 	                     (13, 0.9962362870738576),
2026-08-19 00:19:06,528 - INFO - 	                     (14, 0.9962362870738576),
2026-08-19 00:19:06,528 - INFO - 	                     (15, 0.9962362870738576),
2026-08-19 00:19:06,528 - INFO - 	                     (16, 0.9962362870738576),
2026-08-19 00:19:06,528 - INFO - 	                     (17, 0.9962362870738576),
2026-08-19 00:19:06,529 - INFO - 	                     (18, 0.9962362870738576),
2026-08-19 00:19:06,529 - INFO - 	                     (19, 0.9962362870738576),
2026-08-19 00:19:06,529 - INFO - 	                     (20, 0.9962362870738576),
2026-08-19 00:19:06,529 - INFO - 	                     (21, 0.9962362870738576),
2026-08-19 00:19:06,529 - INFO - 	                     (22, 0.9962362870738576),
2026-08-19 00:19:06,529 - INFO - 	                     (23, 0.9962362870738576),
2026-08-19 00:19:06,529 - INFO - 	                     (24, 0.9962362870738576),
2026-08-19 00:19:06,529 - INFO - 	                     (25, 0.9962362870738576)]}
2026-08-19 00:19:06,529 - INFO - 
2026-08-19 00:19:06,534 - INFO - Nap global test: /kaggle/input/datasets/tongxuanvu/100clientiov/global_test_data.pt
2026-08-19 00:19:21,226 - INFO - Global test goc: n=42048683
2026-08-19 00:19:24,516 - INFO - Task 1: loc ve lop 0-5 -> n=41971741
2026-08-19 00:19:24,517 - INFO - Danh gia moi round tren n=41971741 mau (dtype=float16)
2026-08-19 00:19:24,593 - INFO - ===== Task 1: 60 client, 30 round =====
2026-08-19 00:19:24,594 - WARNING - DEPRECATED FEATURE: flwr.simulation.start_simulation() is deprecated.
	Instead, use the `flwr run` CLI command to start a local simulation in your Flower app, as shown for example below:

		$ flwr new  # Create a new Flower app from a template

		$ flwr run  # Run the Flower app in Simulation Mode

	Using `start_simulation()` is deprecated.

            This is a deprecated feature. It will be removed
            entirely in future versions of Flower.
        
2026-08-19 00:19:24,594 - INFO - Starting Flower simulation, config: num_rounds=30, no round_timeout
2026-08-19 00:19:39,048 - INFO - Flower VCE: Ray initialized with resources: {'node:__internal_head__': 1.0, 'object_store_memory': 8124436070.0, 'accelerator_type:T4': 1.0, 'CPU': 4.0, 'GPU': 2.0, 'memory': 18957017498.0, 'node:172.19.2.2': 1.0}
2026-08-19 00:19:39,048 - INFO - Optimize your simulation with Flower VCE: https://flower.ai/docs/framework/how-to-run-simulations.html
2026-08-19 00:19:39,048 - INFO - Flower VCE: Resources for each Virtual Client: {'num_cpus': 1.0, 'num_gpus': 0.5}
2026-08-19 00:19:39,069 - INFO - Flower VCE: Creating VirtualClientEngineActorPool with 4 actors
2026-08-19 00:19:39,071 - INFO - [INIT]
2026-08-19 00:19:39,071 - INFO - Using initial global parameters provided by strategy
2026-08-19 00:19:39,071 - INFO - Starting evaluation of initial global parameters
2026-08-19 00:19:39,075 - INFO - Evaluation returned no results (`None`)
2026-08-19 00:19:39,075 - INFO - 
2026-08-19 00:19:39,075 - INFO - [ROUND 1]
2026-08-19 00:19:39,075 - INFO - configure_fit: strategy sampled 60 clients (out of 60)
2026-08-19 00:20:07,834 - INFO - aggregate_fit: received 60 results and 0 failures
2026-08-19 00:20:07,940 - WARNING - No fit_metrics_aggregation_fn provided
2026-08-19 00:20:07,941 - INFO - Eq.9 p(y) tu client: 0.000 0.000 0.000 0.051 0.593 0.357 0.000 0.000 0.000 0.000 0.000 0.000 0.000
2026-08-19 00:20:23,836 - INFO - [Round 1] data-free KD 30 vong: gen_loss=43.6155 stu_loss=44.1909 (CE 44.1692)
2026-08-19 00:20:23,877 - INFO - [Round 31] luu checkpoint -> out_full/checkpoints/round_031.pth
2026-08-19 00:29:18,868 - INFO - [Round 31] loss=0.1572 acc=0.9935 | micro P/R/F1=0.9935/0.9935/0.9935 | macro P/R/F1=0.1656/0.1667/0.1661 | weighted P/R/F1=0.9871/0.9935/0.9903
2026-08-19 00:29:18,870 - INFO - fit progress: (1, 0.1572310900001021, {'accuracy': 0.993539724740034, 'micro_precision': 0.993539724740034, 'micro_recall': 0.993539724740034, 'micro_f1': 0.993539724740034, 'macro_precision': 0.16558995412333902, 'macro_recall': 0.16666666666666666, 'macro_f1': 0.1661265657948528, 'weighted_precision': 0.9871211846365026, 'weighted_recall': 0.993539724740034, 'weighted_f1': 0.9903200547109512}, 579.7957223459998)
2026-08-19 00:29:18,871 - INFO - configure_evaluate: no clients selected, skipping evaluation
2026-08-19 00:29:18,871 - INFO - 
2026-08-19 00:29:18,871 - INFO - [ROUND 2]
2026-08-19 00:29:18,872 - INFO - configure_fit: strategy sampled 60 clients (out of 60)
2026-08-19 00:29:21,818 - INFO - aggregate_fit: received 60 results and 0 failures
2026-08-19 00:29:21,933 - INFO - [Round 2] 60/60 client tiep tuc model cuc bo (Algorithm 1 dong 10)
2026-08-19 00:29:38,330 - INFO - [Round 2] data-free KD 30 vong: gen_loss=40.6772 stu_loss=25.7602 (CE 25.6385)
2026-08-19 00:29:38,369 - INFO - [Round 32] luu checkpoint -> out_full/checkpoints/round_032.pth
2026-08-19 00:38:16,175 - INFO - [Round 32] loss=0.1884 acc=0.9935 | micro P/R/F1=0.9935/0.9935/0.9935 | macro P/R/F1=0.1656/0.1667/0.1661 | weighted P/R/F1=0.9871/0.9935/0.9903
2026-08-19 00:38:16,176 - INFO - fit progress: (2, 0.18839447766652942, {'accuracy': 0.993539724740034, 'micro_precision': 0.993539724740034, 'micro_recall': 0.993539724740034, 'micro_f1': 0.993539724740034, 'macro_precision': 0.16558995412333902, 'macro_recall': 0.16666666666666666, 'macro_f1': 0.1661265657948528, 'weighted_precision': 0.9871211846365026, 'weighted_recall': 0.993539724740034, 'weighted_f1': 0.9903200547109512}, 1117.1014611930004)
2026-08-19 00:38:16,177 - INFO - configure_evaluate: no clients selected, skipping evaluation
2026-08-19 00:38:16,177 - INFO - 
2026-08-19 00:38:16,177 - INFO - [ROUND 3]
2026-08-19 00:38:16,177 - INFO - configure_fit: strategy sampled 60 clients (out of 60)
2026-08-19 00:38:19,186 - INFO - aggregate_fit: received 60 results and 0 failures
2026-08-19 00:38:19,293 - INFO - [Round 3] 60/60 client tiep tuc model cuc bo (Algorithm 1 dong 10)
2026-08-19 00:38:35,219 - INFO - [Round 3] data-free KD 30 vong: gen_loss=39.6366 stu_loss=13.8012 (CE 13.3243)
2026-08-19 00:38:35,258 - INFO - [Round 33] luu checkpoint -> out_full/checkpoints/round_033.pth
2026-08-19 00:46:45,285 - INFO - [Round 33] loss=0.4504 acc=0.9935 | micro P/R/F1=0.9935/0.9935/0.9935 | macro P/R/F1=0.1656/0.1667/0.1661 | weighted P/R/F1=0.9871/0.9935/0.9903
2026-08-19 00:46:45,286 - INFO - fit progress: (3, 0.45040423867411206, {'accuracy': 0.993539724740034, 'micro_precision': 0.993539724740034, 'micro_recall': 0.993539724740034, 'micro_f1': 0.993539724740034, 'macro_precision': 0.16558995412333902, 'macro_recall': 0.16666666666666666, 'macro_f1': 0.1661265657948528, 'weighted_precision': 0.9871211846365026, 'weighted_recall': 0.993539724740034, 'weighted_f1': 0.9903200547109512}, 1626.211735165998)
2026-08-19 00:46:45,287 - INFO - configure_evaluate: no clients selected, skipping evaluation
2026-08-19 00:46:45,287 - INFO - 
2026-08-19 00:46:45,287 - INFO - [ROUND 4]
2026-08-19 00:46:45,287 - INFO - configure_fit: strategy sampled 60 clients (out of 60)
2026-08-19 00:46:47,883 - INFO - aggregate_fit: received 60 results and 0 failures
2026-08-19 00:46:47,981 - INFO - [Round 4] 60/60 client tiep tuc model cuc bo (Algorithm 1 dong 10)
2026-08-19 00:47:02,912 - INFO - [Round 4] data-free KD 30 vong: gen_loss=39.1191 stu_loss=8.1997 (CE 7.1769)
2026-08-19 00:47:02,951 - INFO - [Round 34] luu checkpoint -> out_full/checkpoints/round_034.pth
2026-08-19 00:55:32,199 - INFO - [Round 34] loss=0.7486 acc=0.6607 | micro P/R/F1=0.6607/0.6607/0.6607 | macro P/R/F1=0.1666/0.1975/0.1344 | weighted P/R/F1=0.9877/0.6607/0.7905
2026-08-19 00:55:32,200 - INFO - fit progress: (4, 0.7485563597241293, {'accuracy': 0.6607236997864825, 'micro_precision': 0.6607236997864825, 'micro_recall': 0.6607236997864825, 'micro_f1': 0.6607236997864825, 'macro_precision': 0.1665671647000853, 'macro_recall': 0.1974590958322083, 'macro_f1': 0.13436570921767949, 'weighted_precision': 0.9876504701311688, 'weighted_recall': 0.6607236997864825, 'weighted_f1': 0.790501352674374}, 2153.1257259470003)
2026-08-19 00:55:32,201 - INFO - configure_evaluate: no clients selected, skipping evaluation
2026-08-19 00:55:32,201 - INFO - 
2026-08-19 00:55:32,201 - INFO - [ROUND 5]
2026-08-19 00:55:32,201 - INFO - configure_fit: strategy sampled 60 clients (out of 60)
2026-08-19 00:55:34,808 - INFO - aggregate_fit: received 60 results and 0 failures
2026-08-19 00:55:34,910 - INFO - [Round 5] 60/60 client tiep tuc model cuc bo (Algorithm 1 dong 10)
2026-08-19 00:55:50,020 - INFO - [Round 5] data-free KD 30 vong: gen_loss=38.2927 stu_loss=4.8735 (CE 3.2179)
2026-08-19 00:55:50,059 - INFO - [Round 35] luu checkpoint -> out_full/checkpoints/round_035.pth
2026-08-19 01:03:51,865 - INFO - [Round 35] loss=1.4270 acc=0.0021 | micro P/R/F1=0.0021/0.0021/0.0021 | macro P/R/F1=0.1669/0.1667/0.0007 | weighted P/R/F1=0.9935/0.0021/0.0010
2026-08-19 01:03:54,686 - INFO - Luu out_full/confusion_matrix_task1.csv
2026-08-19 01:03:54,687 - INFO - Luu out_full/confusion_matrix_task1_normalized.csv
2026-08-19 01:04:02,419 - INFO - Luu out_full/classification_report_task1.txt
               precision    recall  f1-score   support

       Benign     1.0000    0.0005    0.0010  41700592
          DoS     0.0000    0.0000    0.0000    145129
       double     0.0000    0.0000    0.0000     12413
force-neutral     0.0000    0.0000    0.0000      5744
      fuzzing     0.0016    1.0000    0.0032     67321
     interval     0.0000    0.0000    0.0000     40542

     accuracy                         0.0021  41971741
    macro avg     0.1669    0.1667    0.0007  41971741
 weighted avg     0.9935    0.0021    0.0010  41971741

2026-08-19 01:04:02,647 - INFO - Luu out_full/confusion_matrix_task1.png
2026-08-19 01:04:02,648 - INFO - fit progress: (5, 1.4270258430365377, {'accuracy': 0.002091121261803269, 'micro_precision': 0.002091121261803269, 'micro_recall': 0.002091121261803269, 'micro_f1': 0.002091121261803269, 'macro_precision': 0.16693412365301533, 'macro_recall': 0.16674838812839876, 'macro_f1': 0.0006974197710969604, 'weighted_precision': 0.9935422986821221, 'weighted_recall': 0.002091121261803269, 'weighted_f1': 0.0009789843554382646}, 2663.573039641)
2026-08-19 01:04:02,648 - INFO - configure_evaluate: no clients selected, skipping evaluation
2026-08-19 01:04:02,648 - INFO - 
2026-08-19 01:04:02,648 - INFO - [ROUND 6]
2026-08-19 01:04:02,648 - INFO - configure_fit: strategy sampled 60 clients (out of 60)
2026-08-19 01:04:05,442 - INFO - aggregate_fit: received 60 results and 0 failures
2026-08-19 01:04:05,541 - INFO - [Round 6] 60/60 client tiep tuc model cuc bo (Algorithm 1 dong 10)
2026-08-19 01:04:20,550 - INFO - [Round 6] data-free KD 30 vong: gen_loss=37.2184 stu_loss=2.9559 (CE 1.2242)
2026-08-19 01:04:20,590 - INFO - [Round 36] luu checkpoint -> out_full/checkpoints/round_036.pth
2026-08-19 01:12:21,013 - INFO - [Round 36] loss=2.5015 acc=0.0016 | micro P/R/F1=0.0016/0.0016/0.0016 | macro P/R/F1=0.0003/0.1667/0.0005 | weighted P/R/F1=0.0000/0.0016/0.0000
2026-08-19 01:12:21,014 - INFO - fit progress: (6, 2.5015293002524106, {'accuracy': 0.001603960150235369, 'micro_precision': 0.001603960150235369, 'micro_recall': 0.001603960150235369, 'micro_f1': 0.001603960150235369, 'macro_precision': 0.00026732669170589484, 'macro_recall': 0.16666666666666666, 'macro_f1': 0.0005337971939843313, 'weighted_precision': 2.5726881635430674e-06, 'weighted_recall': 0.001603960150235369, 'weighted_f1': 5.137136564749959e-06}, 3161.9391139299987)
2026-08-19 01:12:21,014 - INFO - configure_evaluate: no clients selected, skipping evaluation
2026-08-19 01:12:21,014 - INFO - 
2026-08-19 01:12:21,014 - INFO - [ROUND 7]
2026-08-19 01:12:21,015 - INFO - configure_fit: strategy sampled 60 clients (out of 60)
2026-08-19 01:12:23,466 - INFO - aggregate_fit: received 60 results and 0 failures
2026-08-19 01:12:23,565 - INFO - [Round 7] 60/60 client tiep tuc model cuc bo (Algorithm 1 dong 10)
2026-08-19 01:12:38,395 - INFO - [Round 7] data-free KD 30 vong: gen_loss=36.3802 stu_loss=2.3046 (CE 0.6804)
2026-08-19 01:12:38,433 - INFO - [Round 37] luu checkpoint -> out_full/checkpoints/round_037.pth
2026-08-19 01:20:31,750 - INFO - [Round 37] loss=2.7621 acc=0.0016 | micro P/R/F1=0.0016/0.0016/0.0016 | macro P/R/F1=0.0003/0.1667/0.0005 | weighted P/R/F1=0.0000/0.0016/0.0000
2026-08-19 01:20:31,752 - INFO - fit progress: (7, 2.7620787510966807, {'accuracy': 0.001603960150235369, 'micro_precision': 0.001603960150235369, 'micro_recall': 0.001603960150235369, 'micro_f1': 0.001603960150235369, 'macro_precision': 0.00026732669170589484, 'macro_recall': 0.16666666666666666, 'macro_f1': 0.0005337971939843313, 'weighted_precision': 2.5726881635430674e-06, 'weighted_recall': 0.001603960150235369, 'weighted_f1': 5.137136564749959e-06}, 3652.6771230669983)
2026-08-19 01:20:31,752 - INFO - configure_evaluate: no clients selected, skipping evaluation
2026-08-19 01:20:31,752 - INFO - 
2026-08-19 01:20:31,752 - INFO - [ROUND 8]
2026-08-19 01:20:31,753 - INFO - configure_fit: strategy sampled 60 clients (out of 60)
2026-08-19 01:20:34,459 - INFO - aggregate_fit: received 60 results and 0 failures
2026-08-19 01:20:34,560 - INFO - [Round 8] 60/60 client tiep tuc model cuc bo (Algorithm 1 dong 10)
2026-08-19 01:20:49,442 - INFO - [Round 8] data-free KD 30 vong: gen_loss=34.6865 stu_loss=2.0349 (CE 0.5314)
2026-08-19 01:20:49,480 - INFO - [Round 38] luu checkpoint -> out_full/checkpoints/round_038.pth
2026-08-19 01:28:41,814 - INFO - [Round 38] loss=2.2045 acc=0.0016 | micro P/R/F1=0.0016/0.0016/0.0016 | macro P/R/F1=0.0003/0.1667/0.0005 | weighted P/R/F1=0.0000/0.0016/0.0000
2026-08-19 01:28:41,816 - INFO - fit progress: (8, 2.204473072644047, {'accuracy': 0.001603960150235369, 'micro_precision': 0.001603960150235369, 'micro_recall': 0.001603960150235369, 'micro_f1': 0.001603960150235369, 'macro_precision': 0.00026732669170589484, 'macro_recall': 0.16666666666666666, 'macro_f1': 0.0005337971939843313, 'weighted_precision': 2.5726881635430674e-06, 'weighted_recall': 0.001603960150235369, 'weighted_f1': 5.137136564749959e-06}, 4142.74097255)
2026-08-19 01:28:41,816 - INFO - configure_evaluate: no clients selected, skipping evaluation
2026-08-19 01:28:41,816 - INFO - 
2026-08-19 01:28:41,816 - INFO - [ROUND 9]
2026-08-19 01:28:41,816 - INFO - configure_fit: strategy sampled 60 clients (out of 60)
2026-08-19 01:28:44,210 - INFO - aggregate_fit: received 60 results and 0 failures
2026-08-19 01:28:44,309 - INFO - [Round 9] 60/60 client tiep tuc model cuc bo (Algorithm 1 dong 10)
2026-08-19 01:28:58,939 - INFO - [Round 9] data-free KD 30 vong: gen_loss=32.8836 stu_loss=1.8618 (CE 0.4582)
2026-08-19 01:28:58,976 - INFO - [Round 39] luu checkpoint -> out_full/checkpoints/round_039.pth
2026-08-19 01:36:50,050 - INFO - [Round 39] loss=1.4492 acc=0.0016 | micro P/R/F1=0.0016/0.0016/0.0016 | macro P/R/F1=0.0003/0.1667/0.0005 | weighted P/R/F1=0.0000/0.0016/0.0000
2026-08-19 01:36:50,052 - INFO - fit progress: (9, 1.4492290190869621, {'accuracy': 0.001603960150235369, 'micro_precision': 0.001603960150235369, 'micro_recall': 0.001603960150235369, 'micro_f1': 0.001603960150235369, 'macro_precision': 0.00026732669170589484, 'macro_recall': 0.16666666666666666, 'macro_f1': 0.0005337971939843313, 'weighted_precision': 2.5726881635430674e-06, 'weighted_recall': 0.001603960150235369, 'weighted_f1': 5.137136564749959e-06}, 4630.977022908999)
2026-08-19 01:36:50,052 - INFO - configure_evaluate: no clients selected, skipping evaluation
2026-08-19 01:36:50,052 - INFO - 
2026-08-19 01:36:50,052 - INFO - [ROUND 10]
2026-08-19 01:36:50,053 - INFO - configure_fit: strategy sampled 60 clients (out of 60)
2026-08-19 01:36:52,395 - INFO - aggregate_fit: received 60 results and 0 failures
2026-08-19 01:36:52,494 - INFO - [Round 10] 60/60 client tiep tuc model cuc bo (Algorithm 1 dong 10)
2026-08-19 01:37:07,524 - INFO - [Round 10] data-free KD 30 vong: gen_loss=32.2914 stu_loss=1.7627 (CE 0.4252)
2026-08-19 01:37:07,562 - INFO - [Round 40] luu checkpoint -> out_full/checkpoints/round_040.pth
2026-08-19 01:44:59,713 - INFO - [Round 40] loss=1.7367 acc=0.0016 | micro P/R/F1=0.0016/0.0016/0.0016 | macro P/R/F1=0.0003/0.1667/0.0005 | weighted P/R/F1=0.0000/0.0016/0.0000
2026-08-19 01:45:02,482 - INFO - Luu out_full/confusion_matrix_task1.csv
2026-08-19 01:45:02,482 - INFO - Luu out_full/confusion_matrix_task1_normalized.csv
2026-08-19 01:45:09,912 - INFO - Luu out_full/classification_report_task1.txt
               precision    recall  f1-score   support

       Benign     0.0000    0.0000    0.0000  41700592
          DoS     0.0000    0.0000    0.0000    145129
       double     0.0000    0.0000    0.0000     12413
force-neutral     0.0000    0.0000    0.0000      5744
      fuzzing     0.0016    1.0000    0.0032     67321
     interval     0.0000    0.0000    0.0000     40542

     accuracy                         0.0016  41971741
    macro avg     0.0003    0.1667    0.0005  41971741
 weighted avg     0.0000    0.0016    0.0000  41971741

2026-08-19 01:45:10,130 - INFO - Luu out_full/confusion_matrix_task1.png
2026-08-19 01:45:10,131 - INFO - fit progress: (10, 1.7367454056252174, {'accuracy': 0.001603960150235369, 'micro_precision': 0.001603960150235369, 'micro_recall': 0.001603960150235369, 'micro_f1': 0.001603960150235369, 'macro_precision': 0.00026732669170589484, 'macro_recall': 0.16666666666666666, 'macro_f1': 0.0005337971939843313, 'weighted_precision': 2.5726881635430674e-06, 'weighted_recall': 0.001603960150235369, 'weighted_f1': 5.137136564749959e-06}, 5131.056279633998)
2026-08-19 01:45:10,131 - INFO - configure_evaluate: no clients selected, skipping evaluation
2026-08-19 01:45:10,131 - INFO - 
2026-08-19 01:45:10,131 - INFO - [ROUND 11]
2026-08-19 01:45:10,131 - INFO - configure_fit: strategy sampled 60 clients (out of 60)
2026-08-19 01:45:12,922 - INFO - aggregate_fit: received 60 results and 0 failures
2026-08-19 01:45:13,018 - INFO - [Round 11] 60/60 client tiep tuc model cuc bo (Algorithm 1 dong 10)
2026-08-19 01:45:27,908 - INFO - [Round 11] data-free KD 30 vong: gen_loss=31.5825 stu_loss=1.7027 (CE 0.4014)
2026-08-19 01:45:27,946 - INFO - [Round 41] luu checkpoint -> out_full/checkpoints/round_041.pth
2026-08-19 01:53:14,296 - INFO - [Round 41] loss=1.5174 acc=0.0016 | micro P/R/F1=0.0016/0.0016/0.0016 | macro P/R/F1=0.0003/0.1667/0.0005 | weighted P/R/F1=0.0000/0.0016/0.0000
2026-08-19 01:53:14,297 - INFO - fit progress: (11, 1.5174401762381278, {'accuracy': 0.001603960150235369, 'micro_precision': 0.001603960150235369, 'micro_recall': 0.001603960150235369, 'micro_f1': 0.001603960150235369, 'macro_precision': 0.00026732669170589484, 'macro_recall': 0.16666666666666666, 'macro_f1': 0.0005337971939843313, 'weighted_precision': 2.5726881635430674e-06, 'weighted_recall': 0.001603960150235369, 'weighted_f1': 5.137136564749959e-06}, 5615.222313254999)
2026-08-19 01:53:14,297 - INFO - configure_evaluate: no clients selected, skipping evaluation
2026-08-19 01:53:14,297 - INFO - 
2026-08-19 01:53:14,297 - INFO - [ROUND 12]
2026-08-19 01:53:14,298 - INFO - configure_fit: strategy sampled 60 clients (out of 60)
2026-08-19 01:53:16,623 - INFO - aggregate_fit: received 60 results and 0 failures
2026-08-19 01:53:16,717 - INFO - [Round 12] 60/60 client tiep tuc model cuc bo (Algorithm 1 dong 10)
2026-08-19 01:53:31,540 - INFO - [Round 12] data-free KD 30 vong: gen_loss=31.2146 stu_loss=1.6608 (CE 0.3871)
2026-08-19 01:53:31,578 - INFO - [Round 42] luu checkpoint -> out_full/checkpoints/round_042.pth
2026-08-19 02:01:16,577 - INFO - [Round 42] loss=1.5100 acc=0.0016 | micro P/R/F1=0.0016/0.0016/0.0016 | macro P/R/F1=0.0003/0.1667/0.0005 | weighted P/R/F1=0.0000/0.0016/0.0000
2026-08-19 02:01:16,579 - INFO - fit progress: (12, 1.5099525668488918, {'accuracy': 0.001603960150235369, 'micro_precision': 0.001603960150235369, 'micro_recall': 0.001603960150235369, 'micro_f1': 0.001603960150235369, 'macro_precision': 0.00026732669170589484, 'macro_recall': 0.16666666666666666, 'macro_f1': 0.0005337971939843313, 'weighted_precision': 2.5726881635430674e-06, 'weighted_recall': 0.001603960150235369, 'weighted_f1': 5.137136564749959e-06}, 6097.503991013)
2026-08-19 02:01:16,579 - INFO - configure_evaluate: no clients selected, skipping evaluation
2026-08-19 02:01:16,579 - INFO - 
2026-08-19 02:01:16,579 - INFO - [ROUND 13]
2026-08-19 02:01:16,579 - INFO - configure_fit: strategy sampled 60 clients (out of 60)
2026-08-19 02:01:18,835 - INFO - aggregate_fit: received 60 results and 0 failures
2026-08-19 02:01:18,930 - INFO - [Round 13] 60/60 client tiep tuc model cuc bo (Algorithm 1 dong 10)
2026-08-19 02:01:33,450 - INFO - [Round 13] data-free KD 30 vong: gen_loss=30.0085 stu_loss=1.6264 (CE 0.3733)
2026-08-19 02:01:33,489 - INFO - [Round 43] luu checkpoint -> out_full/checkpoints/round_043.pth
2026-08-19 02:09:22,097 - INFO - [Round 43] loss=1.4014 acc=0.0016 | micro P/R/F1=0.0016/0.0016/0.0016 | macro P/R/F1=0.0003/0.1667/0.0005 | weighted P/R/F1=0.0000/0.0016/0.0000
2026-08-19 02:09:22,098 - INFO - fit progress: (13, 1.4013801613512866, {'accuracy': 0.001603960150235369, 'micro_precision': 0.001603960150235369, 'micro_recall': 0.001603960150235369, 'micro_f1': 0.001603960150235369, 'macro_precision': 0.00026732669170589484, 'macro_recall': 0.16666666666666666, 'macro_f1': 0.0005337971939843313, 'weighted_precision': 2.5726881635430674e-06, 'weighted_recall': 0.001603960150235369, 'weighted_f1': 5.137136564749959e-06}, 6583.023504018001)
2026-08-19 02:09:22,099 - INFO - configure_evaluate: no clients selected, skipping evaluation
2026-08-19 02:09:22,099 - INFO - 
2026-08-19 02:09:22,099 - INFO - [ROUND 14]
2026-08-19 02:09:22,099 - INFO - configure_fit: strategy sampled 60 clients (out of 60)
2026-08-19 02:09:24,950 - INFO - aggregate_fit: received 60 results and 0 failures
2026-08-19 02:09:25,047 - INFO - [Round 14] 60/60 client tiep tuc model cuc bo (Algorithm 1 dong 10)
2026-08-19 02:09:39,658 - INFO - [Round 14] data-free KD 30 vong: gen_loss=29.8038 stu_loss=1.5978 (CE 0.3637)
2026-08-19 02:09:39,696 - INFO - [Round 44] luu checkpoint -> out_full/checkpoints/round_044.pth
2026-08-19 02:17:28,170 - INFO - [Round 44] loss=1.3844 acc=0.0016 | micro P/R/F1=0.0016/0.0016/0.0016 | macro P/R/F1=0.0003/0.1667/0.0005 | weighted P/R/F1=0.0000/0.0016/0.0000
2026-08-19 02:17:28,171 - INFO - fit progress: (14, 1.3843525250752766, {'accuracy': 0.001603960150235369, 'micro_precision': 0.001603960150235369, 'micro_recall': 0.001603960150235369, 'micro_f1': 0.001603960150235369, 'macro_precision': 0.00026732669170589484, 'macro_recall': 0.16666666666666666, 'macro_f1': 0.0005337971939843313, 'weighted_precision': 2.5726881635430674e-06, 'weighted_recall': 0.001603960150235369, 'weighted_f1': 5.137136564749959e-06}, 7069.096715083)
2026-08-19 02:17:28,172 - INFO - configure_evaluate: no clients selected, skipping evaluation
2026-08-19 02:17:28,172 - INFO - 
2026-08-19 02:17:28,172 - INFO - [ROUND 15]
2026-08-19 02:17:28,172 - INFO - configure_fit: strategy sampled 60 clients (out of 60)
2026-08-19 02:17:30,490 - INFO - aggregate_fit: received 60 results and 0 failures
2026-08-19 02:17:30,588 - INFO - [Round 15] 60/60 client tiep tuc model cuc bo (Algorithm 1 dong 10)
2026-08-19 02:17:45,218 - INFO - [Round 15] data-free KD 30 vong: gen_loss=28.9804 stu_loss=1.5735 (CE 0.3561)
2026-08-19 02:17:45,257 - INFO - [Round 45] luu checkpoint -> out_full/checkpoints/round_045.pth
2026-08-19 02:25:29,763 - INFO - [Round 45] loss=1.2632 acc=0.0023 | micro P/R/F1=0.0023/0.0023/0.0023 | macro P/R/F1=0.1669/0.1668/0.0008 | weighted P/R/F1=0.9935/0.0023/0.0013
2026-08-19 02:25:32,447 - INFO - Luu out_full/confusion_matrix_task1.csv
2026-08-19 02:25:32,447 - INFO - Luu out_full/confusion_matrix_task1_normalized.csv
2026-08-19 02:25:39,940 - INFO - Luu out_full/classification_report_task1.txt
               precision    recall  f1-score   support

       Benign     1.0000    0.0007    0.0013  41700592
          DoS     0.0000    0.0000    0.0000    145129
       double     0.0000    0.0000    0.0000     12413
force-neutral     0.0000    0.0000    0.0000      5744
      fuzzing     0.0016    1.0000    0.0032     67321
     interval     0.0000    0.0000    0.0000     40542

     accuracy                         0.0023  41971741
    macro avg     0.1669    0.1668    0.0008  41971741
 weighted avg     0.9935    0.0023    0.0013  41971741

2026-08-19 02:25:40,151 - INFO - Luu out_full/confusion_matrix_task1.png
2026-08-19 02:25:40,152 - INFO - fit progress: (15, 1.263214060046494, {'accuracy': 0.0022579477939692802, 'micro_precision': 0.0022579477939692802, 'micro_recall': 0.0022579477939692802, 'micro_f1': 0.0022579477939692802, 'macro_precision': 0.16693416830113617, 'macro_recall': 0.16677637334261344, 'macro_f1': 0.0007534149796773554, 'weighted_precision': 0.9935422991118048, 'weighted_recall': 0.0022579477939692802, 'weighted_f1': 0.0013122553850885396}, 7561.077207542996)
2026-08-19 02:25:40,152 - INFO - configure_evaluate: no clients selected, skipping evaluation
2026-08-19 02:25:40,152 - INFO - 
2026-08-19 02:25:40,152 - INFO - [ROUND 16]
2026-08-19 02:25:40,152 - INFO - configure_fit: strategy sampled 60 clients (out of 60)
2026-08-19 02:25:42,847 - INFO - aggregate_fit: received 60 results and 0 failures
2026-08-19 02:25:42,944 - INFO - [Round 16] 60/60 client tiep tuc model cuc bo (Algorithm 1 dong 10)
2026-08-19 02:25:57,018 - INFO - [Round 16] data-free KD 30 vong: gen_loss=29.0670 stu_loss=1.5606 (CE 0.3510)
2026-08-19 02:25:57,055 - INFO - [Round 46] luu checkpoint -> out_full/checkpoints/round_046.pth
2026-08-19 02:34:11,073 - INFO - [Round 46] loss=1.2498 acc=0.0069 | micro P/R/F1=0.0069/0.0069/0.0069 | macro P/R/F1=0.1669/0.1674/0.0023 | weighted P/R/F1=0.9933/0.0069/0.0105
2026-08-19 02:34:11,074 - INFO - fit progress: (16, 1.2498066180053398, {'accuracy': 0.006852658315984557, 'micro_precision': 0.006852658315984557, 'micro_recall': 0.006852658315984557, 'micro_f1': 0.006852658315984557, 'macro_precision': 0.16689207577787557, 'macro_recall': 0.167406250637854, 'macro_f1': 0.0022882931340319373, 'weighted_precision': 0.9932853717147312, 'weighted_recall': 0.006852658315984557, 'weighted_f1': 0.010450065106547488}, 8071.999466402998)
2026-08-19 02:34:11,074 - INFO - configure_evaluate: no clients selected, skipping evaluation
2026-08-19 02:34:11,075 - INFO - 
2026-08-19 02:34:11,075 - INFO - [ROUND 17]
2026-08-19 02:34:11,075 - INFO - configure_fit: strategy sampled 60 clients (out of 60)
2026-08-19 02:34:13,573 - INFO - aggregate_fit: received 60 results and 0 failures
2026-08-19 02:34:13,671 - INFO - [Round 17] 60/60 client tiep tuc model cuc bo (Algorithm 1 dong 10)
2026-08-19 02:34:28,349 - INFO - [Round 17] data-free KD 30 vong: gen_loss=28.3531 stu_loss=1.5466 (CE 0.3476)
2026-08-19 02:34:28,389 - INFO - [Round 47] luu checkpoint -> out_full/checkpoints/round_047.pth
2026-08-19 02:42:21,500 - INFO - [Round 47] loss=1.2323 acc=0.0522 | micro P/R/F1=0.0522/0.0522/0.0522 | macro P/R/F1=0.1665/0.1607/0.0167 | weighted P/R/F1=0.9908/0.0522/0.0966
2026-08-19 02:42:21,501 - INFO - fit progress: (17, 1.2323193661490517, {'accuracy': 0.0522355982326299, 'micro_precision': 0.0522355982326299, 'micro_recall': 0.0522355982326299, 'micro_f1': 0.0522355982326299, 'macro_precision': 0.16646658997096306, 'macro_recall': 0.16067348460720246, 'macro_f1': 0.016716924766310214, 'weighted_precision': 0.9908165945011912, 'weighted_recall': 0.0522355982326299, 'weighted_f1': 0.09659788635861127}, 8562.426682139998)
2026-08-19 02:42:21,502 - INFO - configure_evaluate: no clients selected, skipping evaluation
2026-08-19 02:42:21,502 - INFO - 
2026-08-19 02:42:21,502 - INFO - [ROUND 18]
2026-08-19 02:42:21,502 - INFO - configure_fit: strategy sampled 60 clients (out of 60)
2026-08-19 02:42:23,829 - INFO - aggregate_fit: received 60 results and 0 failures
2026-08-19 02:42:23,933 - INFO - [Round 18] 60/60 client tiep tuc model cuc bo (Algorithm 1 dong 10)
2026-08-19 02:42:38,572 - INFO - [Round 18] data-free KD 30 vong: gen_loss=27.9274 stu_loss=1.5367 (CE 0.3451)
2026-08-19 02:42:38,610 - INFO - [Round 48] luu checkpoint -> out_full/checkpoints/round_048.pth
2026-08-19 02:50:29,132 - INFO - [Round 48] loss=1.2542 acc=0.0632 | micro P/R/F1=0.0632/0.0632/0.0632 | macro P/R/F1=0.1664/0.1580/0.0200 | weighted P/R/F1=0.9906/0.0632/0.1163
2026-08-19 02:50:29,133 - INFO - fit progress: (18, 1.2542087730488491, {'accuracy': 0.0631868952017025, 'micro_precision': 0.0631868952017025, 'micro_recall': 0.0631868952017025, 'micro_f1': 0.0631868952017025, 'macro_precision': 0.1664262533882299, 'macro_recall': 0.15800218028849625, 'macro_f1': 0.020010330753483557, 'weighted_precision': 0.9906040837929554, 'weighted_recall': 0.0631868952017025, 'weighted_f1': 0.11628652023783975}, 9050.058675680997)
2026-08-19 02:50:29,134 - INFO - configure_evaluate: no clients selected, skipping evaluation
2026-08-19 02:50:29,134 - INFO - 
2026-08-19 02:50:29,134 - INFO - [ROUND 19]
2026-08-19 02:50:29,134 - INFO - configure_fit: strategy sampled 60 clients (out of 60)
2026-08-19 02:50:31,771 - INFO - aggregate_fit: received 60 results and 0 failures
2026-08-19 02:50:31,877 - INFO - [Round 19] 60/60 client tiep tuc model cuc bo (Algorithm 1 dong 10)
2026-08-19 02:50:46,625 - INFO - [Round 19] data-free KD 30 vong: gen_loss=27.4831 stu_loss=1.5299 (CE 0.3437)
2026-08-19 02:50:46,664 - INFO - [Round 49] luu checkpoint -> out_full/checkpoints/round_049.pth
2026-08-19 02:58:34,999 - INFO - [Round 49] loss=1.2464 acc=0.0713 | micro P/R/F1=0.0713/0.0713/0.0713 | macro P/R/F1=0.1665/0.1594/0.0224 | weighted P/R/F1=0.9909/0.0713/0.1305
2026-08-19 02:58:35,001 - INFO - fit progress: (19, 1.2463846870819448, {'accuracy': 0.07129537466649287, 'micro_precision': 0.07129537466649287, 'micro_recall': 0.07129537466649287, 'micro_f1': 0.07129537466649287, 'macro_precision': 0.16648019967327973, 'macro_recall': 0.15943900363407273, 'macro_f1': 0.022407222871221905, 'weighted_precision': 0.9909117794723288, 'weighted_recall': 0.07129537466649287, 'weighted_f1': 0.13054727597160565}, 9535.925857635997)
2026-08-19 02:58:35,001 - INFO - configure_evaluate: no clients selected, skipping evaluation
2026-08-19 02:58:35,001 - INFO - 
2026-08-19 02:58:35,001 - INFO - [ROUND 20]
2026-08-19 02:58:35,001 - INFO - configure_fit: strategy sampled 60 clients (out of 60)
2026-08-19 02:58:37,442 - INFO - aggregate_fit: received 60 results and 0 failures
2026-08-19 02:58:37,544 - INFO - [Round 20] 60/60 client tiep tuc model cuc bo (Algorithm 1 dong 10)
2026-08-19 02:58:52,000 - INFO - [Round 20] data-free KD 30 vong: gen_loss=27.1886 stu_loss=1.5255 (CE 0.3426)
2026-08-19 02:58:52,040 - INFO - [Round 50] luu checkpoint -> out_full/checkpoints/round_050.pth
2026-08-19 03:06:41,793 - INFO - [Round 50] loss=1.2673 acc=0.0733 | micro P/R/F1=0.0733/0.0733/0.0733 | macro P/R/F1=0.1665/0.1602/0.0230 | weighted P/R/F1=0.9910/0.0733/0.1341
2026-08-19 03:06:44,662 - INFO - Luu out_full/confusion_matrix_task1.csv
2026-08-19 03:06:44,662 - INFO - Luu out_full/confusion_matrix_task1_normalized.csv
2026-08-19 03:06:52,585 - INFO - Luu out_full/classification_report_task1.txt
               precision    recall  f1-score   support

       Benign     0.9974    0.0724    0.1350  41700592
          DoS     0.0000    0.0000    0.0000    145129
       double     0.0000    0.0000    0.0000     12413
force-neutral     0.0000    0.0000    0.0000      5744
      fuzzing     0.0015    0.8886    0.0031     67321
     interval     0.0000    0.0000    0.0000     40542

     accuracy                         0.0733  41971741
    macro avg     0.1665    0.1602    0.0230  41971741
 weighted avg     0.9910    0.0733    0.1341  41971741

2026-08-19 03:06:52,797 - INFO - Luu out_full/confusion_matrix_task1.png
2026-08-19 03:06:52,798 - INFO - fit progress: (20, 1.2673330850416473, {'accuracy': 0.07334275221035029, 'micro_precision': 0.07334275221035029, 'micro_recall': 0.07334275221035029, 'micro_f1': 0.07334275221035029, 'macro_precision': 0.16649415890014713, 'macro_recall': 0.16017050956274945, 'macro_f1': 0.023006939014639172, 'weighted_precision': 0.9909876554225456, 'weighted_recall': 0.07334275221035029, 'weighted_f1': 0.13410768699401707}, 10033.723078291001)
2026-08-19 03:06:52,798 - INFO - configure_evaluate: no clients selected, skipping evaluation
2026-08-19 03:06:52,798 - INFO - 
2026-08-19 03:06:52,798 - INFO - [ROUND 21]
2026-08-19 03:06:52,798 - INFO - configure_fit: strategy sampled 60 clients (out of 60)
2026-08-19 03:06:55,432 - INFO - aggregate_fit: received 60 results and 0 failures
2026-08-19 03:06:55,527 - INFO - [Round 21] 60/60 client tiep tuc model cuc bo (Algorithm 1 dong 10)
2026-08-19 03:07:09,842 - INFO - [Round 21] data-free KD 30 vong: gen_loss=26.8676 stu_loss=1.5200 (CE 0.3413)
2026-08-19 03:07:09,880 - INFO - [Round 51] luu checkpoint -> out_full/checkpoints/round_051.pth
2026-08-19 03:15:10,022 - INFO - [Round 51] loss=1.2468 acc=0.0549 | micro P/R/F1=0.0549/0.0549/0.0549 | macro P/R/F1=0.1666/0.1647/0.0175 | weighted P/R/F1=0.9916/0.0549/0.1013
2026-08-19 03:15:10,023 - INFO - fit progress: (21, 1.2467739217675449, {'accuracy': 0.05489829454537042, 'micro_precision': 0.05489829454537042, 'micro_recall': 0.05489829454537042, 'micro_f1': 0.05489829454537042, 'macro_precision': 0.1666043231209636, 'macro_recall': 0.16473872794670125, 'macro_f1': 0.017527048403624162, 'weighted_precision': 0.9915969068919318, 'weighted_recall': 0.05489829454537042, 'weighted_f1': 0.10134588295662837}, 10530.948290051001)
2026-08-19 03:15:10,023 - INFO - configure_evaluate: no clients selected, skipping evaluation
2026-08-19 03:15:10,023 - INFO - 
2026-08-19 03:15:10,024 - INFO - [ROUND 22]
2026-08-19 03:15:10,024 - INFO - configure_fit: strategy sampled 60 clients (out of 60)
2026-08-19 03:15:12,528 - INFO - aggregate_fit: received 60 results and 0 failures
2026-08-19 03:15:12,629 - INFO - [Round 22] 60/60 client tiep tuc model cuc bo (Algorithm 1 dong 10)
2026-08-19 03:15:28,094 - INFO - [Round 22] data-free KD 30 vong: gen_loss=26.5990 stu_loss=1.5155 (CE 0.3408)
2026-08-19 03:15:28,136 - INFO - [Round 52] luu checkpoint -> out_full/checkpoints/round_052.pth
2026-08-19 03:23:27,277 - INFO - [Round 52] loss=1.2682 acc=0.0669 | micro P/R/F1=0.0669/0.0669/0.0669 | macro P/R/F1=0.1666/0.1642/0.0211 | weighted P/R/F1=0.9915/0.0669/0.1228
2026-08-19 03:23:27,278 - INFO - fit progress: (22, 1.2682365842169379, {'accuracy': 0.0669088756647002, 'micro_precision': 0.0669088756647002, 'micro_recall': 0.0669088756647002, 'micro_f1': 0.0669088756647002, 'macro_precision': 0.16658933148727464, 'macro_recall': 0.16420765212068644, 'macro_f1': 0.021119274280745472, 'weighted_precision': 0.991513303598283, 'weighted_recall': 0.0669088756647002, 'weighted_f1': 0.12277157718628297}, 11028.203198744002)
2026-08-19 03:23:27,278 - INFO - configure_evaluate: no clients selected, skipping evaluation
2026-08-19 03:23:27,278 - INFO - 
2026-08-19 03:23:27,278 - INFO - [ROUND 23]
2026-08-19 03:23:27,278 - INFO - configure_fit: strategy sampled 60 clients (out of 60)
2026-08-19 03:23:29,630 - INFO - aggregate_fit: received 60 results and 0 failures
2026-08-19 03:23:29,728 - INFO - [Round 23] 60/60 client tiep tuc model cuc bo (Algorithm 1 dong 10)
2026-08-19 03:23:44,487 - INFO - [Round 23] data-free KD 30 vong: gen_loss=26.2464 stu_loss=1.5139 (CE 0.3405)
2026-08-19 03:23:44,524 - INFO - [Round 53] luu checkpoint -> out_full/checkpoints/round_053.pth
2026-08-19 03:31:37,263 - INFO - [Round 53] loss=1.4331 acc=0.0412 | micro P/R/F1=0.0412/0.0412/0.0412 | macro P/R/F1=0.1668/0.1703/0.0133 | weighted P/R/F1=0.9928/0.0412/0.0762
2026-08-19 03:31:37,264 - INFO - fit progress: (23, 1.4331150939986168, {'accuracy': 0.041205295725045096, 'micro_precision': 0.041205295725045096, 'micro_recall': 0.041205295725045096, 'micro_f1': 0.041205295725045096, 'macro_precision': 0.16681908469639106, 'macro_recall': 0.17032398703696963, 'macro_f1': 0.013331406650073582, 'weighted_precision': 0.9928213235959638, 'weighted_recall': 0.04120529572504509, 'weighted_f1': 0.07622311563326946}, 11518.189165879001)
2026-08-19 03:31:37,264 - INFO - configure_evaluate: no clients selected, skipping evaluation
2026-08-19 03:31:37,264 - INFO - 
2026-08-19 03:31:37,264 - INFO - [ROUND 24]
2026-08-19 03:31:37,264 - INFO - configure_fit: strategy sampled 60 clients (out of 60)
2026-08-19 03:31:39,633 - INFO - aggregate_fit: received 60 results and 0 failures
2026-08-19 03:31:39,735 - INFO - [Round 24] 60/60 client tiep tuc model cuc bo (Algorithm 1 dong 10)
2026-08-19 03:31:54,676 - INFO - [Round 24] data-free KD 30 vong: gen_loss=25.9132 stu_loss=1.5095 (CE 0.3393)
2026-08-19 03:31:54,718 - INFO - [Round 54] luu checkpoint -> out_full/checkpoints/round_054.pth
2026-08-19 03:40:46,442 - INFO - [Round 54] loss=1.2622 acc=0.0436 | micro P/R/F1=0.0436/0.0436/0.0436 | macro P/R/F1=0.1668/0.1705/0.0141 | weighted P/R/F1=0.9928/0.0436/0.0806
2026-08-19 03:40:46,444 - INFO - fit progress: (24, 1.2621755359067663, {'accuracy': 0.04358310988338559, 'micro_precision': 0.04358310988338559, 'micro_recall': 0.04358310988338559, 'micro_f1': 0.04358310988338559, 'macro_precision': 0.1668168579614395, 'macro_recall': 0.1704781675456671, 'macro_f1': 0.014068658265595653, 'weighted_precision': 0.9928064453853648, 'weighted_recall': 0.04358310988338559, 'weighted_f1': 0.08061485884509238}, 12067.369194001996)
2026-08-19 03:40:46,444 - INFO - configure_evaluate: no clients selected, skipping evaluation
2026-08-19 03:40:46,444 - INFO - 
2026-08-19 03:40:46,444 - INFO - [ROUND 25]
2026-08-19 03:40:46,445 - INFO - configure_fit: strategy sampled 60 clients (out of 60)
2026-08-19 03:40:49,466 - INFO - aggregate_fit: received 60 results and 0 failures
2026-08-19 03:40:49,572 - INFO - [Round 25] 60/60 client tiep tuc model cuc bo (Algorithm 1 dong 10)
2026-08-19 03:41:05,285 - INFO - [Round 25] data-free KD 30 vong: gen_loss=25.8800 stu_loss=1.5030 (CE 0.3382)
2026-08-19 03:41:05,324 - INFO - [Round 55] luu checkpoint -> out_full/checkpoints/round_055.pth
2026-08-19 03:49:56,997 - INFO - [Round 55] loss=1.2619 acc=0.0574 | micro P/R/F1=0.0574/0.0574/0.0574 | macro P/R/F1=0.1667/0.1688/0.0183 | weighted P/R/F1=0.9923/0.0574/0.1057
2026-08-19 03:49:59,876 - INFO - Luu out_full/confusion_matrix_task1.csv
2026-08-19 03:49:59,876 - INFO - Luu out_full/confusion_matrix_task1_normalized.csv
2026-08-19 03:50:08,100 - INFO - Luu out_full/classification_report_task1.txt
               precision    recall  f1-score   support

       Benign     0.9988    0.0562    0.1064  41700592
          DoS     0.0000    0.0000    0.0000    145129
       double     0.0000    0.0000    0.0000     12413
force-neutral     0.0000    0.0000    0.0000      5744
      fuzzing     0.0016    0.9565    0.0032     67321
     interval     0.0000    0.0000    0.0000     40542

     accuracy                         0.0574  41971741
    macro avg     0.1667    0.1688    0.0183  41971741
 weighted avg     0.9923    0.0574    0.1057  41971741

2026-08-19 03:50:08,338 - INFO - Luu out_full/confusion_matrix_task1.png
2026-08-19 03:50:08,339 - INFO - fit progress: (25, 1.2619046151905577, {'accuracy': 0.057359307539803984, 'micro_precision': 0.057359307539803984, 'micro_recall': 0.057359307539803984, 'micro_f1': 0.057359307539803984, 'macro_precision': 0.1667294167042804, 'macro_recall': 0.16878002564984987, 'macro_f1': 0.01827256122045189, 'weighted_precision': 0.9923018924909704, 'weighted_recall': 0.057359307539803984, 'weighted_f1': 0.10570876000590418}, 12629.264563194996)
2026-08-19 03:50:08,340 - INFO - configure_evaluate: no clients selected, skipping evaluation
2026-08-19 03:50:08,340 - INFO - 
2026-08-19 03:50:08,340 - INFO - [ROUND 26]
2026-08-19 03:50:08,340 - INFO - configure_fit: strategy sampled 60 clients (out of 60)
2026-08-19 03:50:10,808 - INFO - aggregate_fit: received 60 results and 0 failures
2026-08-19 03:50:10,916 - INFO - [Round 26] 60/60 client tiep tuc model cuc bo (Algorithm 1 dong 10)
2026-08-19 03:50:26,666 - INFO - [Round 26] data-free KD 30 vong: gen_loss=25.2517 stu_loss=1.5001 (CE 0.3378)
2026-08-19 03:50:26,705 - INFO - [Round 56] luu checkpoint -> out_full/checkpoints/round_056.pth
2026-08-19 03:59:17,883 - INFO - [Round 56] loss=1.2151 acc=0.0877 | micro P/R/F1=0.0877/0.0877/0.0877 | macro P/R/F1=0.1665/0.1630/0.0271 | weighted P/R/F1=0.9910/0.0877/0.1587
2026-08-19 03:59:17,885 - INFO - fit progress: (26, 1.2151426544629624, {'accuracy': 0.08765416712163548, 'micro_precision': 0.08765416712163548, 'micro_recall': 0.08765416712163548, 'micro_f1': 0.08765416712163548, 'macro_precision': 0.1665067336857932, 'macro_recall': 0.1630087465087838, 'macro_f1': 0.02713365801317845, 'weighted_precision': 0.9910341202487328, 'weighted_recall': 0.08765416712163547, 'weighted_f1': 0.15865123189394167}, 13178.810094315999)
2026-08-19 03:59:17,885 - INFO - configure_evaluate: no clients selected, skipping evaluation
2026-08-19 03:59:17,885 - INFO - 
2026-08-19 03:59:17,885 - INFO - [ROUND 27]
2026-08-19 03:59:17,886 - INFO - configure_fit: strategy sampled 60 clients (out of 60)
2026-08-19 03:59:20,618 - INFO - aggregate_fit: received 60 results and 0 failures
2026-08-19 03:59:20,722 - INFO - [Round 27] 60/60 client tiep tuc model cuc bo (Algorithm 1 dong 10)
2026-08-19 03:59:36,611 - INFO - [Round 27] data-free KD 30 vong: gen_loss=25.1720 stu_loss=1.4978 (CE 0.3370)
2026-08-19 03:59:36,651 - INFO - [Round 57] luu checkpoint -> out_full/checkpoints/round_057.pth
2026-08-19 04:08:28,341 - INFO - [Round 57] loss=1.2769 acc=0.1078 | micro P/R/F1=0.1078/0.1078/0.1078 | macro P/R/F1=0.1664/0.1576/0.0327 | weighted P/R/F1=0.9903/0.1078/0.1922
2026-08-19 04:08:28,342 - INFO - fit progress: (27, 1.276853664203094, {'accuracy': 0.1077699636047978, 'micro_precision': 0.1077699636047978, 'micro_recall': 0.1077699636047978, 'micro_f1': 0.1077699636047978, 'macro_precision': 0.16637461038908852, 'macro_recall': 0.15758885530118458, 'macro_f1': 0.03274183299530927, 'weighted_precision': 0.9903053121985722, 'weighted_recall': 0.1077699636047978, 'weighted_f1': 0.19220043327218767}, 13729.267394694998)
2026-08-19 04:08:28,342 - INFO - configure_evaluate: no clients selected, skipping evaluation
2026-08-19 04:08:28,342 - INFO - 
2026-08-19 04:08:28,342 - INFO - [ROUND 28]
2026-08-19 04:08:28,343 - INFO - configure_fit: strategy sampled 60 clients (out of 60)
2026-08-19 04:08:31,171 - INFO - aggregate_fit: received 60 results and 0 failures
2026-08-19 04:08:31,272 - INFO - [Round 28] 60/60 client tiep tuc model cuc bo (Algorithm 1 dong 10)
2026-08-19 04:08:47,002 - INFO - [Round 28] data-free KD 30 vong: gen_loss=24.9199 stu_loss=1.5022 (CE 0.3376)
2026-08-19 04:08:47,042 - INFO - [Round 58] luu checkpoint -> out_full/checkpoints/round_058.pth
2026-08-19 04:17:39,277 - INFO - [Round 58] loss=1.4252 acc=0.0643 | micro P/R/F1=0.0643/0.0643/0.0643 | macro P/R/F1=0.1667/0.1683/0.0203 | weighted P/R/F1=0.9922/0.0643/0.1181
2026-08-19 04:17:39,279 - INFO - fit progress: (28, 1.4251794962097573, {'accuracy': 0.06428084553366514, 'micro_precision': 0.06428084553366514, 'micro_recall': 0.06428084553366514, 'micro_f1': 0.06428084553366514, 'macro_precision': 0.1667094115542682, 'macro_recall': 0.1682900178422917, 'macro_f1': 0.02034324916439943, 'weighted_precision': 0.992187523092224, 'weighted_recall': 0.06428084553366514, 'weighted_f1': 0.11806242032490513}, 14280.204295843996)
2026-08-19 04:17:39,279 - INFO - configure_evaluate: no clients selected, skipping evaluation
2026-08-19 04:17:39,279 - INFO - 
2026-08-19 04:17:39,279 - INFO - [ROUND 29]
2026-08-19 04:17:39,280 - INFO - configure_fit: strategy sampled 60 clients (out of 60)
2026-08-19 04:17:41,934 - INFO - aggregate_fit: received 60 results and 0 failures
2026-08-19 04:17:42,034 - INFO - [Round 29] 60/60 client tiep tuc model cuc bo (Algorithm 1 dong 10)
2026-08-19 04:17:58,155 - INFO - [Round 29] data-free KD 30 vong: gen_loss=24.6633 stu_loss=1.4989 (CE 0.3376)
2026-08-19 04:17:58,195 - INFO - [Round 59] luu checkpoint -> out_full/checkpoints/round_059.pth
2026-08-19 04:26:18,347 - INFO - [Round 59] loss=1.3563 acc=0.0953 | micro P/R/F1=0.0953/0.0953/0.0953 | macro P/R/F1=0.1665/0.1624/0.0293 | weighted P/R/F1=0.9908/0.0953/0.1716
2026-08-19 04:26:18,349 - INFO - fit progress: (29, 1.356298223283261, {'accuracy': 0.09533662184754262, 'micro_precision': 0.09533662184754262, 'micro_recall': 0.09533662184754262, 'micro_f1': 0.09533662184754262, 'macro_precision': 0.16647116806757248, 'macro_recall': 0.16238438212201625, 'macro_f1': 0.029301901194613202, 'weighted_precision': 0.9908290363077379, 'weighted_recall': 0.09533662184754262, 'weighted_f1': 0.1715905305739401}, 14799.274046992996)
2026-08-19 04:26:18,349 - INFO - configure_evaluate: no clients selected, skipping evaluation
2026-08-19 04:26:18,349 - INFO - 
2026-08-19 04:26:18,349 - INFO - [ROUND 30]
2026-08-19 04:26:18,349 - INFO - configure_fit: strategy sampled 60 clients (out of 60)
2026-08-19 04:26:21,150 - INFO - aggregate_fit: received 60 results and 0 failures
2026-08-19 04:26:21,246 - INFO - [Round 30] 60/60 client tiep tuc model cuc bo (Algorithm 1 dong 10)
2026-08-19 04:26:36,209 - INFO - [Round 30] data-free KD 30 vong: gen_loss=24.1743 stu_loss=1.4945 (CE 0.3361)
2026-08-19 04:26:36,248 - INFO - [Round 60] luu checkpoint -> out_full/checkpoints/round_060.pth
2026-08-19 04:34:26,310 - INFO - [Round 60] loss=1.2137 acc=0.2219 | micro P/R/F1=0.2219/0.2219/0.2219 | macro P/R/F1=0.1663/0.1407/0.0610 | weighted P/R/F1=0.9898/0.2219/0.3612
2026-08-19 04:34:29,209 - INFO - Luu out_full/confusion_matrix_task1.csv
2026-08-19 04:34:29,209 - INFO - Luu out_full/confusion_matrix_task1_normalized.csv
2026-08-19 04:34:38,282 - INFO - Luu out_full/classification_report_task1.txt
               precision    recall  f1-score   support

       Benign     0.9962    0.2224    0.3636  41700592
          DoS     0.0000    0.0000    0.0000    145129
       double     0.0000    0.0000    0.0000     12413
force-neutral     0.0000    0.0000    0.0000      5744
      fuzzing     0.0013    0.6220    0.0026     67321
     interval     0.0000    0.0000    0.0000     40542

     accuracy                         0.2219  41971741
    macro avg     0.1663    0.1407    0.0610  41971741
 weighted avg     0.9898    0.2219    0.3612  41971741

2026-08-19 04:34:38,891 - INFO - Luu out_full/confusion_matrix_task1.png
2026-08-19 04:34:38,893 - INFO - fit progress: (30, 1.213683085851982, {'accuracy': 0.22191528819354908, 'micro_precision': 0.22191528819354908, 'micro_recall': 0.22191528819354908, 'micro_f1': 0.22191528819354908, 'macro_precision': 0.16625224825579107, 'macro_recall': 0.1407314611162229, 'macro_f1': 0.06102023276532817, 'weighted_precision': 0.9897976077737057, 'weighted_recall': 0.22191528819354908, 'weighted_f1': 0.3612180425270958}, 15299.817851301003)
2026-08-19 04:34:38,893 - INFO - configure_evaluate: no clients selected, skipping evaluation
2026-08-19 04:34:38,893 - INFO - 
2026-08-19 04:34:38,894 - INFO - [SUMMARY]
2026-08-19 04:34:38,894 - INFO - Run finished 30 round(s) in 15299.82s
2026-08-19 04:34:38,899 - INFO - 	History (loss, centralized):
2026-08-19 04:34:38,899 - INFO - 		round 1: 0.1572310900001021
2026-08-19 04:34:38,899 - INFO - 		round 2: 0.18839447766652942
2026-08-19 04:34:38,899 - INFO - 		round 3: 0.45040423867411206
2026-08-19 04:34:38,899 - INFO - 		round 4: 0.7485563597241293
2026-08-19 04:34:38,899 - INFO - 		round 5: 1.4270258430365377
2026-08-19 04:34:38,899 - INFO - 		round 6: 2.5015293002524106
2026-08-19 04:34:38,899 - INFO - 		round 7: 2.7620787510966807
2026-08-19 04:34:38,899 - INFO - 		round 8: 2.204473072644047
2026-08-19 04:34:38,900 - INFO - 		round 9: 1.4492290190869621
2026-08-19 04:34:38,900 - INFO - 		round 10: 1.7367454056252174
2026-08-19 04:34:38,900 - INFO - 		round 11: 1.5174401762381278
2026-08-19 04:34:38,900 - INFO - 		round 12: 1.5099525668488918
2026-08-19 04:34:38,900 - INFO - 		round 13: 1.4013801613512866
2026-08-19 04:34:38,900 - INFO - 		round 14: 1.3843525250752766
2026-08-19 04:34:38,900 - INFO - 		round 15: 1.263214060046494
2026-08-19 04:34:38,900 - INFO - 		round 16: 1.2498066180053398
2026-08-19 04:34:38,900 - INFO - 		round 17: 1.2323193661490517
2026-08-19 04:34:38,900 - INFO - 		round 18: 1.2542087730488491
2026-08-19 04:34:38,900 - INFO - 		round 19: 1.2463846870819448
2026-08-19 04:34:38,900 - INFO - 		round 20: 1.2673330850416473
2026-08-19 04:34:38,900 - INFO - 		round 21: 1.2467739217675449
2026-08-19 04:34:38,900 - INFO - 		round 22: 1.2682365842169379
2026-08-19 04:34:38,900 - INFO - 		round 23: 1.4331150939986168
2026-08-19 04:34:38,900 - INFO - 		round 24: 1.2621755359067663
2026-08-19 04:34:38,900 - INFO - 		round 25: 1.2619046151905577
2026-08-19 04:34:38,901 - INFO - 		round 26: 1.2151426544629624
2026-08-19 04:34:38,901 - INFO - 		round 27: 1.276853664203094
2026-08-19 04:34:38,901 - INFO - 		round 28: 1.4251794962097573
2026-08-19 04:34:38,901 - INFO - 		round 29: 1.356298223283261
2026-08-19 04:34:38,901 - INFO - 		round 30: 1.213683085851982
2026-08-19 04:34:38,901 - INFO - 	History (metrics, distributed, fit):
2026-08-19 04:34:38,901 - INFO - 	{'gen_loss': [(1, 43.61548169453939),
2026-08-19 04:34:38,901 - INFO - 	              (2, 40.677218755086265),
2026-08-19 04:34:38,901 - INFO - 	              (3, 39.636636861165364),
2026-08-19 04:34:38,901 - INFO - 	              (4, 39.11914278666178),
2026-08-19 04:34:38,901 - INFO - 	              (5, 38.29273300170898),
2026-08-19 04:34:38,901 - INFO - 	              (6, 37.21841468811035),
2026-08-19 04:34:38,901 - INFO - 	              (7, 36.38024164835612),
2026-08-19 04:34:38,901 - INFO - 	              (8, 34.6864870707194),
2026-08-19 04:34:38,901 - INFO - 	              (9, 32.88364963531494),
2026-08-19 04:34:38,901 - INFO - 	              (10, 32.29143085479736),
2026-08-19 04:34:38,902 - INFO - 	              (11, 31.582480430603027),
2026-08-19 04:34:38,902 - INFO - 	              (12, 31.214630381266275),
2026-08-19 04:34:38,902 - INFO - 	              (13, 30.00846945444743),
2026-08-19 04:34:38,902 - INFO - 	              (14, 29.803761291503907),
2026-08-19 04:34:38,902 - INFO - 	              (15, 28.980444526672365),
2026-08-19 04:34:38,902 - INFO - 	              (16, 29.06703135172526),
2026-08-19 04:34:38,902 - INFO - 	              (17, 28.353142420450848),
2026-08-19 04:34:38,902 - INFO - 	              (18, 27.927425130208334),
2026-08-19 04:34:38,902 - INFO - 	              (19, 27.483078320821125),
2026-08-19 04:34:38,902 - INFO - 	              (20, 27.18859208424886),
2026-08-19 04:34:38,902 - INFO - 	              (21, 26.867617479960124),
2026-08-19 04:34:38,902 - INFO - 	              (22, 26.599000676472983),
2026-08-19 04:34:38,902 - INFO - 	              (23, 26.246409543355306),
2026-08-19 04:34:38,902 - INFO - 	              (24, 25.913204256693522),
2026-08-19 04:34:38,902 - INFO - 	              (25, 25.880014673868814),
2026-08-19 04:34:38,902 - INFO - 	              (26, 25.251706250508626),
2026-08-19 04:34:38,902 - INFO - 	              (27, 25.17201067606608),
2026-08-19 04:34:38,902 - INFO - 	              (28, 24.919949595133463),
2026-08-19 04:34:38,902 - INFO - 	              (29, 24.663330205281575),
2026-08-19 04:34:38,902 - INFO - 	              (30, 24.174281120300293)],
2026-08-19 04:34:38,903 - INFO - 	 'kd_loss_client': [(1, 0.0662197479576848),
2026-08-19 04:34:38,903 - INFO - 	                    (2, 0.0309718059410622),
2026-08-19 04:34:38,903 - INFO - 	                    (3, 1.5823303982260681),
2026-08-19 04:34:38,903 - INFO - 	                    (4, 25.161802847536784),
2026-08-19 04:34:38,903 - INFO - 	                    (5, 56.39271994174473),
2026-08-19 04:34:38,903 - INFO - 	                    (6, 64.78127830346426),
2026-08-19 04:34:38,903 - INFO - 	                    (7, 93.05054700018869),
2026-08-19 04:34:38,903 - INFO - 	                    (8, 98.53739616893587),
2026-08-19 04:34:38,903 - INFO - 	                    (9, 88.71581010212975),
2026-08-19 04:34:38,903 - INFO - 	                    (10, 73.73209515874348),
2026-08-19 04:34:38,903 - INFO - 	                    (11, 76.77709077479349),
2026-08-19 04:34:38,903 - INFO - 	                    (12, 72.28099485420044),
2026-08-19 04:34:38,903 - INFO - 	                    (13, 70.68351846914443),
2026-08-19 04:34:38,903 - INFO - 	                    (14, 67.389881803119),
2026-08-19 04:34:38,903 - INFO - 	                    (15, 66.05092354206812),
2026-08-19 04:34:38,903 - INFO - 	                    (16, 63.29122942462801),
2026-08-19 04:34:38,903 - INFO - 	                    (17, 62.30078243581075),
2026-08-19 04:34:38,903 - INFO - 	                    (18, 60.782630488834684),
2026-08-19 04:34:38,903 - INFO - 	                    (19, 60.69700134799594),
2026-08-19 04:34:38,903 - INFO - 	                    (20, 59.632769038639374),
2026-08-19 04:34:38,903 - INFO - 	                    (21, 59.820253415183416),
2026-08-19 04:34:38,903 - INFO - 	                    (22, 58.01543686760797),
2026-08-19 04:34:38,903 - INFO - 	                    (23, 57.372991404987516),
2026-08-19 04:34:38,903 - INFO - 	                    (24, 60.3529426934984),
2026-08-19 04:34:38,904 - INFO - 	                    (25, 56.05865628598228),
2026-08-19 04:34:38,904 - INFO - 	                    (26, 55.317012818048866),
2026-08-19 04:34:38,904 - INFO - 	                    (27, 54.06844320437265),
2026-08-19 04:34:38,904 - INFO - 	                    (28, 54.66719195498361),
2026-08-19 04:34:38,904 - INFO - 	                    (29, 59.29158012533944),
2026-08-19 04:34:38,904 - INFO - 	                    (30, 55.03285259330083)],
2026-08-19 04:34:38,904 - INFO - 	 'num_clients': [(1, 60),
2026-08-19 04:34:38,904 - INFO - 	                 (2, 60),
2026-08-19 04:34:38,904 - INFO - 	                 (3, 60),
2026-08-19 04:34:38,904 - INFO - 	                 (4, 60),
2026-08-19 04:34:38,904 - INFO - 	                 (5, 60),
2026-08-19 04:34:38,904 - INFO - 	                 (6, 60),
2026-08-19 04:34:38,904 - INFO - 	                 (7, 60),
2026-08-19 04:34:38,904 - INFO - 	                 (8, 60),
2026-08-19 04:34:38,904 - INFO - 	                 (9, 60),
2026-08-19 04:34:38,904 - INFO - 	                 (10, 60),
2026-08-19 04:34:38,904 - INFO - 	                 (11, 60),
2026-08-19 04:34:38,904 - INFO - 	                 (12, 60),
2026-08-19 04:34:38,904 - INFO - 	                 (13, 60),
2026-08-19 04:34:38,904 - INFO - 	                 (14, 60),
2026-08-19 04:34:38,905 - INFO - 	                 (15, 60),
2026-08-19 04:34:38,905 - INFO - 	                 (16, 60),
2026-08-19 04:34:38,905 - INFO - 	                 (17, 60),
2026-08-19 04:34:38,905 - INFO - 	                 (18, 60),
2026-08-19 04:34:38,905 - INFO - 	                 (19, 60),
2026-08-19 04:34:38,905 - INFO - 	                 (20, 60),
2026-08-19 04:34:38,905 - INFO - 	                 (21, 60),
2026-08-19 04:34:38,905 - INFO - 	                 (22, 60),
2026-08-19 04:34:38,905 - INFO - 	                 (23, 60),
2026-08-19 04:34:38,905 - INFO - 	                 (24, 60),
2026-08-19 04:34:38,905 - INFO - 	                 (25, 60),
2026-08-19 04:34:38,905 - INFO - 	                 (26, 60),
2026-08-19 04:34:38,905 - INFO - 	                 (27, 60),
2026-08-19 04:34:38,905 - INFO - 	                 (28, 60),
2026-08-19 04:34:38,905 - INFO - 	                 (29, 60),
2026-08-19 04:34:38,906 - INFO - 	                 (30, 60)],
2026-08-19 04:34:38,906 - INFO - 	 'resumed_local': [(1, 0),
2026-08-19 04:34:38,906 - INFO - 	                   (2, 60),
2026-08-19 04:34:38,906 - INFO - 	                   (3, 60),
2026-08-19 04:34:38,906 - INFO - 	                   (4, 60),
2026-08-19 04:34:38,906 - INFO - 	                   (5, 60),
2026-08-19 04:34:38,906 - INFO - 	                   (6, 60),
2026-08-19 04:34:38,906 - INFO - 	                   (7, 60),
2026-08-19 04:34:38,906 - INFO - 	                   (8, 60),
2026-08-19 04:34:38,906 - INFO - 	                   (9, 60),
2026-08-19 04:34:38,906 - INFO - 	                   (10, 60),
2026-08-19 04:34:38,906 - INFO - 	                   (11, 60),
2026-08-19 04:34:38,906 - INFO - 	                   (12, 60),
2026-08-19 04:34:38,906 - INFO - 	                   (13, 60),
2026-08-19 04:34:38,907 - INFO - 	                   (14, 60),
2026-08-19 04:34:38,907 - INFO - 	                   (15, 60),
2026-08-19 04:34:38,907 - INFO - 	                   (16, 60),
2026-08-19 04:34:38,907 - INFO - 	                   (17, 60),
2026-08-19 04:34:38,907 - INFO - 	                   (18, 60),
2026-08-19 04:34:38,907 - INFO - 	                   (19, 60),
2026-08-19 04:34:38,907 - INFO - 	                   (20, 60),
2026-08-19 04:34:38,907 - INFO - 	                   (21, 60),
2026-08-19 04:34:38,907 - INFO - 	                   (22, 60),
2026-08-19 04:34:38,907 - INFO - 	                   (23, 60),
2026-08-19 04:34:38,907 - INFO - 	                   (24, 60),
2026-08-19 04:34:38,907 - INFO - 	                   (25, 60),
2026-08-19 04:34:38,907 - INFO - 	                   (26, 60),
2026-08-19 04:34:38,907 - INFO - 	                   (27, 60),
2026-08-19 04:34:38,907 - INFO - 	                   (28, 60),
2026-08-19 04:34:38,907 - INFO - 	                   (29, 60),
2026-08-19 04:34:38,907 - INFO - 	                   (30, 60)],
2026-08-19 04:34:38,908 - INFO - 	 'stu_ce': [(1, 44.16915054321289),
2026-08-19 04:34:38,908 - INFO - 	            (2, 25.638480784098306),
2026-08-19 04:34:38,908 - INFO - 	            (3, 13.324346688588461),
2026-08-19 04:34:38,908 - INFO - 	            (4, 7.176933504740397),
2026-08-19 04:34:38,908 - INFO - 	            (5, 3.2178840812047325),
2026-08-19 04:34:38,908 - INFO - 	            (6, 1.2242011245091755),
2026-08-19 04:34:38,908 - INFO - 	            (7, 0.6804248042901357),
2026-08-19 04:34:38,908 - INFO - 	            (8, 0.5313753074407578),
2026-08-19 04:34:38,908 - INFO - 	            (9, 0.45822932104269665),
2026-08-19 04:34:38,908 - INFO - 	            (10, 0.4251818440357844),
2026-08-19 04:34:38,908 - INFO - 	            (11, 0.40140979568163554),
2026-08-19 04:34:38,908 - INFO - 	            (12, 0.3871023501952489),
2026-08-19 04:34:38,908 - INFO - 	            (13, 0.37327314138412476),
2026-08-19 04:34:38,908 - INFO - 	            (14, 0.36370644787947337),
2026-08-19 04:34:38,908 - INFO - 	            (15, 0.35606279730796814),
2026-08-19 04:34:38,908 - INFO - 	            (16, 0.3509715549151103),
2026-08-19 04:34:38,908 - INFO - 	            (17, 0.34758558213710783),
2026-08-19 04:34:38,908 - INFO - 	            (18, 0.34508974929650627),
2026-08-19 04:34:38,909 - INFO - 	            (19, 0.34373418867588046),
2026-08-19 04:34:38,909 - INFO - 	            (20, 0.34255493998527525),
2026-08-19 04:34:38,909 - INFO - 	            (21, 0.3413197273015976),
2026-08-19 04:34:38,909 - INFO - 	            (22, 0.340763698220253),
2026-08-19 04:34:38,909 - INFO - 	            (23, 0.34053651213645936),
2026-08-19 04:34:38,909 - INFO - 	            (24, 0.3392733335494995),
2026-08-19 04:34:38,909 - INFO - 	            (25, 0.3381996426979701),
2026-08-19 04:34:38,909 - INFO - 	            (26, 0.33783872226874034),
2026-08-19 04:34:38,909 - INFO - 	            (27, 0.3369819547732671),
2026-08-19 04:34:38,909 - INFO - 	            (28, 0.3376082456111908),
2026-08-19 04:34:38,909 - INFO - 	            (29, 0.3376378575960795),
2026-08-19 04:34:38,909 - INFO - 	            (30, 0.33610028942426046)],
2026-08-19 04:34:38,909 - INFO - 	 'stu_loss': [(1, 44.19085301717122),
2026-08-19 04:34:38,909 - INFO - 	              (2, 25.760168329874674),
2026-08-19 04:34:38,909 - INFO - 	              (3, 13.801197770436605),
2026-08-19 04:34:38,909 - INFO - 	              (4, 8.199679489135741),
2026-08-19 04:34:38,909 - INFO - 	              (5, 4.873466110229492),
2026-08-19 04:34:38,909 - INFO - 	              (6, 2.9558590602874757),
2026-08-19 04:34:38,910 - INFO - 	              (7, 2.304613485336304),
2026-08-19 04:34:38,910 - INFO - 	              (8, 2.0348723936080932),
2026-08-19 04:34:38,910 - INFO - 	              (9, 1.8617808254559836),
2026-08-19 04:34:38,910 - INFO - 	              (10, 1.762748534679413),
2026-08-19 04:34:38,910 - INFO - 	              (11, 1.7027008684476217),
2026-08-19 04:34:38,910 - INFO - 	              (12, 1.6608018978436787),
2026-08-19 04:34:38,910 - INFO - 	              (13, 1.6263548254966735),
2026-08-19 04:34:38,910 - INFO - 	              (14, 1.5978323046366374),
2026-08-19 04:34:38,910 - INFO - 	              (15, 1.5735145664215089),
2026-08-19 04:34:38,910 - INFO - 	              (16, 1.5606480852762858),
2026-08-19 04:34:38,910 - INFO - 	              (17, 1.5465631818771362),
2026-08-19 04:34:38,910 - INFO - 	              (18, 1.5367349378267925),
2026-08-19 04:34:38,910 - INFO - 	              (19, 1.5299202911059062),
2026-08-19 04:34:38,910 - INFO - 	              (20, 1.5255071171124777),
2026-08-19 04:34:38,910 - INFO - 	              (21, 1.51998894850413),
2026-08-19 04:34:38,910 - INFO - 	              (22, 1.5155237619082134),
2026-08-19 04:34:38,910 - INFO - 	              (23, 1.5139368693033854),
2026-08-19 04:34:38,910 - INFO - 	              (24, 1.5094806996981303),
2026-08-19 04:34:38,911 - INFO - 	              (25, 1.5030202380816142),
2026-08-19 04:34:38,911 - INFO - 	              (26, 1.500113939444224),
2026-08-19 04:34:38,911 - INFO - 	              (27, 1.4977824489275615),
2026-08-19 04:34:38,911 - INFO - 	              (28, 1.5022335735956829),
2026-08-19 04:34:38,911 - INFO - 	              (29, 1.4988511729240417),
2026-08-19 04:34:38,911 - INFO - 	              (30, 1.4945190223058065)],
2026-08-19 04:34:38,911 - INFO - 	 'train_loss': [(1, 56.93631779251922),
2026-08-19 04:34:38,911 - INFO - 	                (2, 55.81496210492461),
2026-08-19 04:34:38,911 - INFO - 	                (3, 54.72301298200584),
2026-08-19 04:34:38,911 - INFO - 	                (4, 53.67477939990179),
2026-08-19 04:34:38,911 - INFO - 	                (5, 52.642838972481684),
2026-08-19 04:34:38,911 - INFO - 	                (6, 51.67910787556533),
2026-08-19 04:34:38,911 - INFO - 	                (7, 50.768947590894065),
2026-08-19 04:34:38,911 - INFO - 	                (8, 49.83847711751588),
2026-08-19 04:34:38,911 - INFO - 	                (9, 48.96240388015945),
2026-08-19 04:34:38,911 - INFO - 	                (10, 48.14995794931357),
2026-08-19 04:34:38,911 - INFO - 	                (11, 47.29737065769992),
2026-08-19 04:34:38,911 - INFO - 	                (12, 46.53651314754397),
2026-08-19 04:34:38,911 - INFO - 	                (13, 45.769058537035875),
2026-08-19 04:34:38,911 - INFO - 	                (14, 45.016258682297824),
2026-08-19 04:34:38,911 - INFO - 	                (15, 44.29512521424965),
2026-08-19 04:34:38,912 - INFO - 	                (16, 43.586126789385844),
2026-08-19 04:34:38,912 - INFO - 	                (17, 42.89233665154692),
2026-08-19 04:34:38,912 - INFO - 	                (18, 42.22047852269866),
2026-08-19 04:34:38,912 - INFO - 	                (19, 41.57359409730127),
2026-08-19 04:34:38,912 - INFO - 	                (20, 40.950001332743454),
2026-08-19 04:34:38,912 - INFO - 	                (21, 40.33110751090314),
2026-08-19 04:34:38,912 - INFO - 	                (22, 39.72603203741254),
2026-08-19 04:34:38,912 - INFO - 	                (23, 39.13091074783419),
2026-08-19 04:34:38,912 - INFO - 	                (24, 38.561369220509384),
2026-08-19 04:34:38,912 - INFO - 	                (25, 37.990909528597385),
2026-08-19 04:34:38,912 - INFO - 	                (26, 37.44197520784751),
2026-08-19 04:34:38,912 - INFO - 	                (27, 36.903429199131054),
2026-08-19 04:34:38,912 - INFO - 	                (28, 36.38017415911876),
2026-08-19 04:34:38,912 - INFO - 	                (29, 35.85496210472301),
2026-08-19 04:34:38,912 - INFO - 	                (30, 35.353505280550095)]}
2026-08-19 04:34:38,912 - INFO - 	History (metrics, centralized):
2026-08-19 04:34:38,912 - INFO - 	{'accuracy': [(1, 0.993539724740034),
2026-08-19 04:34:38,912 - INFO - 	              (2, 0.993539724740034),
2026-08-19 04:34:38,912 - INFO - 	              (3, 0.993539724740034),
2026-08-19 04:34:38,912 - INFO - 	              (4, 0.6607236997864825),
2026-08-19 04:34:38,912 - INFO - 	              (5, 0.002091121261803269),
2026-08-19 04:34:38,912 - INFO - 	              (6, 0.001603960150235369),
2026-08-19 04:34:38,912 - INFO - 	              (7, 0.001603960150235369),
2026-08-19 04:34:38,912 - INFO - 	              (8, 0.001603960150235369),
2026-08-19 04:34:38,912 - INFO - 	              (9, 0.001603960150235369),
2026-08-19 04:34:38,912 - INFO - 	              (10, 0.001603960150235369),
2026-08-19 04:34:38,913 - INFO - 	              (11, 0.001603960150235369),
2026-08-19 04:34:38,913 - INFO - 	              (12, 0.001603960150235369),
2026-08-19 04:34:38,913 - INFO - 	              (13, 0.001603960150235369),
2026-08-19 04:34:38,913 - INFO - 	              (14, 0.001603960150235369),
2026-08-19 04:34:38,913 - INFO - 	              (15, 0.0022579477939692802),
2026-08-19 04:34:38,913 - INFO - 	              (16, 0.006852658315984557),
2026-08-19 04:34:38,913 - INFO - 	              (17, 0.0522355982326299),
2026-08-19 04:34:38,913 - INFO - 	              (18, 0.0631868952017025),
2026-08-19 04:34:38,913 - INFO - 	              (19, 0.07129537466649287),
2026-08-19 04:34:38,913 - INFO - 	              (20, 0.07334275221035029),
2026-08-19 04:34:38,913 - INFO - 	              (21, 0.05489829454537042),
2026-08-19 04:34:38,913 - INFO - 	              (22, 0.0669088756647002),
2026-08-19 04:34:38,913 - INFO - 	              (23, 0.041205295725045096),
2026-08-19 04:34:38,913 - INFO - 	              (24, 0.04358310988338559),
2026-08-19 04:34:38,913 - INFO - 	              (25, 0.057359307539803984),
2026-08-19 04:34:38,913 - INFO - 	              (26, 0.08765416712163548),
2026-08-19 04:34:38,913 - INFO - 	              (27, 0.1077699636047978),
2026-08-19 04:34:38,913 - INFO - 	              (28, 0.06428084553366514),
2026-08-19 04:34:38,913 - INFO - 	              (29, 0.09533662184754262),
2026-08-19 04:34:38,913 - INFO - 	              (30, 0.22191528819354908)],
2026-08-19 04:34:38,913 - INFO - 	 'macro_f1': [(1, 0.1661265657948528),
2026-08-19 04:34:38,914 - INFO - 	              (2, 0.1661265657948528),
2026-08-19 04:34:38,914 - INFO - 	              (3, 0.1661265657948528),
2026-08-19 04:34:38,914 - INFO - 	              (4, 0.13436570921767949),
2026-08-19 04:34:38,914 - INFO - 	              (5, 0.0006974197710969604),
2026-08-19 04:34:38,914 - INFO - 	              (6, 0.0005337971939843313),
2026-08-19 04:34:38,914 - INFO - 	              (7, 0.0005337971939843313),
2026-08-19 04:34:38,914 - INFO - 	              (8, 0.0005337971939843313),
2026-08-19 04:34:38,914 - INFO - 	              (9, 0.0005337971939843313),
2026-08-19 04:34:38,914 - INFO - 	              (10, 0.0005337971939843313),
2026-08-19 04:34:38,914 - INFO - 	              (11, 0.0005337971939843313),
2026-08-19 04:34:38,914 - INFO - 	              (12, 0.0005337971939843313),
2026-08-19 04:34:38,914 - INFO - 	              (13, 0.0005337971939843313),
2026-08-19 04:34:38,914 - INFO - 	              (14, 0.0005337971939843313),
2026-08-19 04:34:38,914 - INFO - 	              (15, 0.0007534149796773554),
2026-08-19 04:34:38,914 - INFO - 	              (16, 0.0022882931340319373),
2026-08-19 04:34:38,914 - INFO - 	              (17, 0.016716924766310214),
2026-08-19 04:34:38,914 - INFO - 	              (18, 0.020010330753483557),
2026-08-19 04:34:38,915 - INFO - 	              (19, 0.022407222871221905),
2026-08-19 04:34:38,915 - INFO - 	              (20, 0.023006939014639172),
2026-08-19 04:34:38,915 - INFO - 	              (21, 0.017527048403624162),
2026-08-19 04:34:38,915 - INFO - 	              (22, 0.021119274280745472),
2026-08-19 04:34:38,915 - INFO - 	              (23, 0.013331406650073582),
2026-08-19 04:34:38,915 - INFO - 	              (24, 0.014068658265595653),
2026-08-19 04:34:38,915 - INFO - 	              (25, 0.01827256122045189),
2026-08-19 04:34:38,915 - INFO - 	              (26, 0.02713365801317845),
2026-08-19 04:34:38,915 - INFO - 	              (27, 0.03274183299530927),
2026-08-19 04:34:38,915 - INFO - 	              (28, 0.02034324916439943),
2026-08-19 04:34:38,915 - INFO - 	              (29, 0.029301901194613202),
2026-08-19 04:34:38,915 - INFO - 	              (30, 0.06102023276532817)],
2026-08-19 04:34:38,915 - INFO - 	 'macro_precision': [(1, 0.16558995412333902),
2026-08-19 04:34:38,915 - INFO - 	                     (2, 0.16558995412333902),
2026-08-19 04:34:38,915 - INFO - 	                     (3, 0.16558995412333902),
2026-08-19 04:34:38,915 - INFO - 	                     (4, 0.1665671647000853),
2026-08-19 04:34:38,915 - INFO - 	                     (5, 0.16693412365301533),
2026-08-19 04:34:38,916 - INFO - 	                     (6, 0.00026732669170589484),
2026-08-19 04:34:38,916 - INFO - 	                     (7, 0.00026732669170589484),
2026-08-19 04:34:38,916 - INFO - 	                     (8, 0.00026732669170589484),
2026-08-19 04:34:38,916 - INFO - 	                     (9, 0.00026732669170589484),
2026-08-19 04:34:38,916 - INFO - 	                     (10, 0.00026732669170589484),
2026-08-19 04:34:38,916 - INFO - 	                     (11, 0.00026732669170589484),
2026-08-19 04:34:38,916 - INFO - 	                     (12, 0.00026732669170589484),
2026-08-19 04:34:38,916 - INFO - 	                     (13, 0.00026732669170589484),
2026-08-19 04:34:38,916 - INFO - 	                     (14, 0.00026732669170589484),
2026-08-19 04:34:38,916 - INFO - 	                     (15, 0.16693416830113617),
2026-08-19 04:34:38,916 - INFO - 	                     (16, 0.16689207577787557),
2026-08-19 04:34:38,916 - INFO - 	                     (17, 0.16646658997096306),
2026-08-19 04:34:38,916 - INFO - 	                     (18, 0.1664262533882299),
2026-08-19 04:34:38,916 - INFO - 	                     (19, 0.16648019967327973),
2026-08-19 04:34:38,916 - INFO - 	                     (20, 0.16649415890014713),
2026-08-19 04:34:38,916 - INFO - 	                     (21, 0.1666043231209636),
2026-08-19 04:34:38,917 - INFO - 	                     (22, 0.16658933148727464),
2026-08-19 04:34:38,917 - INFO - 	                     (23, 0.16681908469639106),
2026-08-19 04:34:38,917 - INFO - 	                     (24, 0.1668168579614395),
2026-08-19 04:34:38,917 - INFO - 	                     (25, 0.1667294167042804),
2026-08-19 04:34:38,917 - INFO - 	                     (26, 0.1665067336857932),
2026-08-19 04:34:38,917 - INFO - 	                     (27, 0.16637461038908852),
2026-08-19 04:34:38,917 - INFO - 	                     (28, 0.1667094115542682),
2026-08-19 04:34:38,917 - INFO - 	                     (29, 0.16647116806757248),
2026-08-19 04:34:38,917 - INFO - 	                     (30, 0.16625224825579107)],
2026-08-19 04:34:38,917 - INFO - 	 'macro_recall': [(1, 0.16666666666666666),
2026-08-19 04:34:38,917 - INFO - 	                  (2, 0.16666666666666666),
2026-08-19 04:34:38,917 - INFO - 	                  (3, 0.16666666666666666),
2026-08-19 04:34:38,917 - INFO - 	                  (4, 0.1974590958322083),
2026-08-19 04:34:38,917 - INFO - 	                  (5, 0.16674838812839876),
2026-08-19 04:34:38,917 - INFO - 	                  (6, 0.16666666666666666),
2026-08-19 04:34:38,917 - INFO - 	                  (7, 0.16666666666666666),
2026-08-19 04:34:38,917 - INFO - 	                  (8, 0.16666666666666666),
2026-08-19 04:34:38,917 - INFO - 	                  (9, 0.16666666666666666),
2026-08-19 04:34:38,918 - INFO - 	                  (10, 0.16666666666666666),
2026-08-19 04:34:38,918 - INFO - 	                  (11, 0.16666666666666666),
2026-08-19 04:34:38,918 - INFO - 	                  (12, 0.16666666666666666),
2026-08-19 04:34:38,918 - INFO - 	                  (13, 0.16666666666666666),
2026-08-19 04:34:38,918 - INFO - 	                  (14, 0.16666666666666666),
2026-08-19 04:34:38,918 - INFO - 	                  (15, 0.16677637334261344),
2026-08-19 04:34:38,918 - INFO - 	                  (16, 0.167406250637854),
2026-08-19 04:34:38,918 - INFO - 	                  (17, 0.16067348460720246),
2026-08-19 04:34:38,918 - INFO - 	                  (18, 0.15800218028849625),
2026-08-19 04:34:38,918 - INFO - 	                  (19, 0.15943900363407273),
2026-08-19 04:34:38,918 - INFO - 	                  (20, 0.16017050956274945),
2026-08-19 04:34:38,918 - INFO - 	                  (21, 0.16473872794670125),
2026-08-19 04:34:38,918 - INFO - 	                  (22, 0.16420765212068644),
2026-08-19 04:34:38,918 - INFO - 	                  (23, 0.17032398703696963),
2026-08-19 04:34:38,918 - INFO - 	                  (24, 0.1704781675456671),
2026-08-19 04:34:38,918 - INFO - 	                  (25, 0.16878002564984987),
2026-08-19 04:34:38,918 - INFO - 	                  (26, 0.1630087465087838),
2026-08-19 04:34:38,918 - INFO - 	                  (27, 0.15758885530118458),
2026-08-19 04:34:38,919 - INFO - 	                  (28, 0.1682900178422917),
2026-08-19 04:34:38,919 - INFO - 	                  (29, 0.16238438212201625),
2026-08-19 04:34:38,919 - INFO - 	                  (30, 0.1407314611162229)],
2026-08-19 04:34:38,919 - INFO - 	 'micro_f1': [(1, 0.993539724740034),
2026-08-19 04:34:38,919 - INFO - 	              (2, 0.993539724740034),
2026-08-19 04:34:38,919 - INFO - 	              (3, 0.993539724740034),
2026-08-19 04:34:38,919 - INFO - 	              (4, 0.6607236997864825),
2026-08-19 04:34:38,919 - INFO - 	              (5, 0.002091121261803269),
2026-08-19 04:34:38,919 - INFO - 	              (6, 0.001603960150235369),
2026-08-19 04:34:38,919 - INFO - 	              (7, 0.001603960150235369),
2026-08-19 04:34:38,919 - INFO - 	              (8, 0.001603960150235369),
2026-08-19 04:34:38,919 - INFO - 	              (9, 0.001603960150235369),
2026-08-19 04:34:38,919 - INFO - 	              (10, 0.001603960150235369),
2026-08-19 04:34:38,919 - INFO - 	              (11, 0.001603960150235369),
2026-08-19 04:34:38,919 - INFO - 	              (12, 0.001603960150235369),
2026-08-19 04:34:38,919 - INFO - 	              (13, 0.001603960150235369),
2026-08-19 04:34:38,919 - INFO - 	              (14, 0.001603960150235369),
2026-08-19 04:34:38,920 - INFO - 	              (15, 0.0022579477939692802),
2026-08-19 04:34:38,920 - INFO - 	              (16, 0.006852658315984557),
2026-08-19 04:34:38,920 - INFO - 	              (17, 0.0522355982326299),
2026-08-19 04:34:38,920 - INFO - 	              (18, 0.0631868952017025),
2026-08-19 04:34:38,920 - INFO - 	              (19, 0.07129537466649287),
2026-08-19 04:34:38,920 - INFO - 	              (20, 0.07334275221035029),
2026-08-19 04:34:38,920 - INFO - 	              (21, 0.05489829454537042),
2026-08-19 04:34:38,920 - INFO - 	              (22, 0.0669088756647002),
2026-08-19 04:34:38,920 - INFO - 	              (23, 0.041205295725045096),
2026-08-19 04:34:38,920 - INFO - 	              (24, 0.04358310988338559),
2026-08-19 04:34:38,920 - INFO - 	              (25, 0.057359307539803984),
2026-08-19 04:34:38,920 - INFO - 	              (26, 0.08765416712163548),
2026-08-19 04:34:38,920 - INFO - 	              (27, 0.1077699636047978),
2026-08-19 04:34:38,920 - INFO - 	              (28, 0.06428084553366514),
2026-08-19 04:34:38,920 - INFO - 	              (29, 0.09533662184754262),
2026-08-19 04:34:38,920 - INFO - 	              (30, 0.22191528819354908)],
2026-08-19 04:34:38,920 - INFO - 	 'micro_precision': [(1, 0.993539724740034),
2026-08-19 04:34:38,921 - INFO - 	                     (2, 0.993539724740034),
2026-08-19 04:34:38,921 - INFO - 	                     (3, 0.993539724740034),
2026-08-19 04:34:38,921 - INFO - 	                     (4, 0.6607236997864825),
2026-08-19 04:34:38,921 - INFO - 	                     (5, 0.002091121261803269),
2026-08-19 04:34:38,921 - INFO - 	                     (6, 0.001603960150235369),
2026-08-19 04:34:38,921 - INFO - 	                     (7, 0.001603960150235369),
2026-08-19 04:34:38,921 - INFO - 	                     (8, 0.001603960150235369),
2026-08-19 04:34:38,921 - INFO - 	                     (9, 0.001603960150235369),
2026-08-19 04:34:38,921 - INFO - 	                     (10, 0.001603960150235369),
2026-08-19 04:34:38,921 - INFO - 	                     (11, 0.001603960150235369),
2026-08-19 04:34:38,921 - INFO - 	                     (12, 0.001603960150235369),
2026-08-19 04:34:38,921 - INFO - 	                     (13, 0.001603960150235369),
2026-08-19 04:34:38,921 - INFO - 	                     (14, 0.001603960150235369),
2026-08-19 04:34:38,921 - INFO - 	                     (15, 0.0022579477939692802),
2026-08-19 04:34:38,921 - INFO - 	                     (16, 0.006852658315984557),
2026-08-19 04:34:38,921 - INFO - 	                     (17, 0.0522355982326299),
2026-08-19 04:34:38,921 - INFO - 	                     (18, 0.0631868952017025),
2026-08-19 04:34:38,921 - INFO - 	                     (19, 0.07129537466649287),
2026-08-19 04:34:38,921 - INFO - 	                     (20, 0.07334275221035029),
2026-08-19 04:34:38,921 - INFO - 	                     (21, 0.05489829454537042),
2026-08-19 04:34:38,921 - INFO - 	                     (22, 0.0669088756647002),
2026-08-19 04:34:38,921 - INFO - 	                     (23, 0.041205295725045096),
2026-08-19 04:34:38,921 - INFO - 	                     (24, 0.04358310988338559),
2026-08-19 04:34:38,921 - INFO - 	                     (25, 0.057359307539803984),
2026-08-19 04:34:38,922 - INFO - 	                     (26, 0.08765416712163548),
2026-08-19 04:34:38,922 - INFO - 	                     (27, 0.1077699636047978),
2026-08-19 04:34:38,922 - INFO - 	                     (28, 0.06428084553366514),
2026-08-19 04:34:38,922 - INFO - 	                     (29, 0.09533662184754262),
2026-08-19 04:34:38,922 - INFO - 	                     (30, 0.22191528819354908)],
2026-08-19 04:34:38,922 - INFO - 	 'micro_recall': [(1, 0.993539724740034),
2026-08-19 04:34:38,922 - INFO - 	                  (2, 0.993539724740034),
2026-08-19 04:34:38,922 - INFO - 	                  (3, 0.993539724740034),
2026-08-19 04:34:38,922 - INFO - 	                  (4, 0.6607236997864825),
2026-08-19 04:34:38,922 - INFO - 	                  (5, 0.002091121261803269),
2026-08-19 04:34:38,922 - INFO - 	                  (6, 0.001603960150235369),
2026-08-19 04:34:38,922 - INFO - 	                  (7, 0.001603960150235369),
2026-08-19 04:34:38,922 - INFO - 	                  (8, 0.001603960150235369),
2026-08-19 04:34:38,922 - INFO - 	                  (9, 0.001603960150235369),
2026-08-19 04:34:38,922 - INFO - 	                  (10, 0.001603960150235369),
2026-08-19 04:34:38,922 - INFO - 	                  (11, 0.001603960150235369),
2026-08-19 04:34:38,922 - INFO - 	                  (12, 0.001603960150235369),
2026-08-19 04:34:38,922 - INFO - 	                  (13, 0.001603960150235369),
2026-08-19 04:34:38,922 - INFO - 	                  (14, 0.001603960150235369),
2026-08-19 04:34:38,922 - INFO - 	                  (15, 0.0022579477939692802),
2026-08-19 04:34:38,922 - INFO - 	                  (16, 0.006852658315984557),
2026-08-19 04:34:38,922 - INFO - 	                  (17, 0.0522355982326299),
2026-08-19 04:34:38,922 - INFO - 	                  (18, 0.0631868952017025),
2026-08-19 04:34:38,922 - INFO - 	                  (19, 0.07129537466649287),
2026-08-19 04:34:38,922 - INFO - 	                  (20, 0.07334275221035029),
2026-08-19 04:34:38,922 - INFO - 	                  (21, 0.05489829454537042),
2026-08-19 04:34:38,922 - INFO - 	                  (22, 0.0669088756647002),
2026-08-19 04:34:38,923 - INFO - 	                  (23, 0.041205295725045096),
2026-08-19 04:34:38,923 - INFO - 	                  (24, 0.04358310988338559),
2026-08-19 04:34:38,923 - INFO - 	                  (25, 0.057359307539803984),
2026-08-19 04:34:38,923 - INFO - 	                  (26, 0.08765416712163548),
2026-08-19 04:34:38,923 - INFO - 	                  (27, 0.1077699636047978),
2026-08-19 04:34:38,923 - INFO - 	                  (28, 0.06428084553366514),
2026-08-19 04:34:38,923 - INFO - 	                  (29, 0.09533662184754262),
2026-08-19 04:34:38,923 - INFO - 	                  (30, 0.22191528819354908)],
2026-08-19 04:34:38,923 - INFO - 	 'weighted_f1': [(1, 0.9903200547109512),
2026-08-19 04:34:38,923 - INFO - 	                 (2, 0.9903200547109512),
2026-08-19 04:34:38,923 - INFO - 	                 (3, 0.9903200547109512),
2026-08-19 04:34:38,923 - INFO - 	                 (4, 0.790501352674374),
2026-08-19 04:34:38,923 - INFO - 	                 (5, 0.0009789843554382646),
2026-08-19 04:34:38,923 - INFO - 	                 (6, 5.137136564749959e-06),
2026-08-19 04:34:38,923 - INFO - 	                 (7, 5.137136564749959e-06),
2026-08-19 04:34:38,923 - INFO - 	                 (8, 5.137136564749959e-06),
2026-08-19 04:34:38,923 - INFO - 	                 (9, 5.137136564749959e-06),
2026-08-19 04:34:38,923 - INFO - 	                 (10, 5.137136564749959e-06),
2026-08-19 04:34:38,923 - INFO - 	                 (11, 5.137136564749959e-06),
2026-08-19 04:34:38,923 - INFO - 	                 (12, 5.137136564749959e-06),
2026-08-19 04:34:38,923 - INFO - 	                 (13, 5.137136564749959e-06),
2026-08-19 04:34:38,923 - INFO - 	                 (14, 5.137136564749959e-06),
2026-08-19 04:34:38,923 - INFO - 	                 (15, 0.0013122553850885396),
2026-08-19 04:34:38,923 - INFO - 	                 (16, 0.010450065106547488),
2026-08-19 04:34:38,923 - INFO - 	                 (17, 0.09659788635861127),
2026-08-19 04:34:38,923 - INFO - 	                 (18, 0.11628652023783975),
2026-08-19 04:34:38,923 - INFO - 	                 (19, 0.13054727597160565),
2026-08-19 04:34:38,924 - INFO - 	                 (20, 0.13410768699401707),
2026-08-19 04:34:38,924 - INFO - 	                 (21, 0.10134588295662837),
2026-08-19 04:34:38,924 - INFO - 	                 (22, 0.12277157718628297),
2026-08-19 04:34:38,924 - INFO - 	                 (23, 0.07622311563326946),
2026-08-19 04:34:38,924 - INFO - 	                 (24, 0.08061485884509238),
2026-08-19 04:34:38,924 - INFO - 	                 (25, 0.10570876000590418),
2026-08-19 04:34:38,924 - INFO - 	                 (26, 0.15865123189394167),
2026-08-19 04:34:38,924 - INFO - 	                 (27, 0.19220043327218767),
2026-08-19 04:34:38,924 - INFO - 	                 (28, 0.11806242032490513),
2026-08-19 04:34:38,924 - INFO - 	                 (29, 0.1715905305739401),
2026-08-19 04:34:38,924 - INFO - 	                 (30, 0.3612180425270958)],
2026-08-19 04:34:38,924 - INFO - 	 'weighted_precision': [(1, 0.9871211846365026),
2026-08-19 04:34:38,924 - INFO - 	                        (2, 0.9871211846365026),
2026-08-19 04:34:38,924 - INFO - 	                        (3, 0.9871211846365026),
2026-08-19 04:34:38,924 - INFO - 	                        (4, 0.9876504701311688),
2026-08-19 04:34:38,924 - INFO - 	                        (5, 0.9935422986821221),
2026-08-19 04:34:38,924 - INFO - 	                        (6, 2.5726881635430674e-06),
2026-08-19 04:34:38,924 - INFO - 	                        (7, 2.5726881635430674e-06),
2026-08-19 04:34:38,924 - INFO - 	                        (8, 2.5726881635430674e-06),
2026-08-19 04:34:38,924 - INFO - 	                        (9, 2.5726881635430674e-06),
2026-08-19 04:34:38,924 - INFO - 	                        (10, 2.5726881635430674e-06),
2026-08-19 04:34:38,924 - INFO - 	                        (11, 2.5726881635430674e-06),
2026-08-19 04:34:38,924 - INFO - 	                        (12, 2.5726881635430674e-06),
2026-08-19 04:34:38,924 - INFO - 	                        (13, 2.5726881635430674e-06),
2026-08-19 04:34:38,925 - INFO - 	                        (14, 2.5726881635430674e-06),
2026-08-19 04:34:38,925 - INFO - 	                        (15, 0.9935422991118048),
2026-08-19 04:34:38,925 - INFO - 	                        (16, 0.9932853717147312),
2026-08-19 04:34:38,925 - INFO - 	                        (17, 0.9908165945011912),
2026-08-19 04:34:38,925 - INFO - 	                        (18, 0.9906040837929554),
2026-08-19 04:34:38,925 - INFO - 	                        (19, 0.9909117794723288),
2026-08-19 04:34:38,925 - INFO - 	                        (20, 0.9909876554225456),
2026-08-19 04:34:38,925 - INFO - 	                        (21, 0.9915969068919318),
2026-08-19 04:34:38,925 - INFO - 	                        (22, 0.991513303598283),
2026-08-19 04:34:38,925 - INFO - 	                        (23, 0.9928213235959638),
2026-08-19 04:34:38,925 - INFO - 	                        (24, 0.9928064453853648),
2026-08-19 04:34:38,925 - INFO - 	                        (25, 0.9923018924909704),
2026-08-19 04:34:38,925 - INFO - 	                        (26, 0.9910341202487328),
2026-08-19 04:34:38,925 - INFO - 	                        (27, 0.9903053121985722),
2026-08-19 04:34:38,925 - INFO - 	                        (28, 0.992187523092224),
2026-08-19 04:34:38,925 - INFO - 	                        (29, 0.9908290363077379),
2026-08-19 04:34:38,925 - INFO - 	                        (30, 0.9897976077737057)],
2026-08-19 04:34:38,925 - INFO - 	 'weighted_recall': [(1, 0.993539724740034),
2026-08-19 04:34:38,925 - INFO - 	                     (2, 0.993539724740034),
2026-08-19 04:34:38,925 - INFO - 	                     (3, 0.993539724740034),
2026-08-19 04:34:38,925 - INFO - 	                     (4, 0.6607236997864825),
2026-08-19 04:34:38,925 - INFO - 	                     (5, 0.002091121261803269),
2026-08-19 04:34:38,925 - INFO - 	                     (6, 0.001603960150235369),
2026-08-19 04:34:38,925 - INFO - 	                     (7, 0.001603960150235369),
2026-08-19 04:34:38,925 - INFO - 	                     (8, 0.001603960150235369),
2026-08-19 04:34:38,925 - INFO - 	                     (9, 0.001603960150235369),
2026-08-19 04:34:38,925 - INFO - 	                     (10, 0.001603960150235369),
2026-08-19 04:34:38,925 - INFO - 	                     (11, 0.001603960150235369),
2026-08-19 04:34:38,926 - INFO - 	                     (12, 0.001603960150235369),
2026-08-19 04:34:38,926 - INFO - 	                     (13, 0.001603960150235369),
2026-08-19 04:34:38,926 - INFO - 	                     (14, 0.001603960150235369),
2026-08-19 04:34:38,926 - INFO - 	                     (15, 0.0022579477939692802),
2026-08-19 04:34:38,926 - INFO - 	                     (16, 0.006852658315984557),
2026-08-19 04:34:38,926 - INFO - 	                     (17, 0.0522355982326299),
2026-08-19 04:34:38,926 - INFO - 	                     (18, 0.0631868952017025),
2026-08-19 04:34:38,926 - INFO - 	                     (19, 0.07129537466649287),
2026-08-19 04:34:38,926 - INFO - 	                     (20, 0.07334275221035029),
2026-08-19 04:34:38,926 - INFO - 	                     (21, 0.05489829454537042),
2026-08-19 04:34:38,926 - INFO - 	                     (22, 0.0669088756647002),
2026-08-19 04:34:38,926 - INFO - 	                     (23, 0.04120529572504509),
2026-08-19 04:34:38,926 - INFO - 	                     (24, 0.04358310988338559),
2026-08-19 04:34:38,926 - INFO - 	                     (25, 0.057359307539803984),
2026-08-19 04:34:38,926 - INFO - 	                     (26, 0.08765416712163547),
2026-08-19 04:34:38,926 - INFO - 	                     (27, 0.1077699636047978),
2026-08-19 04:34:38,926 - INFO - 	                     (28, 0.06428084553366514),
2026-08-19 04:34:38,926 - INFO - 	                     (29, 0.09533662184754262),
2026-08-19 04:34:38,926 - INFO - 	                     (30, 0.22191528819354908)]}
2026-08-19 04:34:38,926 - INFO - 
2026-08-19 04:34:38,930 - INFO - Nap global test: /kaggle/input/datasets/tongxuanvu/100clientiov/global_test_data.pt
2026-08-19 04:34:42,601 - INFO - Global test goc: n=42048683
2026-08-19 04:34:45,558 - INFO - Task 2: loc ve lop 0-8 -> n=41987401
2026-08-19 04:34:45,558 - INFO - Danh gia moi round tren n=41987401 mau (dtype=float16)
2026-08-19 04:34:45,675 - INFO - ===== Task 2: 70 client, 30 round =====
2026-08-19 04:34:45,676 - WARNING - DEPRECATED FEATURE: flwr.simulation.start_simulation() is deprecated.
	Instead, use the `flwr run` CLI command to start a local simulation in your Flower app, as shown for example below:

		$ flwr new  # Create a new Flower app from a template

		$ flwr run  # Run the Flower app in Simulation Mode

	Using `start_simulation()` is deprecated.

            This is a deprecated feature. It will be removed
            entirely in future versions of Flower.
        
2026-08-19 04:34:45,676 - INFO - Starting Flower simulation, config: num_rounds=30, no round_timeout
2026-08-19 04:34:55,856 - INFO - Flower VCE: Ray initialized with resources: {'CPU': 4.0, 'object_store_memory': 8095914393.0, 'accelerator_type:T4': 1.0, 'node:__internal_head__': 1.0, 'GPU': 2.0, 'memory': 18890466919.0, 'node:172.19.2.2': 1.0}
2026-08-19 04:34:55,856 - INFO - Optimize your simulation with Flower VCE: https://flower.ai/docs/framework/how-to-run-simulations.html
2026-08-19 04:34:55,856 - INFO - Flower VCE: Resources for each Virtual Client: {'num_cpus': 1.0, 'num_gpus': 0.5}
2026-08-19 04:34:55,875 - INFO - Flower VCE: Creating VirtualClientEngineActorPool with 4 actors
2026-08-19 04:34:55,877 - INFO - [INIT]
2026-08-19 04:34:55,877 - INFO - Using initial global parameters provided by strategy
2026-08-19 04:34:55,878 - INFO - Starting evaluation of initial global parameters
2026-08-19 04:34:55,881 - INFO - Evaluation returned no results (`None`)
2026-08-19 04:34:55,881 - INFO - 
2026-08-19 04:34:55,882 - INFO - [ROUND 1]
2026-08-19 04:34:55,882 - INFO - configure_fit: strategy sampled 70 clients (out of 70)
2026-08-19 04:35:14,395 - INFO - aggregate_fit: received 70 results and 0 failures
2026-08-19 04:35:14,510 - WARNING - No fit_metrics_aggregation_fn provided
2026-08-19 04:35:14,511 - INFO - Eq.9 p(y) tu client: 0.000 0.000 0.000 0.000 0.000 0.000 0.322 0.201 0.477 0.000 0.000 0.000 0.000
2026-08-19 04:35:30,820 - INFO - [Round 1] data-free KD 30 vong: gen_loss=18.1416 stu_loss=19.5377 (CE 18.9977)
2026-08-19 04:35:30,861 - INFO - [Round 61] luu checkpoint -> out_full/checkpoints/round_061.pth
2026-08-19 04:43:49,205 - INFO - [Round 61] loss=2.4403 acc=0.0373 | micro P/R/F1=0.0373/0.0373/0.0373 | macro P/R/F1=0.1112/0.1128/0.0081 | weighted P/R/F1=0.9922/0.0373/0.0691
2026-08-19 04:43:49,206 - INFO - fit progress: (1, 2.44026871421095, {'accuracy': 0.037347774871800236, 'micro_precision': 0.037347774871800236, 'micro_recall': 0.037347774871800236, 'micro_f1': 0.037347774871800236, 'macro_precision': 0.11118812342825343, 'macro_recall': 0.11279321771126655, 'macro_f1': 0.008087937483855369, 'weighted_precision': 0.9922430907609915, 'weighted_recall': 0.037347774871800236, 'weighted_f1': 0.06907067000901837}, 533.3246707340004)
2026-08-19 04:43:49,206 - INFO - configure_evaluate: no clients selected, skipping evaluation
2026-08-19 04:43:49,207 - INFO - 
2026-08-19 04:43:49,207 - INFO - [ROUND 2]
2026-08-19 04:43:49,207 - INFO - configure_fit: strategy sampled 70 clients (out of 70)
2026-08-19 04:43:50,851 - INFO - aggregate_fit: received 70 results and 0 failures
2026-08-19 04:43:50,973 - INFO - [Round 2] 70/70 client tiep tuc model cuc bo (Algorithm 1 dong 10)
2026-08-19 04:44:07,993 - INFO - [Round 2] data-free KD 30 vong: gen_loss=15.3708 stu_loss=10.4934 (CE 10.0900)
2026-08-19 04:44:08,036 - INFO - [Round 62] luu checkpoint -> out_full/checkpoints/round_062.pth
2026-08-19 04:52:02,949 - INFO - [Round 62] loss=1.7122 acc=0.0049 | micro P/R/F1=0.0049/0.0049/0.0049 | macro P/R/F1=0.1113/0.1115/0.0011 | weighted P/R/F1=0.9931/0.0049/0.0065
2026-08-19 04:52:02,950 - INFO - fit progress: (2, 1.7121505968722583, {'accuracy': 0.004879487539607417, 'micro_precision': 0.004879487539607417, 'micro_recall': 0.004879487539607417, 'micro_f1': 0.004879487539607417, 'macro_precision': 0.11128255536695282, 'macro_recall': 0.11146279846407309, 'macro_f1': 0.0010875246618072929, 'weighted_precision': 0.9931067716042475, 'weighted_recall': 0.004879487539607417, 'weighted_f1': 0.006536282606200865}, 1027.0686041910012)
2026-08-19 04:52:02,950 - INFO - configure_evaluate: no clients selected, skipping evaluation
2026-08-19 04:52:02,950 - INFO - 
2026-08-19 04:52:02,951 - INFO - [ROUND 3]
2026-08-19 04:52:02,951 - INFO - configure_fit: strategy sampled 70 clients (out of 70)
2026-08-19 04:52:04,548 - INFO - aggregate_fit: received 70 results and 0 failures
2026-08-19 04:52:04,662 - INFO - [Round 3] 70/70 client tiep tuc model cuc bo (Algorithm 1 dong 10)
2026-08-19 04:52:21,146 - INFO - [Round 3] data-free KD 30 vong: gen_loss=14.8882 stu_loss=6.4707 (CE 5.5056)
2026-08-19 04:52:21,188 - INFO - [Round 63] luu checkpoint -> out_full/checkpoints/round_063.pth
2026-08-19 05:00:10,557 - INFO - [Round 63] loss=1.3912 acc=0.0336 | micro P/R/F1=0.0336/0.0336/0.0336 | macro P/R/F1=0.1112/0.1134/0.0073 | weighted P/R/F1=0.9925/0.0336/0.0620
2026-08-19 05:00:10,558 - INFO - fit progress: (3, 1.3911812131480001, {'accuracy': 0.03356678352156162, 'micro_precision': 0.03356678352156162, 'micro_recall': 0.03356678352156162, 'micro_f1': 0.03356678352156162, 'macro_precision': 0.11122194596131638, 'macro_recall': 0.11337537784881076, 'macro_f1': 0.007295814555655732, 'weighted_precision': 0.9925368843300142, 'weighted_recall': 0.033566783521561616, 'weighted_f1': 0.06197320875132227}, 1514.676818987995)
2026-08-19 05:00:10,559 - INFO - configure_evaluate: no clients selected, skipping evaluation
2026-08-19 05:00:10,559 - INFO - 
2026-08-19 05:00:10,559 - INFO - [ROUND 4]
2026-08-19 05:00:10,559 - INFO - configure_fit: strategy sampled 70 clients (out of 70)
2026-08-19 05:00:12,076 - INFO - aggregate_fit: received 70 results and 0 failures
2026-08-19 05:00:12,193 - INFO - [Round 4] 70/70 client tiep tuc model cuc bo (Algorithm 1 dong 10)
2026-08-19 05:00:28,406 - INFO - [Round 4] data-free KD 30 vong: gen_loss=13.7635 stu_loss=4.8275 (CE 3.5088)
2026-08-19 05:00:28,449 - INFO - [Round 64] luu checkpoint -> out_full/checkpoints/round_064.pth
2026-08-19 16:24:57,928 - INFO - Thiet bi: cuda | pool 100 client | 30 round/task | Flower simulation (Ray)
2026-08-19 16:24:57,928 - INFO - Client co du lieu tung task: task0=50, task1=60, task2=70, task3=80, task4=100
2026-08-19 16:24:58,256 - INFO - Chay tiep tu checkpoint round 64
2026-08-19 16:24:58,256 - INFO - Tiep tuc: task0=30/30, task1=30/30, task2=3/30
2026-08-19 16:24:58,264 - INFO - [task 0] da xong 30/30 round — bo qua
2026-08-19 16:24:58,264 - INFO - [task 1] da xong 30/30 round — bo qua
2026-08-19 16:24:58,264 - INFO - Nap global test: /kaggle/input/datasets/tongxuanvu/100clientiov/global_test_data.pt
2026-08-19 16:25:13,944 - INFO - Global test goc: n=42048683
2026-08-19 16:25:15,655 - INFO - Task 2: loc ve lop 0-8 -> n=41987401
2026-08-19 16:25:15,655 - INFO - Danh gia moi round tren n=41987401 mau (dtype=float16)
2026-08-19 16:25:20,716 - INFO - ===== Task 2: 70 client, 27 round =====
2026-08-19 16:25:22,915 - INFO - setup plugin alembic.autogenerate.schemas
2026-08-19 16:25:22,915 - INFO - setup plugin alembic.autogenerate.tables
2026-08-19 16:25:22,916 - INFO - setup plugin alembic.autogenerate.types
2026-08-19 16:25:22,916 - INFO - setup plugin alembic.autogenerate.constraints
2026-08-19 16:25:22,916 - INFO - setup plugin alembic.autogenerate.defaults
2026-08-19 16:25:22,916 - INFO - setup plugin alembic.autogenerate.comments
2026-08-19 16:25:39,065 - WARNING - DEPRECATED FEATURE: flwr.simulation.start_simulation() is deprecated.
	Instead, use the `flwr run` CLI command to start a local simulation in your Flower app, as shown for example below:

		$ flwr new  # Create a new Flower app from a template

		$ flwr run  # Run the Flower app in Simulation Mode

	Using `start_simulation()` is deprecated.

            This is a deprecated feature. It will be removed
            entirely in future versions of Flower.
        
2026-08-19 16:25:39,066 - INFO - Starting Flower simulation, config: num_rounds=27, no round_timeout
2026-08-19 16:25:49,724 - INFO - Flower VCE: Ray initialized with resources: {'CPU': 4.0, 'accelerator_type:T4': 1.0, 'object_store_memory': 8406730752.0, 'node:172.19.2.2': 1.0, 'memory': 19615705088.0, 'GPU': 2.0, 'node:__internal_head__': 1.0}
2026-08-19 16:25:49,724 - INFO - Optimize your simulation with Flower VCE: https://flower.ai/docs/framework/how-to-run-simulations.html
2026-08-19 16:25:49,724 - INFO - Flower VCE: Resources for each Virtual Client: {'num_cpus': 1.0, 'num_gpus': 0.5}
2026-08-19 16:25:49,756 - INFO - Flower VCE: Creating VirtualClientEngineActorPool with 4 actors
2026-08-19 16:25:49,757 - INFO - [INIT]
2026-08-19 16:25:49,757 - INFO - Using initial global parameters provided by strategy
2026-08-19 16:25:49,757 - INFO - Starting evaluation of initial global parameters
2026-08-19 16:25:49,763 - INFO - Evaluation returned no results (`None`)
2026-08-19 16:25:49,764 - INFO - 
2026-08-19 16:25:49,764 - INFO - [ROUND 1]
2026-08-19 16:25:49,765 - INFO - configure_fit: strategy sampled 70 clients (out of 70)
2026-08-19 16:26:07,861 - INFO - aggregate_fit: received 70 results and 0 failures
2026-08-19 16:26:07,971 - WARNING - No fit_metrics_aggregation_fn provided
2026-08-19 16:26:07,972 - INFO - [Round 1] 70/70 client tiep tuc model cuc bo (Algorithm 1 dong 10)
2026-08-19 16:26:07,972 - INFO - Eq.9 p(y) tu client: 0.000 0.000 0.000 0.000 0.000 0.000 0.322 0.201 0.477 0.000 0.000 0.000 0.000
2026-08-19 16:26:24,908 - INFO - [Round 1] data-free KD 30 vong: gen_loss=16.2748 stu_loss=5.2453 (CE 3.7704)
2026-08-19 16:26:24,949 - INFO - [Round 65] luu checkpoint -> out_full/checkpoints/round_065.pth
2026-08-19 16:34:29,228 - INFO - [Round 65] loss=0.9504 acc=0.7693 | micro P/R/F1=0.7693/0.7693/0.7693 | macro P/R/F1=0.1103/0.1007/0.0968 | weighted P/R/F1=0.9852/0.7693/0.8638
2026-08-19 16:34:32,206 - INFO - Luu out_full/confusion_matrix_task2.csv
2026-08-19 16:34:32,206 - INFO - Luu out_full/confusion_matrix_task2_normalized.csv
2026-08-19 16:34:41,835 - INFO - Luu out_full/classification_report_task2.txt
               precision    recall  f1-score   support

       Benign     0.9920    0.7744    0.8698  41700592
          DoS     0.0000    0.0000    0.0000    145129
       double     0.0000    0.0000    0.0000     12413
force-neutral     0.0000    0.0000    0.0000      5744
      fuzzing     0.0009    0.1321    0.0019     67321
     interval     0.0000    0.0000    0.0000     40542
          rpm     0.0000    0.0000    0.0000      5043
rpm-accessory     0.0000    0.0000    0.0000      3146
        speed     0.0000    0.0000    0.0000      7471

     accuracy                         0.7693  41987401
    macro avg     0.1103    0.1007    0.0968  41987401
 weighted avg     0.9852    0.7693    0.8638  41987401

2026-08-19 16:34:42,254 - INFO - Luu out_full/confusion_matrix_task2.png
2026-08-19 16:34:42,256 - INFO - fit progress: (1, 0.9503703238952219, {'accuracy': 0.7692778126467033, 'micro_precision': 0.7692778126467033, 'micro_recall': 0.7692778126467033, 'micro_f1': 0.7692778126467033, 'macro_precision': 0.11032159471259312, 'macro_recall': 0.10071381097541185, 'macro_f1': 0.09684689525999846, 'weighted_precision': 0.9851775940191785, 'weighted_recall': 0.7692778126467031, 'weighted_f1': 0.8638124705351421}, 532.4919131869999)
2026-08-19 16:34:42,256 - INFO - configure_evaluate: no clients selected, skipping evaluation
2026-08-19 16:34:42,256 - INFO - 
2026-08-19 16:34:42,256 - INFO - [ROUND 2]
2026-08-19 16:34:42,256 - INFO - configure_fit: strategy sampled 70 clients (out of 70)
2026-08-19 16:34:43,915 - INFO - aggregate_fit: received 70 results and 0 failures
2026-08-19 16:34:44,034 - INFO - [Round 2] 70/70 client tiep tuc model cuc bo (Algorithm 1 dong 10)
2026-08-19 16:35:00,738 - INFO - [Round 2] data-free KD 30 vong: gen_loss=13.2524 stu_loss=4.0317 (CE 2.6154)
2026-08-19 16:35:00,780 - INFO - [Round 66] luu checkpoint -> out_full/checkpoints/round_066.pth
2026-08-19 16:43:10,875 - INFO - [Round 66] loss=0.6378 acc=0.9932 | micro P/R/F1=0.9932/0.9932/0.9932 | macro P/R/F1=0.1104/0.1111/0.1107 | weighted P/R/F1=0.9864/0.9932/0.9898
2026-08-19 16:43:10,877 - INFO - fit progress: (2, 0.6377751142870983, {'accuracy': 0.9931691651979125, 'micro_precision': 0.9931691651979125, 'micro_recall': 0.9931691651979125, 'micro_f1': 0.9931691651979125, 'macro_precision': 0.11035212946643473, 'macro_recall': 0.1111111111111111, 'macro_f1': 0.11073031972725433, 'weighted_precision': 0.9863849906999185, 'weighted_recall': 0.9931691651979125, 'weighted_f1': 0.9897654528505363}, 1041.113165252)
2026-08-19 16:43:10,877 - INFO - configure_evaluate: no clients selected, skipping evaluation
2026-08-19 16:43:10,877 - INFO - 
2026-08-19 16:43:10,877 - INFO - [ROUND 3]
2026-08-19 16:43:10,878 - INFO - configure_fit: strategy sampled 70 clients (out of 70)
2026-08-19 16:43:12,405 - INFO - aggregate_fit: received 70 results and 0 failures
2026-08-19 16:43:12,519 - INFO - [Round 3] 70/70 client tiep tuc model cuc bo (Algorithm 1 dong 10)
2026-08-19 16:43:29,188 - INFO - [Round 3] data-free KD 30 vong: gen_loss=12.5008 stu_loss=3.3841 (CE 2.1511)
2026-08-19 16:43:29,231 - INFO - [Round 67] luu checkpoint -> out_full/checkpoints/round_067.pth
2026-08-19 16:51:44,512 - INFO - [Round 67] loss=0.5609 acc=0.9932 | micro P/R/F1=0.9932/0.9932/0.9932 | macro P/R/F1=0.1104/0.1111/0.1107 | weighted P/R/F1=0.9864/0.9932/0.9898
2026-08-19 16:51:44,513 - INFO - fit progress: (3, 0.5608953323791974, {'accuracy': 0.9931691651979125, 'micro_precision': 0.9931691651979125, 'micro_recall': 0.9931691651979125, 'micro_f1': 0.9931691651979125, 'macro_precision': 0.11035212946643473, 'macro_recall': 0.1111111111111111, 'macro_f1': 0.11073031972725433, 'weighted_precision': 0.9863849906999185, 'weighted_recall': 0.9931691651979125, 'weighted_f1': 0.9897654528505363}, 1554.749493468)
2026-08-19 16:51:44,513 - INFO - configure_evaluate: no clients selected, skipping evaluation
2026-08-19 16:51:44,513 - INFO - 
2026-08-19 16:51:44,514 - INFO - [ROUND 4]
2026-08-19 16:51:44,514 - INFO - configure_fit: strategy sampled 70 clients (out of 70)
2026-08-19 16:51:46,194 - INFO - aggregate_fit: received 70 results and 0 failures
2026-08-19 16:51:46,314 - INFO - [Round 4] 70/70 client tiep tuc model cuc bo (Algorithm 1 dong 10)
2026-08-19 16:52:03,497 - INFO - [Round 4] data-free KD 30 vong: gen_loss=12.7283 stu_loss=2.8674 (CE 1.7179)
2026-08-19 16:52:03,541 - INFO - [Round 68] luu checkpoint -> out_full/checkpoints/round_068.pth
2026-08-19 17:00:27,458 - INFO - [Round 68] loss=0.5786 acc=0.9932 | micro P/R/F1=0.9932/0.9932/0.9932 | macro P/R/F1=0.1104/0.1111/0.1107 | weighted P/R/F1=0.9864/0.9932/0.9898
2026-08-19 17:00:27,460 - INFO - fit progress: (4, 0.5785809398749877, {'accuracy': 0.9931691651979125, 'micro_precision': 0.9931691651979125, 'micro_recall': 0.9931691651979125, 'micro_f1': 0.9931691651979125, 'macro_precision': 0.11035212946643473, 'macro_recall': 0.1111111111111111, 'macro_f1': 0.11073031972725433, 'weighted_precision': 0.9863849906999185, 'weighted_recall': 0.9931691651979125, 'weighted_f1': 0.9897654528505363}, 2077.6962935899996)
2026-08-19 17:00:27,460 - INFO - configure_evaluate: no clients selected, skipping evaluation
2026-08-19 17:00:27,460 - INFO - 
2026-08-19 17:00:27,460 - INFO - [ROUND 5]
2026-08-19 17:00:27,460 - INFO - configure_fit: strategy sampled 70 clients (out of 70)
2026-08-19 17:00:28,950 - INFO - aggregate_fit: received 70 results and 0 failures
2026-08-19 17:00:29,065 - INFO - [Round 5] 70/70 client tiep tuc model cuc bo (Algorithm 1 dong 10)
2026-08-19 17:00:46,095 - INFO - [Round 5] data-free KD 30 vong: gen_loss=12.9211 stu_loss=2.3941 (CE 1.2925)
2026-08-19 17:00:46,140 - INFO - [Round 69] luu checkpoint -> out_full/checkpoints/round_069.pth
2026-08-19 17:09:00,208 - INFO - [Round 69] loss=0.6234 acc=0.9932 | micro P/R/F1=0.9932/0.9932/0.9932 | macro P/R/F1=0.1104/0.1111/0.1107 | weighted P/R/F1=0.9864/0.9932/0.9898
2026-08-19 17:09:00,209 - INFO - fit progress: (5, 0.6234346674763392, {'accuracy': 0.9931691651979125, 'micro_precision': 0.9931691651979125, 'micro_recall': 0.9931691651979125, 'micro_f1': 0.9931691651979125, 'macro_precision': 0.11035212946643473, 'macro_recall': 0.1111111111111111, 'macro_f1': 0.11073031972725433, 'weighted_precision': 0.9863849906999185, 'weighted_recall': 0.9931691651979125, 'weighted_f1': 0.9897654528505363}, 2590.445325925)
2026-08-19 17:09:00,209 - INFO - configure_evaluate: no clients selected, skipping evaluation
2026-08-19 17:09:00,209 - INFO - 
2026-08-19 17:09:00,209 - INFO - [ROUND 6]
2026-08-19 17:09:00,209 - INFO - configure_fit: strategy sampled 70 clients (out of 70)
2026-08-19 17:09:01,775 - INFO - aggregate_fit: received 70 results and 0 failures
2026-08-19 17:09:01,892 - INFO - [Round 6] 70/70 client tiep tuc model cuc bo (Algorithm 1 dong 10)
2026-08-19 17:09:18,908 - INFO - [Round 6] data-free KD 30 vong: gen_loss=12.9356 stu_loss=1.9712 (CE 0.8625)
2026-08-19 17:09:18,952 - INFO - [Round 70] luu checkpoint -> out_full/checkpoints/round_070.pth
2026-08-19 17:17:32,359 - INFO - [Round 70] loss=0.5975 acc=0.9932 | micro P/R/F1=0.9932/0.9932/0.9932 | macro P/R/F1=0.1104/0.1111/0.1107 | weighted P/R/F1=0.9864/0.9932/0.9898
2026-08-19 17:17:35,289 - INFO - Luu out_full/confusion_matrix_task2.csv
2026-08-19 17:17:35,289 - INFO - Luu out_full/confusion_matrix_task2_normalized.csv
2026-08-19 17:17:43,713 - INFO - Luu out_full/classification_report_task2.txt
               precision    recall  f1-score   support

       Benign     0.9932    1.0000    0.9966  41700592
          DoS     0.0000    0.0000    0.0000    145129
       double     0.0000    0.0000    0.0000     12413
force-neutral     0.0000    0.0000    0.0000      5744
      fuzzing     0.0000    0.0000    0.0000     67321
     interval     0.0000    0.0000    0.0000     40542
          rpm     0.0000    0.0000    0.0000      5043
rpm-accessory     0.0000    0.0000    0.0000      3146
        speed     0.0000    0.0000    0.0000      7471

     accuracy                         0.9932  41987401
    macro avg     0.1104    0.1111    0.1107  41987401
 weighted avg     0.9864    0.9932    0.9898  41987401

2026-08-19 17:17:44,061 - INFO - Luu out_full/confusion_matrix_task2.png
2026-08-19 17:17:44,062 - INFO - fit progress: (6, 0.5975039861932776, {'accuracy': 0.9931691651979125, 'micro_precision': 0.9931691651979125, 'micro_recall': 0.9931691651979125, 'micro_f1': 0.9931691651979125, 'macro_precision': 0.11035212946643473, 'macro_recall': 0.1111111111111111, 'macro_f1': 0.11073031972725433, 'weighted_precision': 0.9863849906999185, 'weighted_recall': 0.9931691651979125, 'weighted_f1': 0.9897654528505363}, 3114.2987659319997)
2026-08-19 17:17:44,063 - INFO - configure_evaluate: no clients selected, skipping evaluation
2026-08-19 17:17:44,063 - INFO - 
2026-08-19 17:17:44,063 - INFO - [ROUND 7]
2026-08-19 17:17:44,063 - INFO - configure_fit: strategy sampled 70 clients (out of 70)
2026-08-19 17:17:45,693 - INFO - aggregate_fit: received 70 results and 0 failures
2026-08-19 17:17:45,807 - INFO - [Round 7] 70/70 client tiep tuc model cuc bo (Algorithm 1 dong 10)
2026-08-19 17:18:02,532 - INFO - [Round 7] data-free KD 30 vong: gen_loss=13.1743 stu_loss=1.7192 (CE 0.5456)
2026-08-19 17:18:02,576 - INFO - [Round 71] luu checkpoint -> out_full/checkpoints/round_071.pth
2026-08-19 17:26:16,196 - INFO - [Round 71] loss=0.6986 acc=0.9932 | micro P/R/F1=0.9932/0.9932/0.9932 | macro P/R/F1=0.1104/0.1111/0.1107 | weighted P/R/F1=0.9864/0.9932/0.9898
2026-08-19 17:26:16,197 - INFO - fit progress: (7, 0.6985788932254565, {'accuracy': 0.9931691651979125, 'micro_precision': 0.9931691651979125, 'micro_recall': 0.9931691651979125, 'micro_f1': 0.9931691651979125, 'macro_precision': 0.11035212946643473, 'macro_recall': 0.1111111111111111, 'macro_f1': 0.11073031972725433, 'weighted_precision': 0.9863849906999185, 'weighted_recall': 0.9931691651979125, 'weighted_f1': 0.9897654528505363}, 3626.433279557)
2026-08-19 17:26:16,197 - INFO - configure_evaluate: no clients selected, skipping evaluation
2026-08-19 17:26:16,197 - INFO - 
2026-08-19 17:26:16,197 - INFO - [ROUND 8]
2026-08-19 17:26:16,197 - INFO - configure_fit: strategy sampled 70 clients (out of 70)
2026-08-19 17:26:18,036 - INFO - aggregate_fit: received 70 results and 0 failures
2026-08-19 17:26:18,145 - INFO - [Round 8] 70/70 client tiep tuc model cuc bo (Algorithm 1 dong 10)
2026-08-19 17:26:34,966 - INFO - [Round 8] data-free KD 30 vong: gen_loss=13.4226 stu_loss=1.5971 (CE 0.4191)
2026-08-19 17:26:35,009 - INFO - [Round 72] luu checkpoint -> out_full/checkpoints/round_072.pth
2026-08-19 17:34:50,909 - INFO - [Round 72] loss=0.8061 acc=0.9932 | micro P/R/F1=0.9932/0.9932/0.9932 | macro P/R/F1=0.1104/0.1111/0.1107 | weighted P/R/F1=0.9864/0.9932/0.9898
2026-08-19 17:34:50,910 - INFO - fit progress: (8, 0.8060604905677463, {'accuracy': 0.9931689984812349, 'micro_precision': 0.9931689984812349, 'micro_recall': 0.9931689984812349, 'micro_f1': 0.9931689984812349, 'macro_precision': 0.11035212933989981, 'macro_recall': 0.11111109245963063, 'macro_f1': 0.11073031040162284, 'weighted_precision': 0.9863849895688834, 'weighted_recall': 0.9931689984812349, 'weighted_f1': 0.9897653694931695}, 4141.146245398)
2026-08-19 17:34:50,910 - INFO - configure_evaluate: no clients selected, skipping evaluation
2026-08-19 17:34:50,910 - INFO - 
2026-08-19 17:34:50,910 - INFO - [ROUND 9]
2026-08-19 17:34:50,910 - INFO - configure_fit: strategy sampled 70 clients (out of 70)
2026-08-19 17:34:52,524 - INFO - aggregate_fit: received 70 results and 0 failures
2026-08-19 17:34:52,633 - INFO - [Round 9] 70/70 client tiep tuc model cuc bo (Algorithm 1 dong 10)
2026-08-19 17:35:09,463 - INFO - [Round 9] data-free KD 30 vong: gen_loss=13.6738 stu_loss=1.5405 (CE 0.3783)
2026-08-19 17:35:09,508 - INFO - [Round 73] luu checkpoint -> out_full/checkpoints/round_073.pth
2026-08-19 17:43:23,623 - INFO - [Round 73] loss=1.0233 acc=0.5843 | micro P/R/F1=0.5843/0.5843/0.5843 | macro P/R/F1=0.1105/0.0999/0.0822 | weighted P/R/F1=0.9876/0.5843/0.7342
2026-08-19 17:43:23,625 - INFO - fit progress: (9, 1.023309784271161, {'accuracy': 0.5843284989228078, 'micro_precision': 0.5843284989228078, 'micro_recall': 0.5843284989228078, 'micro_f1': 0.5843284989228078, 'macro_precision': 0.1105082189744572, 'macro_recall': 0.09986953702084245, 'macro_f1': 0.08216915650378984, 'weighted_precision': 0.9876471755038253, 'weighted_recall': 0.5843284989228078, 'weighted_f1': 0.7342049183056467}, 4653.860897861)
2026-08-19 17:43:23,625 - INFO - configure_evaluate: no clients selected, skipping evaluation
2026-08-19 17:43:23,625 - INFO - 
2026-08-19 17:43:23,625 - INFO - [ROUND 10]
2026-08-19 17:43:23,625 - INFO - configure_fit: strategy sampled 70 clients (out of 70)
2026-08-19 17:43:25,078 - INFO - aggregate_fit: received 70 results and 0 failures
2026-08-19 17:43:25,186 - INFO - [Round 10] 70/70 client tiep tuc model cuc bo (Algorithm 1 dong 10)
2026-08-19 17:43:41,534 - INFO - [Round 10] data-free KD 30 vong: gen_loss=14.0737 stu_loss=1.4962 (CE 0.3589)
2026-08-19 17:43:41,579 - INFO - [Round 74] luu checkpoint -> out_full/checkpoints/round_074.pth
2026-08-19 17:51:46,061 - INFO - [Round 74] loss=1.1880 acc=0.4907 | micro P/R/F1=0.4907/0.4907/0.4907 | macro P/R/F1=0.1104/0.0895/0.0734 | weighted P/R/F1=0.9871/0.4907/0.6555
2026-08-19 17:51:46,063 - INFO - fit progress: (10, 1.1879927057276096, {'accuracy': 0.4907323270616345, 'micro_precision': 0.4907323270616345, 'micro_recall': 0.4907323270616345, 'micro_f1': 0.4907323270616345, 'macro_precision': 0.11044391931735141, 'macro_recall': 0.08947278429151867, 'macro_f1': 0.07335936692881566, 'weighted_precision': 0.9870968544145217, 'weighted_recall': 0.4907323270616345, 'weighted_f1': 0.6555072233522384}, 5156.298918087)
2026-08-19 17:51:46,063 - INFO - configure_evaluate: no clients selected, skipping evaluation
2026-08-19 17:51:46,063 - INFO - 
2026-08-19 17:51:46,063 - INFO - [ROUND 11]
2026-08-19 17:51:46,063 - INFO - configure_fit: strategy sampled 70 clients (out of 70)
2026-08-19 17:51:47,499 - INFO - aggregate_fit: received 70 results and 0 failures
2026-08-19 17:51:47,611 - INFO - [Round 11] 70/70 client tiep tuc model cuc bo (Algorithm 1 dong 10)
2026-08-19 17:52:04,330 - INFO - [Round 11] data-free KD 30 vong: gen_loss=14.3466 stu_loss=1.4727 (CE 0.3501)
2026-08-19 17:52:04,371 - INFO - [Round 75] luu checkpoint -> out_full/checkpoints/round_075.pth
2026-08-19 18:00:15,909 - INFO - [Round 75] loss=1.1647 acc=0.4813 | micro P/R/F1=0.4813/0.4813/0.4813 | macro P/R/F1=0.1104/0.0881/0.0724 | weighted P/R/F1=0.9870/0.4813/0.6470
2026-08-19 18:00:18,800 - INFO - Luu out_full/confusion_matrix_task2.csv
2026-08-19 18:00:18,800 - INFO - Luu out_full/confusion_matrix_task2_normalized.csv
2026-08-19 18:00:28,897 - INFO - Luu out_full/classification_report_task2.txt
               precision    recall  f1-score   support

       Benign     0.9938    0.4846    0.6515  41700592
          DoS     0.0000    0.0000    0.0000    145129
       double     0.0000    0.0000    0.0000     12413
force-neutral     0.0000    0.0000    0.0000      5744
      fuzzing     0.0000    0.0000    0.0000     67321
     interval     0.0000    0.0000    0.0000     40542
          rpm     0.0000    0.0000    0.0000      5043
rpm-accessory     0.0000    0.0000    0.0000      3146
        speed     0.0001    0.3084    0.0002      7471

     accuracy                         0.4813  41987401
    macro avg     0.1104    0.0881    0.0724  41987401
 weighted avg     0.9870    0.4813    0.6470  41987401

2026-08-19 18:00:29,239 - INFO - Luu out_full/confusion_matrix_task2.png
2026-08-19 18:00:29,241 - INFO - fit progress: (11, 1.1647427223703475, {'accuracy': 0.4813116439381423, 'micro_precision': 0.4813116439381423, 'micro_recall': 0.4813116439381423, 'micro_f1': 0.4813116439381423, 'macro_precision': 0.11043025002600594, 'macro_recall': 0.0881065796302776, 'macro_f1': 0.07240937685483413, 'weighted_precision': 0.9869776177509193, 'weighted_recall': 0.4813116439381423, 'weighted_f1': 0.6470216054968544}, 5679.476863802)
2026-08-19 18:00:29,241 - INFO - configure_evaluate: no clients selected, skipping evaluation
2026-08-19 18:00:29,241 - INFO - 
2026-08-19 18:00:29,241 - INFO - [ROUND 12]
2026-08-19 18:00:29,241 - INFO - configure_fit: strategy sampled 70 clients (out of 70)
2026-08-19 18:00:30,671 - INFO - aggregate_fit: received 70 results and 0 failures
2026-08-19 18:00:30,783 - INFO - [Round 12] 70/70 client tiep tuc model cuc bo (Algorithm 1 dong 10)
2026-08-19 18:00:47,233 - INFO - [Round 12] data-free KD 30 vong: gen_loss=14.9722 stu_loss=1.4650 (CE 0.3465)
2026-08-19 18:00:47,278 - INFO - [Round 76] luu checkpoint -> out_full/checkpoints/round_076.pth
2026-08-19 18:08:46,966 - INFO - [Round 76] loss=1.2288 acc=0.4456 | micro P/R/F1=0.4456/0.4456/0.4456 | macro P/R/F1=0.1104/0.0857/0.0687 | weighted P/R/F1=0.9866/0.4456/0.6138
2026-08-19 18:08:46,968 - INFO - fit progress: (12, 1.2288271273279083, {'accuracy': 0.4455638728389023, 'micro_precision': 0.4455638728389023, 'micro_recall': 0.4455638728389023, 'micro_f1': 0.4455638728389023, 'macro_precision': 0.11038973138077476, 'macro_recall': 0.0856834701557121, 'macro_f1': 0.06869619671803814, 'weighted_precision': 0.9866177558416859, 'weighted_recall': 0.4455638728389023, 'weighted_f1': 0.6138358849474427}, 6177.204032154999)
2026-08-19 18:08:46,968 - INFO - configure_evaluate: no clients selected, skipping evaluation
2026-08-19 18:08:46,968 - INFO - 
2026-08-19 18:08:46,968 - INFO - [ROUND 13]
2026-08-19 18:08:46,968 - INFO - configure_fit: strategy sampled 70 clients (out of 70)
2026-08-19 18:08:48,505 - INFO - aggregate_fit: received 70 results and 0 failures
2026-08-19 18:08:48,628 - INFO - [Round 13] 70/70 client tiep tuc model cuc bo (Algorithm 1 dong 10)
2026-08-19 18:09:05,609 - INFO - [Round 13] data-free KD 30 vong: gen_loss=15.1829 stu_loss=1.4489 (CE 0.3412)
2026-08-19 18:09:05,655 - INFO - [Round 77] luu checkpoint -> out_full/checkpoints/round_077.pth
2026-08-19 18:17:18,158 - INFO - [Round 77] loss=1.1479 acc=0.5321 | micro P/R/F1=0.5321/0.5321/0.5321 | macro P/R/F1=0.1105/0.0874/0.0774 | weighted P/R/F1=0.9874/0.5321/0.6915
2026-08-19 18:17:18,159 - INFO - fit progress: (13, 1.14787029308315, {'accuracy': 0.5320832789817117, 'micro_precision': 0.5320832789817117, 'micro_recall': 0.5320832789817117, 'micro_f1': 0.5320832789817117, 'macro_precision': 0.11047174876399685, 'macro_recall': 0.0873927198376539, 'macro_f1': 0.07738036636295564, 'weighted_precision': 0.9873588647120243, 'weighted_recall': 0.5320832789817117, 'weighted_f1': 0.6914755262002867}, 6688.395771046)
2026-08-19 18:17:18,160 - INFO - configure_evaluate: no clients selected, skipping evaluation
2026-08-19 18:17:18,160 - INFO - 
2026-08-19 18:17:18,160 - INFO - [ROUND 14]
2026-08-19 18:17:18,160 - INFO - configure_fit: strategy sampled 70 clients (out of 70)
2026-08-19 18:17:19,534 - INFO - aggregate_fit: received 70 results and 0 failures
2026-08-19 18:17:19,640 - INFO - [Round 14] 70/70 client tiep tuc model cuc bo (Algorithm 1 dong 10)
2026-08-19 18:17:35,686 - INFO - [Round 14] data-free KD 30 vong: gen_loss=15.7228 stu_loss=1.4426 (CE 0.3411)
2026-08-19 18:17:35,727 - INFO - [Round 78] luu checkpoint -> out_full/checkpoints/round_078.pth
2026-08-19 18:25:42,050 - INFO - [Round 78] loss=1.0821 acc=0.5624 | micro P/R/F1=0.5624/0.5624/0.5624 | macro P/R/F1=0.1105/0.0934/0.0802 | weighted P/R/F1=0.9875/0.5624/0.7166
2026-08-19 18:25:42,052 - INFO - fit progress: (14, 1.082127045833847, {'accuracy': 0.5624026121550129, 'micro_precision': 0.5624026121550129, 'micro_recall': 0.5624026121550129, 'micro_f1': 0.5624026121550129, 'macro_precision': 0.11048924653900323, 'macro_recall': 0.09341663394588338, 'macro_f1': 0.08019649011330934, 'weighted_precision': 0.9874989579631849, 'weighted_recall': 0.5624026121550129, 'weighted_f1': 0.7166149081225852}, 7192.287997577)
2026-08-19 18:25:42,052 - INFO - configure_evaluate: no clients selected, skipping evaluation
2026-08-19 18:25:42,052 - INFO - 
2026-08-19 18:25:42,052 - INFO - [ROUND 15]
2026-08-19 18:25:42,052 - INFO - configure_fit: strategy sampled 70 clients (out of 70)
2026-08-19 18:25:43,516 - INFO - aggregate_fit: received 70 results and 0 failures
2026-08-19 18:25:43,622 - INFO - [Round 15] 70/70 client tiep tuc model cuc bo (Algorithm 1 dong 10)
2026-08-19 18:26:00,128 - INFO - [Round 15] data-free KD 30 vong: gen_loss=16.1592 stu_loss=1.4374 (CE 0.3381)
2026-08-19 18:26:00,170 - INFO - [Round 79] luu checkpoint -> out_full/checkpoints/round_079.pth
2026-08-19 18:34:02,619 - INFO - [Round 79] loss=1.0480 acc=0.5759 | micro P/R/F1=0.5759/0.5759/0.5759 | macro P/R/F1=0.1105/0.0949/0.0814 | weighted P/R/F1=0.9876/0.5759/0.7275
2026-08-19 18:34:02,620 - INFO - fit progress: (15, 1.047968589629258, {'accuracy': 0.5759315276504016, 'micro_precision': 0.5759315276504016, 'micro_recall': 0.5759315276504016, 'micro_f1': 0.5759315276504016, 'macro_precision': 0.11050145552843599, 'macro_recall': 0.09493018560001817, 'macro_f1': 0.08141877180449081, 'weighted_precision': 0.9876044949017572, 'weighted_recall': 0.5759315276504016, 'weighted_f1': 0.7275331197066758}, 7692.856226238)
2026-08-19 18:34:02,620 - INFO - configure_evaluate: no clients selected, skipping evaluation
2026-08-19 18:34:02,620 - INFO - 
2026-08-19 18:34:02,620 - INFO - [ROUND 16]
2026-08-19 18:34:02,621 - INFO - configure_fit: strategy sampled 70 clients (out of 70)
2026-08-19 18:34:04,128 - INFO - aggregate_fit: received 70 results and 0 failures
2026-08-19 18:34:04,240 - INFO - [Round 16] 70/70 client tiep tuc model cuc bo (Algorithm 1 dong 10)
2026-08-19 18:34:20,834 - INFO - [Round 16] data-free KD 30 vong: gen_loss=16.6567 stu_loss=1.4312 (CE 0.3365)
2026-08-19 18:34:20,876 - INFO - [Round 80] luu checkpoint -> out_full/checkpoints/round_080.pth
2026-08-19 18:42:02,067 - INFO - [Round 80] loss=0.9652 acc=0.6475 | micro P/R/F1=0.6475/0.6475/0.6475 | macro P/R/F1=0.1105/0.0969/0.0875 | weighted P/R/F1=0.9872/0.6475/0.7820
2026-08-19 18:42:04,978 - INFO - Luu out_full/confusion_matrix_task2.csv
2026-08-19 18:42:04,979 - INFO - Luu out_full/confusion_matrix_task2_normalized.csv
2026-08-19 18:42:14,974 - INFO - Luu out_full/classification_report_task2.txt
               precision    recall  f1-score   support

       Benign     0.9940    0.6519    0.7874  41700592
          DoS     0.0000    0.0000    0.0000    145129
       double     0.0000    0.0000    0.0000     12413
force-neutral     0.0000    0.0000    0.0000      5744
      fuzzing     0.0000    0.0000    0.0000     67321
     interval     0.0000    0.0000    0.0000     40542
          rpm     0.0000    0.0000    0.0000      5043
rpm-accessory     0.0000    0.0000    0.0000      3146
        speed     0.0001    0.2203    0.0002      7471

     accuracy                         0.6475  41987401
    macro avg     0.1105    0.0969    0.0875  41987401
 weighted avg     0.9872    0.6475    0.7820  41987401

2026-08-19 18:42:15,323 - INFO - Luu out_full/confusion_matrix_task2.png
2026-08-19 18:42:15,324 - INFO - fit progress: (16, 0.965162350641624, {'accuracy': 0.6475013540371313, 'micro_precision': 0.6475013540371313, 'micro_recall': 0.6475013540371313, 'micro_f1': 0.6475013540371313, 'macro_precision': 0.11046123085499132, 'macro_recall': 0.09691487138714495, 'macro_f1': 0.08751614662643759, 'weighted_precision': 0.9872485454793076, 'weighted_recall': 0.6475013540371313, 'weighted_f1': 0.7820418576080942}, 8185.560532711001)
2026-08-19 18:42:15,325 - INFO - configure_evaluate: no clients selected, skipping evaluation
2026-08-19 18:42:15,325 - INFO - 
2026-08-19 18:42:15,325 - INFO - [ROUND 17]
2026-08-19 18:42:15,325 - INFO - configure_fit: strategy sampled 70 clients (out of 70)
2026-08-19 18:42:16,745 - INFO - aggregate_fit: received 70 results and 0 failures
2026-08-19 18:42:16,852 - INFO - [Round 17] 70/70 client tiep tuc model cuc bo (Algorithm 1 dong 10)
2026-08-19 18:42:32,591 - INFO - [Round 17] data-free KD 30 vong: gen_loss=17.0801 stu_loss=1.4335 (CE 0.3354)
2026-08-19 18:42:32,637 - INFO - [Round 81] luu checkpoint -> out_full/checkpoints/round_081.pth
2026-08-19 18:50:46,716 - INFO - [Round 81] loss=0.9101 acc=0.6832 | micro P/R/F1=0.6832/0.6832/0.6832 | macro P/R/F1=0.1104/0.0946/0.0904 | weighted P/R/F1=0.9869/0.6832/0.8074
2026-08-19 18:50:46,718 - INFO - fit progress: (17, 0.9100856827696455, {'accuracy': 0.6831980621996584, 'micro_precision': 0.6831980621996584, 'micro_recall': 0.6831980621996584, 'micro_f1': 0.6831980621996584, 'macro_precision': 0.11042325571309454, 'macro_recall': 0.09458884771601175, 'macro_f1': 0.09035154613109828, 'weighted_precision': 0.9869283532351686, 'weighted_recall': 0.6831980621996584, 'weighted_f1': 0.8074246299292583}, 8696.953904615999)
2026-08-19 18:50:46,718 - INFO - configure_evaluate: no clients selected, skipping evaluation
2026-08-19 18:50:46,718 - INFO - 
2026-08-19 18:50:46,718 - INFO - [ROUND 18]
2026-08-19 18:50:46,718 - INFO - configure_fit: strategy sampled 70 clients (out of 70)
2026-08-19 18:50:48,136 - INFO - aggregate_fit: received 70 results and 0 failures
2026-08-19 18:50:48,246 - INFO - [Round 18] 70/70 client tiep tuc model cuc bo (Algorithm 1 dong 10)
2026-08-19 18:51:04,847 - INFO - [Round 18] data-free KD 30 vong: gen_loss=17.5250 stu_loss=1.4308 (CE 0.3334)
2026-08-19 18:51:04,889 - INFO - [Round 82] luu checkpoint -> out_full/checkpoints/round_082.pth
2026-08-19 18:59:02,543 - INFO - [Round 82] loss=0.9424 acc=0.6599 | micro P/R/F1=0.6599/0.6599/0.6599 | macro P/R/F1=0.1104/0.0946/0.0885 | weighted P/R/F1=0.9870/0.6599/0.7909
2026-08-19 18:59:02,545 - INFO - fit progress: (18, 0.9424263641620517, {'accuracy': 0.659891165923797, 'micro_precision': 0.659891165923797, 'micro_recall': 0.659891165923797, 'micro_f1': 0.659891165923797, 'macro_precision': 0.11043223058329918, 'macro_recall': 0.09456870165552511, 'macro_f1': 0.08850829635493165, 'weighted_precision': 0.9870027933789068, 'weighted_recall': 0.659891165923797, 'weighted_f1': 0.79093713525233}, 9192.780845633)
2026-08-19 18:59:02,545 - INFO - configure_evaluate: no clients selected, skipping evaluation
2026-08-19 18:59:02,545 - INFO - 
2026-08-19 18:59:02,545 - INFO - [ROUND 19]
2026-08-19 18:59:02,545 - INFO - configure_fit: strategy sampled 70 clients (out of 70)
2026-08-19 18:59:03,986 - INFO - aggregate_fit: received 70 results and 0 failures
2026-08-19 18:59:04,097 - INFO - [Round 19] 70/70 client tiep tuc model cuc bo (Algorithm 1 dong 10)
2026-08-19 18:59:20,480 - INFO - [Round 19] data-free KD 30 vong: gen_loss=17.9360 stu_loss=1.4244 (CE 0.3325)
2026-08-19 18:59:20,524 - INFO - [Round 83] luu checkpoint -> out_full/checkpoints/round_083.pth
2026-08-19 19:07:35,999 - INFO - [Round 83] loss=0.8815 acc=0.6967 | micro P/R/F1=0.6967/0.6967/0.6967 | macro P/R/F1=0.1104/0.0959/0.0914 | weighted P/R/F1=0.9870/0.6967/0.8168
2026-08-19 19:07:36,000 - INFO - fit progress: (19, 0.8815337887520605, {'accuracy': 0.6967356469622875, 'micro_precision': 0.6967356469622875, 'micro_recall': 0.6967356469622875, 'micro_f1': 0.6967356469622875, 'macro_precision': 0.11042610202518222, 'macro_recall': 0.09589519405436836, 'macro_f1': 0.09140238970182837, 'weighted_precision': 0.98695069618302, 'weighted_recall': 0.6967356469622875, 'weighted_f1': 0.8168114295347162}, 9706.236333146)
2026-08-19 19:07:36,000 - INFO - configure_evaluate: no clients selected, skipping evaluation
2026-08-19 19:07:36,000 - INFO - 
2026-08-19 19:07:36,000 - INFO - [ROUND 20]
2026-08-19 19:07:36,001 - INFO - configure_fit: strategy sampled 70 clients (out of 70)
2026-08-19 19:07:37,484 - INFO - aggregate_fit: received 70 results and 0 failures
2026-08-19 19:07:37,604 - INFO - [Round 20] 70/70 client tiep tuc model cuc bo (Algorithm 1 dong 10)
2026-08-19 19:07:54,727 - INFO - [Round 20] data-free KD 30 vong: gen_loss=17.9817 stu_loss=1.4211 (CE 0.3345)
2026-08-19 19:07:54,771 - INFO - [Round 84] luu checkpoint -> out_full/checkpoints/round_084.pth
2026-08-19 19:16:11,401 - INFO - [Round 84] loss=0.7423 acc=0.9027 | micro P/R/F1=0.9027/0.9027/0.9027 | macro P/R/F1=0.1104/0.1017/0.1055 | weighted P/R/F1=0.9870/0.9027/0.9430
2026-08-19 19:16:11,402 - INFO - fit progress: (20, 0.7423262289472585, {'accuracy': 0.9027326792625245, 'micro_precision': 0.9027326792625245, 'micro_recall': 0.9027326792625245, 'micro_f1': 0.9027326792625245, 'macro_precision': 0.11041937697454438, 'macro_recall': 0.10170724446829038, 'macro_f1': 0.10549837882570225, 'weighted_precision': 0.9869736819434562, 'weighted_recall': 0.9027326792625245, 'weighted_f1': 0.9429748753377147}, 10221.638704575)
2026-08-19 19:16:11,403 - INFO - configure_evaluate: no clients selected, skipping evaluation
2026-08-19 19:16:11,403 - INFO - 
2026-08-19 19:16:11,403 - INFO - [ROUND 21]
2026-08-19 19:16:11,403 - INFO - configure_fit: strategy sampled 70 clients (out of 70)
2026-08-19 19:16:12,852 - INFO - aggregate_fit: received 70 results and 0 failures
2026-08-19 19:16:12,970 - INFO - [Round 21] 70/70 client tiep tuc model cuc bo (Algorithm 1 dong 10)
2026-08-19 19:16:29,495 - INFO - [Round 21] data-free KD 30 vong: gen_loss=18.2622 stu_loss=1.4163 (CE 0.3300)
2026-08-19 19:16:29,537 - INFO - [Round 85] luu checkpoint -> out_full/checkpoints/round_085.pth
2026-08-19 19:24:25,597 - INFO - [Round 85] loss=0.6840 acc=0.9577 | micro P/R/F1=0.9577/0.9577/0.9577 | macro P/R/F1=0.1104/0.1071/0.1087 | weighted P/R/F1=0.9864/0.9577/0.9718
2026-08-19 19:24:28,626 - INFO - Luu out_full/confusion_matrix_task2.csv
2026-08-19 19:24:28,627 - INFO - Luu out_full/confusion_matrix_task2_normalized.csv
2026-08-19 19:24:37,479 - INFO - Luu out_full/classification_report_task2.txt
               precision    recall  f1-score   support

       Benign     0.9932    0.9643    0.9785  41700592
          DoS     0.0000    0.0000    0.0000    145129
       double     0.0000    0.0000    0.0000     12413
force-neutral     0.0000    0.0000    0.0000      5744
      fuzzing     0.0000    0.0000    0.0000     67321
     interval     0.0000    0.0000    0.0000     40542
          rpm     0.0000    0.0000    0.0000      5043
rpm-accessory     0.0000    0.0000    0.0000      3146
        speed     0.0000    0.0000    0.0000      7471

     accuracy                         0.9577  41987401
    macro avg     0.1104    0.1071    0.1087  41987401
 weighted avg     0.9864    0.9577    0.9718  41987401

2026-08-19 19:24:37,806 - INFO - Luu out_full/confusion_matrix_task2.png
2026-08-19 19:24:37,807 - INFO - fit progress: (21, 0.6840335584456672, {'accuracy': 0.9576821151659279, 'micro_precision': 0.9576821151659279, 'micro_recall': 0.9576821151659279, 'micro_f1': 0.9576821151659279, 'macro_precision': 0.11035596996214976, 'macro_recall': 0.10714098628517205, 'macro_f1': 0.1087247165956341, 'weighted_precision': 0.9864193190572277, 'weighted_recall': 0.9576821151659279, 'weighted_f1': 0.9718383241589899}, 10728.043513282999)
2026-08-19 19:24:37,807 - INFO - configure_evaluate: no clients selected, skipping evaluation
2026-08-19 19:24:37,807 - INFO - 
2026-08-19 19:24:37,807 - INFO - [ROUND 22]
2026-08-19 19:24:37,808 - INFO - configure_fit: strategy sampled 70 clients (out of 70)
2026-08-19 19:24:39,182 - INFO - aggregate_fit: received 70 results and 0 failures
2026-08-19 19:24:39,288 - INFO - [Round 22] 70/70 client tiep tuc model cuc bo (Algorithm 1 dong 10)
2026-08-19 19:24:55,098 - INFO - [Round 22] data-free KD 30 vong: gen_loss=18.5903 stu_loss=1.4109 (CE 0.3277)
2026-08-19 19:24:55,138 - INFO - [Round 86] luu checkpoint -> out_full/checkpoints/round_086.pth
2026-08-19 19:33:05,487 - INFO - [Round 86] loss=0.6761 acc=0.9595 | micro P/R/F1=0.9595/0.9595/0.9595 | macro P/R/F1=0.1103/0.1073/0.1088 | weighted P/R/F1=0.9864/0.9595/0.9728
2026-08-19 19:33:05,489 - INFO - fit progress: (22, 0.6761453326196627, {'accuracy': 0.9595152603039183, 'micro_precision': 0.9595152603039183, 'micro_recall': 0.9595152603039183, 'micro_f1': 0.9595152603039183, 'macro_precision': 0.11034973929378761, 'macro_recall': 0.107346069971061, 'macro_f1': 0.10882718299007677, 'weighted_precision': 0.9863636260879649, 'weighted_recall': 0.9595152603039183, 'weighted_f1': 0.9727542223298551}, 11235.725219737)
2026-08-19 19:33:05,489 - INFO - configure_evaluate: no clients selected, skipping evaluation
2026-08-19 19:33:05,489 - INFO - 
2026-08-19 19:33:05,489 - INFO - [ROUND 23]
2026-08-19 19:33:05,489 - INFO - configure_fit: strategy sampled 70 clients (out of 70)
2026-08-19 19:33:06,948 - INFO - aggregate_fit: received 70 results and 0 failures
2026-08-19 19:33:07,056 - INFO - [Round 23] 70/70 client tiep tuc model cuc bo (Algorithm 1 dong 10)
2026-08-19 19:33:23,104 - INFO - [Round 23] data-free KD 30 vong: gen_loss=18.9119 stu_loss=1.4123 (CE 0.3281)
2026-08-19 19:33:23,143 - INFO - [Round 87] luu checkpoint -> out_full/checkpoints/round_087.pth
2026-08-19 19:41:20,548 - INFO - [Round 87] loss=0.6228 acc=0.9932 | micro P/R/F1=0.9932/0.9932/0.9932 | macro P/R/F1=0.1104/0.1111/0.1107 | weighted P/R/F1=0.9864/0.9932/0.9898
2026-08-19 19:41:20,549 - INFO - fit progress: (23, 0.6227724838752233, {'accuracy': 0.9931642589642545, 'micro_precision': 0.9931642589642545, 'micro_recall': 0.9931642589642545, 'micro_f1': 0.9931642589642545, 'macro_precision': 0.11035230971928234, 'macro_recall': 0.11111056222468549, 'macro_f1': 0.11073013790595393, 'weighted_precision': 0.9863866018940501, 'weighted_recall': 0.9931642589642545, 'weighted_f1': 0.9897638276367541}, 11730.785663015)
2026-08-19 19:41:20,550 - INFO - configure_evaluate: no clients selected, skipping evaluation
2026-08-19 19:41:20,550 - INFO - 
2026-08-19 19:41:20,550 - INFO - [ROUND 24]
2026-08-19 19:41:20,550 - INFO - configure_fit: strategy sampled 70 clients (out of 70)
2026-08-19 19:41:21,958 - INFO - aggregate_fit: received 70 results and 0 failures
2026-08-19 19:41:22,066 - INFO - [Round 24] 70/70 client tiep tuc model cuc bo (Algorithm 1 dong 10)
2026-08-19 19:41:37,993 - INFO - [Round 24] data-free KD 30 vong: gen_loss=19.3712 stu_loss=1.4121 (CE 0.3271)
2026-08-19 19:41:38,033 - INFO - [Round 88] luu checkpoint -> out_full/checkpoints/round_088.pth
2026-08-19 19:49:26,293 - INFO - [Round 88] loss=0.6333 acc=0.9895 | micro P/R/F1=0.9895/0.9895/0.9895 | macro P/R/F1=0.1104/0.1107/0.1105 | weighted P/R/F1=0.9864/0.9895/0.9879
2026-08-19 19:49:26,294 - INFO - fit progress: (24, 0.6332931714387722, {'accuracy': 0.9894989928050083, 'micro_precision': 0.9894989928050083, 'micro_recall': 0.9894989928050083, 'micro_f1': 0.9894989928050083, 'macro_precision': 0.11035094535227648, 'macro_recall': 0.1107005094262877, 'macro_f1': 0.11052545099426365, 'weighted_precision': 0.9863744064688882, 'weighted_recall': 0.9894989928050083, 'weighted_f1': 0.9879342290738607}, 12216.530723067)
2026-08-19 19:49:26,295 - INFO - configure_evaluate: no clients selected, skipping evaluation
2026-08-19 19:49:26,295 - INFO - 
2026-08-19 19:49:26,295 - INFO - [ROUND 25]
2026-08-19 19:49:26,295 - INFO - configure_fit: strategy sampled 70 clients (out of 70)
2026-08-19 19:49:27,746 - INFO - aggregate_fit: received 70 results and 0 failures
2026-08-19 19:49:27,860 - INFO - [Round 25] 70/70 client tiep tuc model cuc bo (Algorithm 1 dong 10)
2026-08-19 19:49:44,617 - INFO - [Round 25] data-free KD 30 vong: gen_loss=19.6043 stu_loss=1.4157 (CE 0.3281)
2026-08-19 19:49:44,660 - INFO - [Round 89] luu checkpoint -> out_full/checkpoints/round_089.pth
2026-08-19 19:57:53,646 - INFO - [Round 89] loss=0.6048 acc=0.9932 | micro P/R/F1=0.9932/0.9932/0.9932 | macro P/R/F1=0.1104/0.1111/0.1107 | weighted P/R/F1=0.9864/0.9932/0.9898
2026-08-19 19:57:53,647 - INFO - fit progress: (25, 0.604804283368298, {'accuracy': 0.9931567328970897, 'micro_precision': 0.9931567328970897, 'micro_recall': 0.9931567328970897, 'micro_f1': 0.9931567328970897, 'macro_precision': 0.1103521200304293, 'macro_recall': 0.11110972024356659, 'macro_f1': 0.11072962429731234, 'weighted_precision': 0.9863849063559716, 'weighted_recall': 0.9931567328970897, 'weighted_f1': 0.9897592367343618}, 12723.883439715999)
2026-08-19 19:57:53,647 - INFO - configure_evaluate: no clients selected, skipping evaluation
2026-08-19 19:57:53,647 - INFO - 
2026-08-19 19:57:53,648 - INFO - [ROUND 26]
2026-08-19 19:57:53,648 - INFO - configure_fit: strategy sampled 70 clients (out of 70)
2026-08-19 19:57:55,072 - INFO - aggregate_fit: received 70 results and 0 failures
2026-08-19 19:57:55,178 - INFO - [Round 26] 70/70 client tiep tuc model cuc bo (Algorithm 1 dong 10)
2026-08-19 19:58:10,996 - INFO - [Round 26] data-free KD 30 vong: gen_loss=19.8386 stu_loss=1.4136 (CE 0.3279)
2026-08-19 19:58:11,036 - INFO - [Round 90] luu checkpoint -> out_full/checkpoints/round_090.pth
2026-08-19 20:06:16,001 - INFO - [Round 90] loss=0.5866 acc=0.9932 | micro P/R/F1=0.9932/0.9932/0.9932 | macro P/R/F1=0.1104/0.1111/0.1107 | weighted P/R/F1=0.9864/0.9932/0.9898
2026-08-19 20:06:18,769 - INFO - Luu out_full/confusion_matrix_task2.csv
2026-08-19 20:06:18,769 - INFO - Luu out_full/confusion_matrix_task2_normalized.csv
2026-08-19 20:06:27,084 - INFO - Luu out_full/classification_report_task2.txt
               precision    recall  f1-score   support

       Benign     0.9932    1.0000    0.9966  41700592
          DoS     0.0000    0.0000    0.0000    145129
       double     0.0000    0.0000    0.0000     12413
force-neutral     0.0000    0.0000    0.0000      5744
      fuzzing     0.0000    0.0000    0.0000     67321
     interval     0.0000    0.0000    0.0000     40542
          rpm     0.0000    0.0000    0.0000      5043
rpm-accessory     0.0000    0.0000    0.0000      3146
        speed     0.0000    0.0000    0.0000      7471

     accuracy                         0.9932  41987401
    macro avg     0.1104    0.1111    0.1107  41987401
 weighted avg     0.9864    0.9932    0.9898  41987401

2026-08-19 20:06:27,832 - INFO - Luu out_full/confusion_matrix_task2.png
2026-08-19 20:06:27,833 - INFO - fit progress: (26, 0.5866427158637229, {'accuracy': 0.9931691651979125, 'micro_precision': 0.9931691651979125, 'micro_recall': 0.9931691651979125, 'micro_f1': 0.9931691651979125, 'macro_precision': 0.11035212946643473, 'macro_recall': 0.1111111111111111, 'macro_f1': 0.11073031972725433, 'weighted_precision': 0.9863849906999185, 'weighted_recall': 0.9931691651979125, 'weighted_f1': 0.9897654528505363}, 13238.06927)
2026-08-19 20:06:27,833 - INFO - configure_evaluate: no clients selected, skipping evaluation
2026-08-19 20:06:27,833 - INFO - 
2026-08-19 20:06:27,833 - INFO - [ROUND 27]
2026-08-19 20:06:27,834 - INFO - configure_fit: strategy sampled 70 clients (out of 70)
2026-08-19 20:06:29,272 - INFO - aggregate_fit: received 70 results and 0 failures
2026-08-19 20:06:29,381 - INFO - [Round 27] 70/70 client tiep tuc model cuc bo (Algorithm 1 dong 10)
2026-08-19 20:06:45,602 - INFO - [Round 27] data-free KD 30 vong: gen_loss=20.0492 stu_loss=1.4156 (CE 0.3270)
2026-08-19 20:06:45,647 - INFO - [Round 91] luu checkpoint -> out_full/checkpoints/round_091.pth
2026-08-19 20:14:52,259 - INFO - [Round 91] loss=0.5810 acc=0.9932 | micro P/R/F1=0.9932/0.9932/0.9932 | macro P/R/F1=0.1104/0.1111/0.1107 | weighted P/R/F1=0.9864/0.9932/0.9898
2026-08-19 20:14:54,996 - INFO - Luu out_full/confusion_matrix_task2.csv
2026-08-19 20:14:54,996 - INFO - Luu out_full/confusion_matrix_task2_normalized.csv
2026-08-19 20:15:03,430 - INFO - Luu out_full/classification_report_task2.txt
               precision    recall  f1-score   support

       Benign     0.9932    1.0000    0.9966  41700592
          DoS     0.0000    0.0000    0.0000    145129
       double     0.0000    0.0000    0.0000     12413
force-neutral     0.0000    0.0000    0.0000      5744
      fuzzing     0.0000    0.0000    0.0000     67321
     interval     0.0000    0.0000    0.0000     40542
          rpm     0.0000    0.0000    0.0000      5043
rpm-accessory     0.0000    0.0000    0.0000      3146
        speed     0.0000    0.0000    0.0000      7471

     accuracy                         0.9932  41987401
    macro avg     0.1104    0.1111    0.1107  41987401
 weighted avg     0.9864    0.9932    0.9898  41987401

2026-08-19 20:15:03,778 - INFO - Luu out_full/confusion_matrix_task2.png
2026-08-19 20:15:03,779 - INFO - fit progress: (27, 0.580952466795961, {'accuracy': 0.9931691651979125, 'micro_precision': 0.9931691651979125, 'micro_recall': 0.9931691651979125, 'micro_f1': 0.9931691651979125, 'macro_precision': 0.11035212946643473, 'macro_recall': 0.1111111111111111, 'macro_f1': 0.11073031972725433, 'weighted_precision': 0.9863849906999185, 'weighted_recall': 0.9931691651979125, 'weighted_f1': 0.9897654528505363}, 13754.014920626)
2026-08-19 20:15:03,779 - INFO - configure_evaluate: no clients selected, skipping evaluation
2026-08-19 20:15:03,779 - INFO - 
2026-08-19 20:15:03,779 - INFO - [SUMMARY]
2026-08-19 20:15:03,779 - INFO - Run finished 27 round(s) in 13754.02s
2026-08-19 20:15:03,784 - INFO - 	History (loss, centralized):
2026-08-19 20:15:03,785 - INFO - 		round 1: 0.9503703238952219
2026-08-19 20:15:03,785 - INFO - 		round 2: 0.6377751142870983
2026-08-19 20:15:03,785 - INFO - 		round 3: 0.5608953323791974
2026-08-19 20:15:03,785 - INFO - 		round 4: 0.5785809398749877
2026-08-19 20:15:03,785 - INFO - 		round 5: 0.6234346674763392
2026-08-19 20:15:03,785 - INFO - 		round 6: 0.5975039861932776
2026-08-19 20:15:03,785 - INFO - 		round 7: 0.6985788932254565
2026-08-19 20:15:03,785 - INFO - 		round 8: 0.8060604905677463
2026-08-19 20:15:03,785 - INFO - 		round 9: 1.023309784271161
2026-08-19 20:15:03,785 - INFO - 		round 10: 1.1879927057276096
2026-08-19 20:15:03,785 - INFO - 		round 11: 1.1647427223703475
2026-08-19 20:15:03,785 - INFO - 		round 12: 1.2288271273279083
2026-08-19 20:15:03,785 - INFO - 		round 13: 1.14787029308315
2026-08-19 20:15:03,785 - INFO - 		round 14: 1.082127045833847
2026-08-19 20:15:03,785 - INFO - 		round 15: 1.047968589629258
2026-08-19 20:15:03,785 - INFO - 		round 16: 0.965162350641624
2026-08-19 20:15:03,786 - INFO - 		round 17: 0.9100856827696455
2026-08-19 20:15:03,786 - INFO - 		round 18: 0.9424263641620517
2026-08-19 20:15:03,786 - INFO - 		round 19: 0.8815337887520605
2026-08-19 20:15:03,786 - INFO - 		round 20: 0.7423262289472585
2026-08-19 20:15:03,786 - INFO - 		round 21: 0.6840335584456672
2026-08-19 20:15:03,786 - INFO - 		round 22: 0.6761453326196627
2026-08-19 20:15:03,786 - INFO - 		round 23: 0.6227724838752233
2026-08-19 20:15:03,786 - INFO - 		round 24: 0.6332931714387722
2026-08-19 20:15:03,786 - INFO - 		round 25: 0.604804283368298
2026-08-19 20:15:03,786 - INFO - 		round 26: 0.5866427158637229
2026-08-19 20:15:03,786 - INFO - 		round 27: 0.580952466795961
2026-08-19 20:15:03,786 - INFO - 	History (metrics, distributed, fit):
2026-08-19 20:15:03,786 - INFO - 	{'gen_loss': [(1, 16.27483320236206),
2026-08-19 20:15:03,786 - INFO - 	              (2, 13.252357769012452),
2026-08-19 20:15:03,786 - INFO - 	              (3, 12.500752894083659),
2026-08-19 20:15:03,786 - INFO - 	              (4, 12.728317991892498),
2026-08-19 20:15:03,786 - INFO - 	              (5, 12.92107276916504),
2026-08-19 20:15:03,786 - INFO - 	              (6, 12.935595035552979),
2026-08-19 20:15:03,786 - INFO - 	              (7, 13.174291674296061),
2026-08-19 20:15:03,786 - INFO - 	              (8, 13.42261619567871),
2026-08-19 20:15:03,786 - INFO - 	              (9, 13.673793443044026),
2026-08-19 20:15:03,786 - INFO - 	              (10, 14.073704369862874),
2026-08-19 20:15:03,786 - INFO - 	              (11, 14.346591790517172),
2026-08-19 20:15:03,786 - INFO - 	              (12, 14.972172959645588),
2026-08-19 20:15:03,787 - INFO - 	              (13, 15.182908757527668),
2026-08-19 20:15:03,787 - INFO - 	              (14, 15.722788429260254),
2026-08-19 20:15:03,787 - INFO - 	              (15, 16.159242343902587),
2026-08-19 20:15:03,787 - INFO - 	              (16, 16.65673802693685),
2026-08-19 20:15:03,787 - INFO - 	              (17, 17.080072339375814),
2026-08-19 20:15:03,787 - INFO - 	              (18, 17.52495854695638),
2026-08-19 20:15:03,787 - INFO - 	              (19, 17.935987027486167),
2026-08-19 20:15:03,787 - INFO - 	              (20, 17.981698671976726),
2026-08-19 20:15:03,787 - INFO - 	              (21, 18.262246704101564),
2026-08-19 20:15:03,787 - INFO - 	              (22, 18.59034080505371),
2026-08-19 20:15:03,787 - INFO - 	              (23, 18.91186809539795),
2026-08-19 20:15:03,787 - INFO - 	              (24, 19.37119770050049),
2026-08-19 20:15:03,787 - INFO - 	              (25, 19.6042511622111),
2026-08-19 20:15:03,787 - INFO - 	              (26, 19.83858585357666),
2026-08-19 20:15:03,787 - INFO - 	              (27, 20.049176534016926)],
2026-08-19 20:15:03,787 - INFO - 	 'kd_loss_client': [(1, 5.181518636431012),
2026-08-19 20:15:03,787 - INFO - 	                    (2, 12.369166424160912),
2026-08-19 20:15:03,787 - INFO - 	                    (3, 11.899201197851271),
2026-08-19 20:15:03,787 - INFO - 	                    (4, 10.763234261104039),
2026-08-19 20:15:03,787 - INFO - 	                    (5, 14.814874508267359),
2026-08-19 20:15:03,787 - INFO - 	                    (6, 17.638719417935324),
2026-08-19 20:15:03,788 - INFO - 	                    (7, 16.997268272581554),
2026-08-19 20:15:03,788 - INFO - 	                    (8, 17.667353548322406),
2026-08-19 20:15:03,788 - INFO - 	                    (9, 19.356473741077238),
2026-08-19 20:15:03,788 - INFO - 	                    (10, 22.466927019755047),
2026-08-19 20:15:03,788 - INFO - 	                    (11, 23.46997940426781),
2026-08-19 20:15:03,788 - INFO - 	                    (12, 23.038194856189545),
2026-08-19 20:15:03,788 - INFO - 	                    (13, 22.62324604761033),
2026-08-19 20:15:03,788 - INFO - 	                    (14, 21.08835659935361),
2026-08-19 20:15:03,788 - INFO - 	                    (15, 20.86308937981015),
2026-08-19 20:15:03,788 - INFO - 	                    (16, 19.919033068702333),
2026-08-19 20:15:03,788 - INFO - 	                    (17, 18.24382754734584),
2026-08-19 20:15:03,788 - INFO - 	                    (18, 17.367277140844433),
2026-08-19 20:15:03,788 - INFO - 	                    (19, 17.59105430330549),
2026-08-19 20:15:03,788 - INFO - 	                    (20, 15.502515375046501),
2026-08-19 20:15:03,788 - INFO - 	                    (21, 12.626943256741479),
2026-08-19 20:15:03,788 - INFO - 	                    (22, 10.654289477212089),
2026-08-19 20:15:03,789 - INFO - 	                    (23, 10.177865968431746),
2026-08-19 20:15:03,789 - INFO - 	                    (24, 8.269127337137858),
2026-08-19 20:15:03,789 - INFO - 	                    (25, 8.306591113408405),
2026-08-19 20:15:03,789 - INFO - 	                    (26, 7.246890306472778),
2026-08-19 20:15:03,789 - INFO - 	                    (27, 6.667763610113235)],
2026-08-19 20:15:03,789 - INFO - 	 'num_clients': [(1, 70),
2026-08-19 20:15:03,789 - INFO - 	                 (2, 70),
2026-08-19 20:15:03,789 - INFO - 	                 (3, 70),
2026-08-19 20:15:03,789 - INFO - 	                 (4, 70),
2026-08-19 20:15:03,789 - INFO - 	                 (5, 70),
2026-08-19 20:15:03,789 - INFO - 	                 (6, 70),
2026-08-19 20:15:03,789 - INFO - 	                 (7, 70),
2026-08-19 20:15:03,789 - INFO - 	                 (8, 70),
2026-08-19 20:15:03,790 - INFO - 	                 (9, 70),
2026-08-19 20:15:03,790 - INFO - 	                 (10, 70),
2026-08-19 20:15:03,790 - INFO - 	                 (11, 70),
2026-08-19 20:15:03,790 - INFO - 	                 (12, 70),
2026-08-19 20:15:03,790 - INFO - 	                 (13, 70),
2026-08-19 20:15:03,790 - INFO - 	                 (14, 70),
2026-08-19 20:15:03,790 - INFO - 	                 (15, 70),
2026-08-19 20:15:03,790 - INFO - 	                 (16, 70),
2026-08-19 20:15:03,790 - INFO - 	                 (17, 70),
2026-08-19 20:15:03,790 - INFO - 	                 (18, 70),
2026-08-19 20:15:03,790 - INFO - 	                 (19, 70),
2026-08-19 20:15:03,790 - INFO - 	                 (20, 70),
2026-08-19 20:15:03,790 - INFO - 	                 (21, 70),
2026-08-19 20:15:03,790 - INFO - 	                 (22, 70),
2026-08-19 20:15:03,790 - INFO - 	                 (23, 70),
2026-08-19 20:15:03,790 - INFO - 	                 (24, 70),
2026-08-19 20:15:03,790 - INFO - 	                 (25, 70),
2026-08-19 20:15:03,790 - INFO - 	                 (26, 70),
2026-08-19 20:15:03,790 - INFO - 	                 (27, 70)],
2026-08-19 20:15:03,790 - INFO - 	 'resumed_local': [(1, 70),
2026-08-19 20:15:03,790 - INFO - 	                   (2, 70),
2026-08-19 20:15:03,790 - INFO - 	                   (3, 70),
2026-08-19 20:15:03,791 - INFO - 	                   (4, 70),
2026-08-19 20:15:03,791 - INFO - 	                   (5, 70),
2026-08-19 20:15:03,791 - INFO - 	                   (6, 70),
2026-08-19 20:15:03,791 - INFO - 	                   (7, 70),
2026-08-19 20:15:03,791 - INFO - 	                   (8, 70),
2026-08-19 20:15:03,791 - INFO - 	                   (9, 70),
2026-08-19 20:15:03,791 - INFO - 	                   (10, 70),
2026-08-19 20:15:03,791 - INFO - 	                   (11, 70),
2026-08-19 20:15:03,791 - INFO - 	                   (12, 70),
2026-08-19 20:15:03,791 - INFO - 	                   (13, 70),
2026-08-19 20:15:03,791 - INFO - 	                   (14, 70),
2026-08-19 20:15:03,791 - INFO - 	                   (15, 70),
2026-08-19 20:15:03,791 - INFO - 	                   (16, 70),
2026-08-19 20:15:03,791 - INFO - 	                   (17, 70),
2026-08-19 20:15:03,791 - INFO - 	                   (18, 70),
2026-08-19 20:15:03,791 - INFO - 	                   (19, 70),
2026-08-19 20:15:03,791 - INFO - 	                   (20, 70),
2026-08-19 20:15:03,791 - INFO - 	                   (21, 70),
2026-08-19 20:15:03,791 - INFO - 	                   (22, 70),
2026-08-19 20:15:03,791 - INFO - 	                   (23, 70),
2026-08-19 20:15:03,791 - INFO - 	                   (24, 70),
2026-08-19 20:15:03,791 - INFO - 	                   (25, 70),
2026-08-19 20:15:03,791 - INFO - 	                   (26, 70),
2026-08-19 20:15:03,791 - INFO - 	                   (27, 70)],
2026-08-19 20:15:03,791 - INFO - 	 'stu_ce': [(1, 3.7704079469045),
2026-08-19 20:15:03,791 - INFO - 	            (2, 2.6153596766789753),
2026-08-19 20:15:03,792 - INFO - 	            (3, 2.15110714673996),
2026-08-19 20:15:03,792 - INFO - 	            (4, 1.7179089760780335),
2026-08-19 20:15:03,792 - INFO - 	            (5, 1.2924630419413248),
2026-08-19 20:15:03,792 - INFO - 	            (6, 0.8624697558085124),
2026-08-19 20:15:03,792 - INFO - 	            (7, 0.5455564039945603),
2026-08-19 20:15:03,792 - INFO - 	            (8, 0.41905168096224465),
2026-08-19 20:15:03,792 - INFO - 	            (9, 0.37833259562651317),
2026-08-19 20:15:03,792 - INFO - 	            (10, 0.35890693406263985),
2026-08-19 20:15:03,792 - INFO - 	            (11, 0.3501463065544764),
2026-08-19 20:15:03,792 - INFO - 	            (12, 0.34652451634407044),
2026-08-19 20:15:03,792 - INFO - 	            (13, 0.34118024130662283),
2026-08-19 20:15:03,792 - INFO - 	            (14, 0.34110032935937246),
2026-08-19 20:15:03,792 - INFO - 	            (15, 0.3380799925327301),
2026-08-19 20:15:03,792 - INFO - 	            (16, 0.33650867323080697),
2026-08-19 20:15:03,792 - INFO - 	            (17, 0.33536817530790963),
2026-08-19 20:15:03,792 - INFO - 	            (18, 0.3334293319781621),
2026-08-19 20:15:03,792 - INFO - 	            (19, 0.3325466078519821),
2026-08-19 20:15:03,792 - INFO - 	            (20, 0.33449226280053457),
2026-08-19 20:15:03,792 - INFO - 	            (21, 0.33001445372899374),
2026-08-19 20:15:03,792 - INFO - 	            (22, 0.32768581887086234),
2026-08-19 20:15:03,792 - INFO - 	            (23, 0.3281080456574758),
2026-08-19 20:15:03,793 - INFO - 	            (24, 0.32712380270163216),
2026-08-19 20:15:03,793 - INFO - 	            (25, 0.3280546243985494),
2026-08-19 20:15:03,793 - INFO - 	            (26, 0.32789008696873984),
2026-08-19 20:15:03,793 - INFO - 	            (27, 0.32695780297120414)],
2026-08-19 20:15:03,793 - INFO - 	 'stu_loss': [(1, 5.245321604410807),
2026-08-19 20:15:03,793 - INFO - 	              (2, 4.031718231836955),
2026-08-19 20:15:03,793 - INFO - 	              (3, 3.3841112089157104),
2026-08-19 20:15:03,793 - INFO - 	              (4, 2.8674360497792564),
2026-08-19 20:15:03,793 - INFO - 	              (5, 2.3940736420949302),
2026-08-19 20:15:03,793 - INFO - 	              (6, 1.9711639960606893),
2026-08-19 20:15:03,793 - INFO - 	              (7, 1.719222859541575),
2026-08-19 20:15:03,793 - INFO - 	              (8, 1.5970609641075135),
2026-08-19 20:15:03,793 - INFO - 	              (9, 1.5405066076914469),
2026-08-19 20:15:03,793 - INFO - 	              (10, 1.4961995228131613),
2026-08-19 20:15:03,793 - INFO - 	              (11, 1.4726898511250814),
2026-08-19 20:15:03,793 - INFO - 	              (12, 1.4650366346041361),
2026-08-19 20:15:03,793 - INFO - 	              (13, 1.448861734867096),
2026-08-19 20:15:03,793 - INFO - 	              (14, 1.4425812300046286),
2026-08-19 20:15:03,793 - INFO - 	              (15, 1.4373528504371642),
2026-08-19 20:15:03,793 - INFO - 	              (16, 1.4311593310038249),
2026-08-19 20:15:03,793 - INFO - 	              (17, 1.4334660092989604),
2026-08-19 20:15:03,793 - INFO - 	              (18, 1.4307945084571838),
2026-08-19 20:15:03,793 - INFO - 	              (19, 1.4244255630175273),
2026-08-19 20:15:03,793 - INFO - 	              (20, 1.4210701783498128),
2026-08-19 20:15:03,794 - INFO - 	              (21, 1.416332348982493),
2026-08-19 20:15:03,794 - INFO - 	              (22, 1.4109079011281331),
2026-08-19 20:15:03,794 - INFO - 	              (23, 1.4122596796353657),
2026-08-19 20:15:03,794 - INFO - 	              (24, 1.4121098160743712),
2026-08-19 20:15:03,794 - INFO - 	              (25, 1.4157048130035401),
2026-08-19 20:15:03,794 - INFO - 	              (26, 1.4135509951909384),
2026-08-19 20:15:03,794 - INFO - 	              (27, 1.4155593331654865)],
2026-08-19 20:15:03,794 - INFO - 	 'train_loss': [(1, 26.036503010182415),
2026-08-19 20:15:03,794 - INFO - 	                (2, 25.80141192443004),
2026-08-19 20:15:03,794 - INFO - 	                (3, 25.607058603940622),
2026-08-19 20:15:03,794 - INFO - 	                (4, 25.38393856339854),
2026-08-19 20:15:03,794 - INFO - 	                (5, 25.201506906076844),
2026-08-19 20:15:03,794 - INFO - 	                (6, 24.992124314300337),
2026-08-19 20:15:03,794 - INFO - 	                (7, 24.81163135845934),
2026-08-19 20:15:03,794 - INFO - 	                (8, 24.654914379572265),
2026-08-19 20:15:03,794 - INFO - 	                (9, 24.420927369709844),
2026-08-19 20:15:03,794 - INFO - 	                (10, 24.273647657212408),
2026-08-19 20:15:03,794 - INFO - 	                (11, 24.08454070020779),
2026-08-19 20:15:03,794 - INFO - 	                (12, 23.904979925498413),
2026-08-19 20:15:03,794 - INFO - 	                (13, 23.73564465337808),
2026-08-19 20:15:03,794 - INFO - 	                (14, 23.580385752999636),
2026-08-19 20:15:03,794 - INFO - 	                (15, 23.404737785727715),
2026-08-19 20:15:03,794 - INFO - 	                (16, 23.240271112584345),
2026-08-19 20:15:03,794 - INFO - 	                (17, 23.07056620759134),
2026-08-19 20:15:03,795 - INFO - 	                (18, 22.95199551275233),
2026-08-19 20:15:03,795 - INFO - 	                (19, 22.7732225120383),
2026-08-19 20:15:03,795 - INFO - 	                (20, 22.602757693633308),
2026-08-19 20:15:03,795 - INFO - 	                (21, 22.479962300758384),
2026-08-19 20:15:03,795 - INFO - 	                (22, 22.32889961031444),
2026-08-19 20:15:03,795 - INFO - 	                (23, 22.15010239900931),
2026-08-19 20:15:03,795 - INFO - 	                (24, 22.013678457510338),
2026-08-19 20:15:03,795 - INFO - 	                (25, 21.85866764925014),
2026-08-19 20:15:03,795 - INFO - 	                (26, 21.746250798218966),
2026-08-19 20:15:03,795 - INFO - 	                (27, 21.618197233279766)]}
2026-08-19 20:15:03,795 - INFO - 	History (metrics, centralized):
2026-08-19 20:15:03,795 - INFO - 	{'accuracy': [(1, 0.7692778126467033),
2026-08-19 20:15:03,795 - INFO - 	              (2, 0.9931691651979125),
2026-08-19 20:15:03,795 - INFO - 	              (3, 0.9931691651979125),
2026-08-19 20:15:03,795 - INFO - 	              (4, 0.9931691651979125),
2026-08-19 20:15:03,795 - INFO - 	              (5, 0.9931691651979125),
2026-08-19 20:15:03,795 - INFO - 	              (6, 0.9931691651979125),
2026-08-19 20:15:03,795 - INFO - 	              (7, 0.9931691651979125),
2026-08-19 20:15:03,795 - INFO - 	              (8, 0.9931689984812349),
2026-08-19 20:15:03,795 - INFO - 	              (9, 0.5843284989228078),
2026-08-19 20:15:03,795 - INFO - 	              (10, 0.4907323270616345),
2026-08-19 20:15:03,795 - INFO - 	              (11, 0.4813116439381423),
2026-08-19 20:15:03,795 - INFO - 	              (12, 0.4455638728389023),
2026-08-19 20:15:03,795 - INFO - 	              (13, 0.5320832789817117),
2026-08-19 20:15:03,795 - INFO - 	              (14, 0.5624026121550129),
2026-08-19 20:15:03,796 - INFO - 	              (15, 0.5759315276504016),
2026-08-19 20:15:03,796 - INFO - 	              (16, 0.6475013540371313),
2026-08-19 20:15:03,796 - INFO - 	              (17, 0.6831980621996584),
2026-08-19 20:15:03,796 - INFO - 	              (18, 0.659891165923797),
2026-08-19 20:15:03,796 - INFO - 	              (19, 0.6967356469622875),
2026-08-19 20:15:03,796 - INFO - 	              (20, 0.9027326792625245),
2026-08-19 20:15:03,796 - INFO - 	              (21, 0.9576821151659279),
2026-08-19 20:15:03,796 - INFO - 	              (22, 0.9595152603039183),
2026-08-19 20:15:03,796 - INFO - 	              (23, 0.9931642589642545),
2026-08-19 20:15:03,796 - INFO - 	              (24, 0.9894989928050083),
2026-08-19 20:15:03,796 - INFO - 	              (25, 0.9931567328970897),
2026-08-19 20:15:03,796 - INFO - 	              (26, 0.9931691651979125),
2026-08-19 20:15:03,796 - INFO - 	              (27, 0.9931691651979125)],
2026-08-19 20:15:03,796 - INFO - 	 'macro_f1': [(1, 0.09684689525999846),
2026-08-19 20:15:03,796 - INFO - 	              (2, 0.11073031972725433),
2026-08-19 20:15:03,796 - INFO - 	              (3, 0.11073031972725433),
2026-08-19 20:15:03,796 - INFO - 	              (4, 0.11073031972725433),
2026-08-19 20:15:03,796 - INFO - 	              (5, 0.11073031972725433),
2026-08-19 20:15:03,796 - INFO - 	              (6, 0.11073031972725433),
2026-08-19 20:15:03,796 - INFO - 	              (7, 0.11073031972725433),
2026-08-19 20:15:03,796 - INFO - 	              (8, 0.11073031040162284),
2026-08-19 20:15:03,796 - INFO - 	              (9, 0.08216915650378984),
2026-08-19 20:15:03,796 - INFO - 	              (10, 0.07335936692881566),
2026-08-19 20:15:03,796 - INFO - 	              (11, 0.07240937685483413),
2026-08-19 20:15:03,797 - INFO - 	              (12, 0.06869619671803814),
2026-08-19 20:15:03,797 - INFO - 	              (13, 0.07738036636295564),
2026-08-19 20:15:03,797 - INFO - 	              (14, 0.08019649011330934),
2026-08-19 20:15:03,797 - INFO - 	              (15, 0.08141877180449081),
2026-08-19 20:15:03,797 - INFO - 	              (16, 0.08751614662643759),
2026-08-19 20:15:03,797 - INFO - 	              (17, 0.09035154613109828),
2026-08-19 20:15:03,797 - INFO - 	              (18, 0.08850829635493165),
2026-08-19 20:15:03,797 - INFO - 	              (19, 0.09140238970182837),
2026-08-19 20:15:03,797 - INFO - 	              (20, 0.10549837882570225),
2026-08-19 20:15:03,797 - INFO - 	              (21, 0.1087247165956341),
2026-08-19 20:15:03,797 - INFO - 	              (22, 0.10882718299007677),
2026-08-19 20:15:03,797 - INFO - 	              (23, 0.11073013790595393),
2026-08-19 20:15:03,797 - INFO - 	              (24, 0.11052545099426365),
2026-08-19 20:15:03,797 - INFO - 	              (25, 0.11072962429731234),
2026-08-19 20:15:03,797 - INFO - 	              (26, 0.11073031972725433),
2026-08-19 20:15:03,797 - INFO - 	              (27, 0.11073031972725433)],
2026-08-19 20:15:03,797 - INFO - 	 'macro_precision': [(1, 0.11032159471259312),
2026-08-19 20:15:03,797 - INFO - 	                     (2, 0.11035212946643473),
2026-08-19 20:15:03,797 - INFO - 	                     (3, 0.11035212946643473),
2026-08-19 20:15:03,797 - INFO - 	                     (4, 0.11035212946643473),
2026-08-19 20:15:03,797 - INFO - 	                     (5, 0.11035212946643473),
2026-08-19 20:15:03,797 - INFO - 	                     (6, 0.11035212946643473),
2026-08-19 20:15:03,797 - INFO - 	                     (7, 0.11035212946643473),
2026-08-19 20:15:03,798 - INFO - 	                     (8, 0.11035212933989981),
2026-08-19 20:15:03,798 - INFO - 	                     (9, 0.1105082189744572),
2026-08-19 20:15:03,798 - INFO - 	                     (10, 0.11044391931735141),
2026-08-19 20:15:03,798 - INFO - 	                     (11, 0.11043025002600594),
2026-08-19 20:15:03,798 - INFO - 	                     (12, 0.11038973138077476),
2026-08-19 20:15:03,798 - INFO - 	                     (13, 0.11047174876399685),
2026-08-19 20:15:03,798 - INFO - 	                     (14, 0.11048924653900323),
2026-08-19 20:15:03,798 - INFO - 	                     (15, 0.11050145552843599),
2026-08-19 20:15:03,798 - INFO - 	                     (16, 0.11046123085499132),
2026-08-19 20:15:03,798 - INFO - 	                     (17, 0.11042325571309454),
2026-08-19 20:15:03,798 - INFO - 	                     (18, 0.11043223058329918),
2026-08-19 20:15:03,798 - INFO - 	                     (19, 0.11042610202518222),
2026-08-19 20:15:03,798 - INFO - 	                     (20, 0.11041937697454438),
2026-08-19 20:15:03,798 - INFO - 	                     (21, 0.11035596996214976),
2026-08-19 20:15:03,798 - INFO - 	                     (22, 0.11034973929378761),
2026-08-19 20:15:03,798 - INFO - 	                     (23, 0.11035230971928234),
2026-08-19 20:15:03,798 - INFO - 	                     (24, 0.11035094535227648),
2026-08-19 20:15:03,799 - INFO - 	                     (25, 0.1103521200304293),
2026-08-19 20:15:03,799 - INFO - 	                     (26, 0.11035212946643473),
2026-08-19 20:15:03,799 - INFO - 	                     (27, 0.11035212946643473)],
2026-08-19 20:15:03,799 - INFO - 	 'macro_recall': [(1, 0.10071381097541185),
2026-08-19 20:15:03,799 - INFO - 	                  (2, 0.1111111111111111),
2026-08-19 20:15:03,799 - INFO - 	                  (3, 0.1111111111111111),
2026-08-19 20:15:03,799 - INFO - 	                  (4, 0.1111111111111111),
2026-08-19 20:15:03,799 - INFO - 	                  (5, 0.1111111111111111),
2026-08-19 20:15:03,799 - INFO - 	                  (6, 0.1111111111111111),
2026-08-19 20:15:03,799 - INFO - 	                  (7, 0.1111111111111111),
2026-08-19 20:15:03,799 - INFO - 	                  (8, 0.11111109245963063),
2026-08-19 20:15:03,799 - INFO - 	                  (9, 0.09986953702084245),
2026-08-19 20:15:03,799 - INFO - 	                  (10, 0.08947278429151867),
2026-08-19 20:15:03,799 - INFO - 	                  (11, 0.0881065796302776),
2026-08-19 20:15:03,799 - INFO - 	                  (12, 0.0856834701557121),
2026-08-19 20:15:03,800 - INFO - 	                  (13, 0.0873927198376539),
2026-08-19 20:15:03,800 - INFO - 	                  (14, 0.09341663394588338),
2026-08-19 20:15:03,800 - INFO - 	                  (15, 0.09493018560001817),
2026-08-19 20:15:03,800 - INFO - 	                  (16, 0.09691487138714495),
2026-08-19 20:15:03,800 - INFO - 	                  (17, 0.09458884771601175),
2026-08-19 20:15:03,800 - INFO - 	                  (18, 0.09456870165552511),
2026-08-19 20:15:03,800 - INFO - 	                  (19, 0.09589519405436836),
2026-08-19 20:15:03,800 - INFO - 	                  (20, 0.10170724446829038),
2026-08-19 20:15:03,800 - INFO - 	                  (21, 0.10714098628517205),
2026-08-19 20:15:03,800 - INFO - 	                  (22, 0.107346069971061),
2026-08-19 20:15:03,800 - INFO - 	                  (23, 0.11111056222468549),
2026-08-19 20:15:03,800 - INFO - 	                  (24, 0.1107005094262877),
2026-08-19 20:15:03,800 - INFO - 	                  (25, 0.11110972024356659),
2026-08-19 20:15:03,800 - INFO - 	                  (26, 0.1111111111111111),
2026-08-19 20:15:03,801 - INFO - 	                  (27, 0.1111111111111111)],
2026-08-19 20:15:03,801 - INFO - 	 'micro_f1': [(1, 0.7692778126467033),
2026-08-19 20:15:03,801 - INFO - 	              (2, 0.9931691651979125),
2026-08-19 20:15:03,801 - INFO - 	              (3, 0.9931691651979125),
2026-08-19 20:15:03,801 - INFO - 	              (4, 0.9931691651979125),
2026-08-19 20:15:03,801 - INFO - 	              (5, 0.9931691651979125),
2026-08-19 20:15:03,801 - INFO - 	              (6, 0.9931691651979125),
2026-08-19 20:15:03,801 - INFO - 	              (7, 0.9931691651979125),
2026-08-19 20:15:03,801 - INFO - 	              (8, 0.9931689984812349),
2026-08-19 20:15:03,801 - INFO - 	              (9, 0.5843284989228078),
2026-08-19 20:15:03,801 - INFO - 	              (10, 0.4907323270616345),
2026-08-19 20:15:03,801 - INFO - 	              (11, 0.4813116439381423),
2026-08-19 20:15:03,801 - INFO - 	              (12, 0.4455638728389023),
2026-08-19 20:15:03,801 - INFO - 	              (13, 0.5320832789817117),
2026-08-19 20:15:03,801 - INFO - 	              (14, 0.5624026121550129),
2026-08-19 20:15:03,801 - INFO - 	              (15, 0.5759315276504016),
2026-08-19 20:15:03,801 - INFO - 	              (16, 0.6475013540371313),
2026-08-19 20:15:03,801 - INFO - 	              (17, 0.6831980621996584),
2026-08-19 20:15:03,801 - INFO - 	              (18, 0.659891165923797),
2026-08-19 20:15:03,801 - INFO - 	              (19, 0.6967356469622875),
2026-08-19 20:15:03,802 - INFO - 	              (20, 0.9027326792625245),
2026-08-19 20:15:03,802 - INFO - 	              (21, 0.9576821151659279),
2026-08-19 20:15:03,802 - INFO - 	              (22, 0.9595152603039183),
2026-08-19 20:15:03,802 - INFO - 	              (23, 0.9931642589642545),
2026-08-19 20:15:03,802 - INFO - 	              (24, 0.9894989928050083),
2026-08-19 20:15:03,802 - INFO - 	              (25, 0.9931567328970897),
2026-08-19 20:15:03,802 - INFO - 	              (26, 0.9931691651979125),
2026-08-19 20:15:03,802 - INFO - 	              (27, 0.9931691651979125)],
2026-08-19 20:15:03,802 - INFO - 	 'micro_precision': [(1, 0.7692778126467033),
2026-08-19 20:15:03,802 - INFO - 	                     (2, 0.9931691651979125),
2026-08-19 20:15:03,802 - INFO - 	                     (3, 0.9931691651979125),
2026-08-19 20:15:03,803 - INFO - 	                     (4, 0.9931691651979125),
2026-08-19 20:15:03,803 - INFO - 	                     (5, 0.9931691651979125),
2026-08-19 20:15:03,803 - INFO - 	                     (6, 0.9931691651979125),
2026-08-19 20:15:03,803 - INFO - 	                     (7, 0.9931691651979125),
2026-08-19 20:15:03,803 - INFO - 	                     (8, 0.9931689984812349),
2026-08-19 20:15:03,803 - INFO - 	                     (9, 0.5843284989228078),
2026-08-19 20:15:03,803 - INFO - 	                     (10, 0.4907323270616345),
2026-08-19 20:15:03,803 - INFO - 	                     (11, 0.4813116439381423),
2026-08-19 20:15:03,803 - INFO - 	                     (12, 0.4455638728389023),
2026-08-19 20:15:03,803 - INFO - 	                     (13, 0.5320832789817117),
2026-08-19 20:15:03,803 - INFO - 	                     (14, 0.5624026121550129),
2026-08-19 20:15:03,803 - INFO - 	                     (15, 0.5759315276504016),
2026-08-19 20:15:03,803 - INFO - 	                     (16, 0.6475013540371313),
2026-08-19 20:15:03,803 - INFO - 	                     (17, 0.6831980621996584),
2026-08-19 20:15:03,804 - INFO - 	                     (18, 0.659891165923797),
2026-08-19 20:15:03,804 - INFO - 	                     (19, 0.6967356469622875),
2026-08-19 20:15:03,804 - INFO - 	                     (20, 0.9027326792625245),
2026-08-19 20:15:03,804 - INFO - 	                     (21, 0.9576821151659279),
2026-08-19 20:15:03,804 - INFO - 	                     (22, 0.9595152603039183),
2026-08-19 20:15:03,804 - INFO - 	                     (23, 0.9931642589642545),
2026-08-19 20:15:03,804 - INFO - 	                     (24, 0.9894989928050083),
2026-08-19 20:15:03,804 - INFO - 	                     (25, 0.9931567328970897),
2026-08-19 20:15:03,804 - INFO - 	                     (26, 0.9931691651979125),
2026-08-19 20:15:03,804 - INFO - 	                     (27, 0.9931691651979125)],
2026-08-19 20:15:03,804 - INFO - 	 'micro_recall': [(1, 0.7692778126467033),
2026-08-19 20:15:03,804 - INFO - 	                  (2, 0.9931691651979125),
2026-08-19 20:15:03,804 - INFO - 	                  (3, 0.9931691651979125),
2026-08-19 20:15:03,804 - INFO - 	                  (4, 0.9931691651979125),
2026-08-19 20:15:03,804 - INFO - 	                  (5, 0.9931691651979125),
2026-08-19 20:15:03,804 - INFO - 	                  (6, 0.9931691651979125),
2026-08-19 20:15:03,804 - INFO - 	                  (7, 0.9931691651979125),
2026-08-19 20:15:03,805 - INFO - 	                  (8, 0.9931689984812349),
2026-08-19 20:15:03,805 - INFO - 	                  (9, 0.5843284989228078),
2026-08-19 20:15:03,805 - INFO - 	                  (10, 0.4907323270616345),
2026-08-19 20:15:03,805 - INFO - 	                  (11, 0.4813116439381423),
2026-08-19 20:15:03,805 - INFO - 	                  (12, 0.4455638728389023),
2026-08-19 20:15:03,805 - INFO - 	                  (13, 0.5320832789817117),
2026-08-19 20:15:03,805 - INFO - 	                  (14, 0.5624026121550129),
2026-08-19 20:15:03,805 - INFO - 	                  (15, 0.5759315276504016),
2026-08-19 20:15:03,805 - INFO - 	                  (16, 0.6475013540371313),
2026-08-19 20:15:03,805 - INFO - 	                  (17, 0.6831980621996584),
2026-08-19 20:15:03,805 - INFO - 	                  (18, 0.659891165923797),
2026-08-19 20:15:03,805 - INFO - 	                  (19, 0.6967356469622875),
2026-08-19 20:15:03,805 - INFO - 	                  (20, 0.9027326792625245),
2026-08-19 20:15:03,805 - INFO - 	                  (21, 0.9576821151659279),
2026-08-19 20:15:03,806 - INFO - 	                  (22, 0.9595152603039183),
2026-08-19 20:15:03,806 - INFO - 	                  (23, 0.9931642589642545),
2026-08-19 20:15:03,806 - INFO - 	                  (24, 0.9894989928050083),
2026-08-19 20:15:03,806 - INFO - 	                  (25, 0.9931567328970897),
2026-08-19 20:15:03,806 - INFO - 	                  (26, 0.9931691651979125),
2026-08-19 20:15:03,806 - INFO - 	                  (27, 0.9931691651979125)],
2026-08-19 20:15:03,806 - INFO - 	 'weighted_f1': [(1, 0.8638124705351421),
2026-08-19 20:15:03,806 - INFO - 	                 (2, 0.9897654528505363),
2026-08-19 20:15:03,806 - INFO - 	                 (3, 0.9897654528505363),
2026-08-19 20:15:03,806 - INFO - 	                 (4, 0.9897654528505363),
2026-08-19 20:15:03,806 - INFO - 	                 (5, 0.9897654528505363),
2026-08-19 20:15:03,806 - INFO - 	                 (6, 0.9897654528505363),
2026-08-19 20:15:03,807 - INFO - 	                 (7, 0.9897654528505363),
2026-08-19 20:15:03,807 - INFO - 	                 (8, 0.9897653694931695),
2026-08-19 20:15:03,807 - INFO - 	                 (9, 0.7342049183056467),
2026-08-19 20:15:03,807 - INFO - 	                 (10, 0.6555072233522384),
2026-08-19 20:15:03,807 - INFO - 	                 (11, 0.6470216054968544),
2026-08-19 20:15:03,807 - INFO - 	                 (12, 0.6138358849474427),
2026-08-19 20:15:03,807 - INFO - 	                 (13, 0.6914755262002867),
2026-08-19 20:15:03,807 - INFO - 	                 (14, 0.7166149081225852),
2026-08-19 20:15:03,807 - INFO - 	                 (15, 0.7275331197066758),
2026-08-19 20:15:03,807 - INFO - 	                 (16, 0.7820418576080942),
2026-08-19 20:15:03,807 - INFO - 	                 (17, 0.8074246299292583),
2026-08-19 20:15:03,807 - INFO - 	                 (18, 0.79093713525233),
2026-08-19 20:15:03,807 - INFO - 	                 (19, 0.8168114295347162),
2026-08-19 20:15:03,807 - INFO - 	                 (20, 0.9429748753377147),
2026-08-19 20:15:03,807 - INFO - 	                 (21, 0.9718383241589899),
2026-08-19 20:15:03,808 - INFO - 	                 (22, 0.9727542223298551),
2026-08-19 20:15:03,808 - INFO - 	                 (23, 0.9897638276367541),
2026-08-19 20:15:03,808 - INFO - 	                 (24, 0.9879342290738607),
2026-08-19 20:15:03,808 - INFO - 	                 (25, 0.9897592367343618),
2026-08-19 20:15:03,808 - INFO - 	                 (26, 0.9897654528505363),
2026-08-19 20:15:03,808 - INFO - 	                 (27, 0.9897654528505363)],
2026-08-19 20:15:03,808 - INFO - 	 'weighted_precision': [(1, 0.9851775940191785),
2026-08-19 20:15:03,808 - INFO - 	                        (2, 0.9863849906999185),
2026-08-19 20:15:03,808 - INFO - 	                        (3, 0.9863849906999185),
2026-08-19 20:15:03,808 - INFO - 	                        (4, 0.9863849906999185),
2026-08-19 20:15:03,808 - INFO - 	                        (5, 0.9863849906999185),
2026-08-19 20:15:03,808 - INFO - 	                        (6, 0.9863849906999185),
2026-08-19 20:15:03,808 - INFO - 	                        (7, 0.9863849906999185),
2026-08-19 20:15:03,808 - INFO - 	                        (8, 0.9863849895688834),
2026-08-19 20:15:03,808 - INFO - 	                        (9, 0.9876471755038253),
2026-08-19 20:15:03,808 - INFO - 	                        (10, 0.9870968544145217),
2026-08-19 20:15:03,809 - INFO - 	                        (11, 0.9869776177509193),
2026-08-19 20:15:03,809 - INFO - 	                        (12, 0.9866177558416859),
2026-08-19 20:15:03,809 - INFO - 	                        (13, 0.9873588647120243),
2026-08-19 20:15:03,809 - INFO - 	                        (14, 0.9874989579631849),
2026-08-19 20:15:03,809 - INFO - 	                        (15, 0.9876044949017572),
2026-08-19 20:15:03,809 - INFO - 	                        (16, 0.9872485454793076),
2026-08-19 20:15:03,809 - INFO - 	                        (17, 0.9869283532351686),
2026-08-19 20:15:03,809 - INFO - 	                        (18, 0.9870027933789068),
2026-08-19 20:15:03,809 - INFO - 	                        (19, 0.98695069618302),
2026-08-19 20:15:03,809 - INFO - 	                        (20, 0.9869736819434562),
2026-08-19 20:15:03,809 - INFO - 	                        (21, 0.9864193190572277),
2026-08-19 20:15:03,809 - INFO - 	                        (22, 0.9863636260879649),
2026-08-19 20:15:03,809 - INFO - 	                        (23, 0.9863866018940501),
2026-08-19 20:15:03,809 - INFO - 	                        (24, 0.9863744064688882),
2026-08-19 20:15:03,809 - INFO - 	                        (25, 0.9863849063559716),
2026-08-19 20:15:03,809 - INFO - 	                        (26, 0.9863849906999185),
2026-08-19 20:15:03,810 - INFO - 	                        (27, 0.9863849906999185)],
2026-08-19 20:15:03,810 - INFO - 	 'weighted_recall': [(1, 0.7692778126467031),
2026-08-19 20:15:03,810 - INFO - 	                     (2, 0.9931691651979125),
2026-08-19 20:15:03,810 - INFO - 	                     (3, 0.9931691651979125),
2026-08-19 20:15:03,810 - INFO - 	                     (4, 0.9931691651979125),
2026-08-19 20:15:03,810 - INFO - 	                     (5, 0.9931691651979125),
2026-08-19 20:15:03,810 - INFO - 	                     (6, 0.9931691651979125),
2026-08-19 20:15:03,810 - INFO - 	                     (7, 0.9931691651979125),
2026-08-19 20:15:03,810 - INFO - 	                     (8, 0.9931689984812349),
2026-08-19 20:15:03,810 - INFO - 	                     (9, 0.5843284989228078),
2026-08-19 20:15:03,810 - INFO - 	                     (10, 0.4907323270616345),
2026-08-19 20:15:03,810 - INFO - 	                     (11, 0.4813116439381423),
2026-08-19 20:15:03,810 - INFO - 	                     (12, 0.4455638728389023),
2026-08-19 20:15:03,810 - INFO - 	                     (13, 0.5320832789817117),
2026-08-19 20:15:03,810 - INFO - 	                     (14, 0.5624026121550129),
2026-08-19 20:15:03,811 - INFO - 	                     (15, 0.5759315276504016),
2026-08-19 20:15:03,811 - INFO - 	                     (16, 0.6475013540371313),
2026-08-19 20:15:03,811 - INFO - 	                     (17, 0.6831980621996584),
2026-08-19 20:15:03,811 - INFO - 	                     (18, 0.659891165923797),
2026-08-19 20:15:03,811 - INFO - 	                     (19, 0.6967356469622875),
2026-08-19 20:15:03,811 - INFO - 	                     (20, 0.9027326792625245),
2026-08-19 20:15:03,811 - INFO - 	                     (21, 0.9576821151659279),
2026-08-19 20:15:03,811 - INFO - 	                     (22, 0.9595152603039183),
2026-08-19 20:15:03,811 - INFO - 	                     (23, 0.9931642589642545),
2026-08-19 20:15:03,811 - INFO - 	                     (24, 0.9894989928050083),
2026-08-19 20:15:03,811 - INFO - 	                     (25, 0.9931567328970897),
2026-08-19 20:15:03,811 - INFO - 	                     (26, 0.9931691651979125),
2026-08-19 20:15:03,811 - INFO - 	                     (27, 0.9931691651979125)]}
2026-08-19 20:15:03,811 - INFO - 
2026-08-19 20:15:03,816 - INFO - Nap global test: /kaggle/input/datasets/tongxuanvu/100clientiov/global_test_data.pt
2026-08-19 20:15:05,635 - INFO - Global test goc: n=42048683
2026-08-19 20:15:07,375 - INFO - Task 3: loc ve lop 0-10 -> n=41995397
2026-08-19 20:15:07,375 - INFO - Danh gia moi round tren n=41995397 mau (dtype=float16)
2026-08-19 20:15:07,418 - INFO - ===== Task 3: 80 client, 30 round =====
2026-08-19 20:15:07,419 - WARNING - DEPRECATED FEATURE: flwr.simulation.start_simulation() is deprecated.
	Instead, use the `flwr run` CLI command to start a local simulation in your Flower app, as shown for example below:

		$ flwr new  # Create a new Flower app from a template

		$ flwr run  # Run the Flower app in Simulation Mode

	Using `start_simulation()` is deprecated.

            This is a deprecated feature. It will be removed
            entirely in future versions of Flower.
        
2026-08-19 20:15:07,419 - INFO - Starting Flower simulation, config: num_rounds=30, no round_timeout
2026-08-19 20:15:17,822 - INFO - Flower VCE: Ray initialized with resources: {'CPU': 4.0, 'accelerator_type:T4': 1.0, 'object_store_memory': 8099678208.0, 'node:172.19.2.2': 1.0, 'GPU': 2.0, 'memory': 18899249152.0, 'node:__internal_head__': 1.0}
2026-08-19 20:15:17,822 - INFO - Optimize your simulation with Flower VCE: https://flower.ai/docs/framework/how-to-run-simulations.html
2026-08-19 20:15:17,822 - INFO - Flower VCE: Resources for each Virtual Client: {'num_cpus': 1.0, 'num_gpus': 0.5}
2026-08-19 20:15:17,840 - INFO - Flower VCE: Creating VirtualClientEngineActorPool with 4 actors
2026-08-19 20:15:17,842 - INFO - [INIT]
2026-08-19 20:15:17,843 - INFO - Using initial global parameters provided by strategy
2026-08-19 20:15:17,843 - INFO - Starting evaluation of initial global parameters
2026-08-19 20:15:17,846 - INFO - Evaluation returned no results (`None`)
2026-08-19 20:15:17,846 - INFO - 
2026-08-19 20:15:17,846 - INFO - [ROUND 1]
2026-08-19 20:15:17,846 - INFO - configure_fit: strategy sampled 80 clients (out of 80)
2026-08-19 20:15:34,916 - INFO - aggregate_fit: received 80 results and 0 failures
2026-08-19 20:15:35,039 - WARNING - No fit_metrics_aggregation_fn provided
2026-08-19 20:15:35,040 - INFO - Eq.9 p(y) tu client: 0.000 0.000 0.000 0.000 0.000 0.000 0.000 0.000 0.000 0.282 0.718 0.000 0.000
2026-08-19 20:15:52,753 - INFO - [Round 1] data-free KD 30 vong: gen_loss=18.1940 stu_loss=16.6560 (CE 16.0987)
2026-08-19 20:15:52,798 - INFO - [Round 92] luu checkpoint -> out_full/checkpoints/round_092.pth
2026-08-19 20:23:58,021 - INFO - [Round 92] loss=0.6088 acc=0.9930 | micro P/R/F1=0.9930/0.9930/0.9930 | macro P/R/F1=0.0903/0.0909/0.0906 | weighted P/R/F1=0.9860/0.9930/0.9895
2026-08-19 20:23:58,023 - INFO - fit progress: (1, 0.6087868515077619, {'accuracy': 0.992980063981774, 'micro_precision': 0.992980063981774, 'micro_recall': 0.992980063981774, 'micro_f1': 0.992980063981774, 'macro_precision': 0.090270914907434, 'macro_recall': 0.09090909090909091, 'macro_f1': 0.09058887897461632, 'weighted_precision': 0.986009407465248, 'weighted_recall': 0.992980063981774, 'weighted_f1': 0.9894824592427686}, 520.1767262609992)
2026-08-19 20:23:58,023 - INFO - configure_evaluate: no clients selected, skipping evaluation
2026-08-19 20:23:58,023 - INFO - 
2026-08-19 20:23:58,023 - INFO - [ROUND 2]
2026-08-19 20:23:58,023 - INFO - configure_fit: strategy sampled 80 clients (out of 80)
2026-08-19 20:23:59,772 - INFO - aggregate_fit: received 80 results and 0 failures
2026-08-19 20:23:59,907 - INFO - [Round 2] 80/80 client tiep tuc model cuc bo (Algorithm 1 dong 10)
2026-08-19 20:24:18,559 - INFO - [Round 2] data-free KD 30 vong: gen_loss=16.5395 stu_loss=9.7317 (CE 9.2446)
2026-08-19 20:24:18,606 - INFO - [Round 93] luu checkpoint -> out_full/checkpoints/round_093.pth
2026-08-19 20:32:28,211 - INFO - [Round 93] loss=0.6954 acc=0.9928 | micro P/R/F1=0.9928/0.9928/0.9928 | macro P/R/F1=0.0903/0.0909/0.0906 | weighted P/R/F1=0.9860/0.9928/0.9894
2026-08-19 20:32:28,212 - INFO - fit progress: (2, 0.695414996625016, {'accuracy': 0.9927734699114763, 'micro_precision': 0.9927734699114763, 'micro_recall': 0.9927734699114763, 'micro_f1': 0.9927734699114763, 'macro_precision': 0.09027096148584657, 'macro_recall': 0.09089017685452, 'macro_f1': 0.09057951091984241, 'weighted_precision': 0.986009916231034, 'weighted_recall': 0.9927734699114763, 'weighted_f1': 0.989380134034852}, 1030.3666570959995)
2026-08-19 20:32:28,213 - INFO - configure_evaluate: no clients selected, skipping evaluation
2026-08-19 20:32:28,213 - INFO - 
2026-08-19 20:32:28,213 - INFO - [ROUND 3]
2026-08-19 20:32:28,213 - INFO - configure_fit: strategy sampled 80 clients (out of 80)
2026-08-19 20:32:29,921 - INFO - aggregate_fit: received 80 results and 0 failures
2026-08-19 20:32:30,062 - INFO - [Round 3] 80/80 client tiep tuc model cuc bo (Algorithm 1 dong 10)
2026-08-19 20:32:48,790 - INFO - [Round 3] data-free KD 30 vong: gen_loss=16.5275 stu_loss=6.5538 (CE 5.3874)
2026-08-19 20:32:48,839 - INFO - [Round 94] luu checkpoint -> out_full/checkpoints/round_094.pth
2026-08-19 20:41:09,028 - INFO - [Round 94] loss=0.7409 acc=0.9930 | micro P/R/F1=0.9930/0.9930/0.9930 | macro P/R/F1=0.0903/0.0909/0.0906 | weighted P/R/F1=0.9860/0.9930/0.9895
2026-08-19 20:41:09,030 - INFO - fit progress: (3, 0.7408860668628655, {'accuracy': 0.992980063981774, 'micro_precision': 0.992980063981774, 'micro_recall': 0.992980063981774, 'micro_f1': 0.992980063981774, 'macro_precision': 0.090270914907434, 'macro_recall': 0.09090909090909091, 'macro_f1': 0.09058887897461632, 'weighted_precision': 0.986009407465248, 'weighted_recall': 0.992980063981774, 'weighted_f1': 0.9894824592427686}, 1551.1841021580003)
2026-08-19 20:41:09,030 - INFO - configure_evaluate: no clients selected, skipping evaluation
2026-08-19 20:41:09,030 - INFO - 
2026-08-19 20:41:09,030 - INFO - [ROUND 4]
2026-08-19 20:41:09,031 - INFO - configure_fit: strategy sampled 80 clients (out of 80)
2026-08-19 20:41:10,672 - INFO - aggregate_fit: received 80 results and 0 failures
2026-08-19 20:41:10,806 - INFO - [Round 4] 80/80 client tiep tuc model cuc bo (Algorithm 1 dong 10)
2026-08-19 20:41:29,699 - INFO - [Round 4] data-free KD 30 vong: gen_loss=17.3511 stu_loss=5.4713 (CE 3.7317)
2026-08-19 20:41:29,749 - INFO - [Round 95] luu checkpoint -> out_full/checkpoints/round_095.pth
2026-08-19 20:49:39,589 - INFO - [Round 95] loss=0.9272 acc=0.9930 | micro P/R/F1=0.9930/0.9930/0.9930 | macro P/R/F1=0.0903/0.0909/0.0906 | weighted P/R/F1=0.9860/0.9930/0.9895
2026-08-19 20:49:42,426 - INFO - Luu out_full/confusion_matrix_task3.csv
2026-08-19 20:49:42,427 - INFO - Luu out_full/confusion_matrix_task3_normalized.csv
2026-08-19 20:49:50,965 - INFO - Luu out_full/classification_report_task3.txt
                 precision    recall  f1-score   support

         Benign     0.9930    1.0000    0.9965  41700592
            DoS     0.0000    0.0000    0.0000    145129
         double     0.0000    0.0000    0.0000     12413
  force-neutral     0.0000    0.0000    0.0000      5744
        fuzzing     0.0000    0.0000    0.0000     67321
       interval     0.0000    0.0000    0.0000     40542
            rpm     0.0000    0.0000    0.0000      5043
  rpm-accessory     0.0000    0.0000    0.0000      3146
          speed     0.0000    0.0000    0.0000      7471
speed-accessory     0.0000    0.0000    0.0000      2257
     standstill     0.0000    0.0000    0.0000      5739

       accuracy                         0.9930  41995397
      macro avg     0.0903    0.0909    0.0906  41995397
   weighted avg     0.9860    0.9930    0.9895  41995397

2026-08-19 20:49:51,448 - INFO - Luu out_full/confusion_matrix_task3.png
2026-08-19 20:49:51,450 - INFO - fit progress: (4, 0.927200319620966, {'accuracy': 0.992980063981774, 'micro_precision': 0.992980063981774, 'micro_recall': 0.992980063981774, 'micro_f1': 0.992980063981774, 'macro_precision': 0.090270914907434, 'macro_recall': 0.09090909090909091, 'macro_f1': 0.09058887897461632, 'weighted_precision': 0.986009407465248, 'weighted_recall': 0.992980063981774, 'weighted_f1': 0.9894824592427686}, 2073.6038452039993)
2026-08-19 20:49:51,450 - INFO - configure_evaluate: no clients selected, skipping evaluation
2026-08-19 20:49:51,450 - INFO - 
2026-08-19 20:49:51,450 - INFO - [ROUND 5]
2026-08-19 20:49:51,450 - INFO - configure_fit: strategy sampled 80 clients (out of 80)
2026-08-19 20:49:53,085 - INFO - aggregate_fit: received 80 results and 0 failures
2026-08-19 20:49:53,218 - INFO - [Round 5] 80/80 client tiep tuc model cuc bo (Algorithm 1 dong 10)
2026-08-19 20:50:12,050 - INFO - [Round 5] data-free KD 30 vong: gen_loss=18.3035 stu_loss=5.0389 (CE 3.0952)
2026-08-19 20:50:12,097 - INFO - [Round 96] luu checkpoint -> out_full/checkpoints/round_096.pth
2026-08-19 20:58:26,392 - INFO - [Round 96] loss=0.9742 acc=0.9930 | micro P/R/F1=0.9930/0.9930/0.9930 | macro P/R/F1=0.0903/0.0909/0.0906 | weighted P/R/F1=0.9860/0.9930/0.9895
2026-08-19 20:58:26,393 - INFO - fit progress: (5, 0.9742037949591837, {'accuracy': 0.9929784447566956, 'micro_precision': 0.9929784447566956, 'micro_recall': 0.9929784447566956, 'micro_f1': 0.9929784447566956, 'macro_precision': 0.09027091387408175, 'macro_recall': 0.09090894266615514, 'macro_f1': 0.09058880485400782, 'weighted_precision': 0.986009396178168, 'weighted_recall': 0.9929784447566956, 'weighted_f1': 0.9894816496396163}, 2588.5475510020005)
2026-08-19 20:58:26,394 - INFO - configure_evaluate: no clients selected, skipping evaluation
2026-08-19 20:58:26,394 - INFO - 
2026-08-19 20:58:26,394 - INFO - [ROUND 6]
2026-08-19 20:58:26,394 - INFO - configure_fit: strategy sampled 80 clients (out of 80)
2026-08-19 20:58:27,993 - INFO - aggregate_fit: received 80 results and 0 failures
2026-08-19 20:58:28,123 - INFO - [Round 6] 80/80 client tiep tuc model cuc bo (Algorithm 1 dong 10)
2026-08-19 20:58:46,663 - INFO - [Round 6] data-free KD 30 vong: gen_loss=18.9345 stu_loss=4.6004 (CE 2.7403)
2026-08-19 20:58:46,709 - INFO - [Round 97] luu checkpoint -> out_full/checkpoints/round_097.pth
2026-08-19 21:07:06,285 - INFO - [Round 97] loss=1.1072 acc=0.9930 | micro P/R/F1=0.9930/0.9930/0.9930 | macro P/R/F1=0.0903/0.0909/0.0906 | weighted P/R/F1=0.9860/0.9930/0.9895
2026-08-19 21:07:06,287 - INFO - fit progress: (6, 1.1071887021993505, {'accuracy': 0.992980063981774, 'micro_precision': 0.992980063981774, 'micro_recall': 0.992980063981774, 'micro_f1': 0.992980063981774, 'macro_precision': 0.090270914907434, 'macro_recall': 0.09090909090909091, 'macro_f1': 0.09058887897461632, 'weighted_precision': 0.986009407465248, 'weighted_recall': 0.992980063981774, 'weighted_f1': 0.9894824592427686}, 3108.4411255000014)
2026-08-19 21:07:06,287 - INFO - configure_evaluate: no clients selected, skipping evaluation
2026-08-19 21:07:06,287 - INFO - 
2026-08-19 21:07:06,287 - INFO - [ROUND 7]
2026-08-19 21:07:06,288 - INFO - configure_fit: strategy sampled 80 clients (out of 80)
2026-08-19 21:07:07,905 - INFO - aggregate_fit: received 80 results and 0 failures
2026-08-19 21:07:08,037 - INFO - [Round 7] 80/80 client tiep tuc model cuc bo (Algorithm 1 dong 10)
2026-08-19 21:07:26,877 - INFO - [Round 7] data-free KD 30 vong: gen_loss=19.7105 stu_loss=4.1939 (CE 2.4173)
2026-08-19 21:07:26,925 - INFO - [Round 98] luu checkpoint -> out_full/checkpoints/round_098.pth
2026-08-19 21:15:39,998 - INFO - [Round 98] loss=1.0004 acc=0.9930 | micro P/R/F1=0.9930/0.9930/0.9930 | macro P/R/F1=0.0903/0.0909/0.0906 | weighted P/R/F1=0.9860/0.9930/0.9895
2026-08-19 21:15:39,999 - INFO - fit progress: (7, 1.000359991242522, {'accuracy': 0.992980063981774, 'micro_precision': 0.992980063981774, 'micro_recall': 0.992980063981774, 'micro_f1': 0.992980063981774, 'macro_precision': 0.090270914907434, 'macro_recall': 0.09090909090909091, 'macro_f1': 0.09058887897461632, 'weighted_precision': 0.986009407465248, 'weighted_recall': 0.992980063981774, 'weighted_f1': 0.9894824592427686}, 3622.1534268210016)
2026-08-19 21:15:40,999 - INFO - configure_evaluate: no clients selected, skipping evaluation
2026-08-19 21:15:40,000 - INFO - 
2026-08-19 21:15:40,000 - INFO - [ROUND 8]
2026-08-19 21:15:40,000 - INFO - configure_fit: strategy sampled 80 clients (out of 80)
2026-08-19 21:15:41,557 - INFO - aggregate_fit: received 80 results and 0 failures
2026-08-19 21:15:41,686 - INFO - [Round 8] 80/80 client tiep tuc model cuc bo (Algorithm 1 dong 10)
2026-08-19 21:15:59,906 - INFO - [Round 8] data-free KD 30 vong: gen_loss=20.6584 stu_loss=3.8370 (CE 2.0975)
2026-08-19 21:15:59,952 - INFO - [Round 99] luu checkpoint -> out_full/checkpoints/round_099.pth
2026-08-19 21:24:07,774 - INFO - [Round 99] loss=0.9038 acc=0.9930 | micro P/R/F1=0.9930/0.9930/0.9930 | macro P/R/F1=0.0903/0.0909/0.0906 | weighted P/R/F1=0.9860/0.9930/0.9895
2026-08-19 21:24:07,775 - INFO - fit progress: (8, 0.9037757571599524, {'accuracy': 0.992980063981774, 'micro_precision': 0.992980063981774, 'micro_recall': 0.992980063981774, 'micro_f1': 0.992980063981774, 'macro_precision': 0.090270914907434, 'macro_recall': 0.09090909090909091, 'macro_f1': 0.09058887897461632, 'weighted_precision': 0.986009407465248, 'weighted_recall': 0.992980063981774, 'weighted_f1': 0.9894824592427686}, 4129.929414720002)
2026-08-19 21:24:07,776 - INFO - configure_evaluate: no clients selected, skipping evaluation
2026-08-19 21:24:07,776 - INFO - 
2026-08-19 21:24:07,776 - INFO - [ROUND 9]
2026-08-19 21:24:07,776 - INFO - configure_fit: strategy sampled 80 clients (out of 80)
2026-08-19 21:24:09,305 - INFO - aggregate_fit: received 80 results and 0 failures
2026-08-19 21:24:09,432 - INFO - [Round 9] 80/80 client tiep tuc model cuc bo (Algorithm 1 dong 10)
2026-08-19 21:24:27,815 - INFO - [Round 9] data-free KD 30 vong: gen_loss=21.5213 stu_loss=3.3731 (CE 1.7537)
2026-08-19 21:24:27,860 - INFO - [Round 100] luu checkpoint -> out_full/checkpoints/round_100.pth
2026-08-19 21:32:35,776 - INFO - [Round 100] loss=1.1327 acc=0.9928 | micro P/R/F1=0.9928/0.9928/0.9928 | macro P/R/F1=0.0903/0.0909/0.0906 | weighted P/R/F1=0.9860/0.9928/0.9894
2026-08-19 21:32:38,723 - INFO - Luu out_full/confusion_matrix_task3.csv
2026-08-19 21:32:38,724 - INFO - Luu out_full/confusion_matrix_task3_normalized.csv
2026-08-19 21:32:47,210 - INFO - Luu out_full/classification_report_task3.txt
                 precision    recall  f1-score   support

         Benign     0.9930    0.9999    0.9964  41700592
            DoS     0.0000    0.0000    0.0000    145129
         double     0.0000    0.0000    0.0000     12413
  force-neutral     0.0000    0.0000    0.0000      5744
        fuzzing     0.0000    0.0000    0.0000     67321
       interval     0.0000    0.0000    0.0000     40542
            rpm     0.0000    0.0000    0.0000      5043
  rpm-accessory     0.0000    0.0000    0.0000      3146
          speed     0.0000    0.0000    0.0000      7471
speed-accessory     0.0000    0.0000    0.0000      2257
     standstill     0.0000    0.0000    0.0000      5739

       accuracy                         0.9928  41995397
      macro avg     0.0903    0.0909    0.0906  41995397
   weighted avg     0.9860    0.9928    0.9894  41995397

2026-08-19 21:32:47,653 - INFO - Luu out_full/confusion_matrix_task3.png
2026-08-19 21:32:47,654 - INFO - fit progress: (9, 1.1326614233920322, {'accuracy': 0.9928354290828588, 'micro_precision': 0.9928354290828588, 'micro_recall': 0.9928354290828588, 'micro_f1': 0.9928354290828588, 'macro_precision': 0.09027082689126426, 'macro_recall': 0.09089584932685674, 'macro_f1': 0.09058225994983954, 'weighted_precision': 0.9860084460839275, 'weighted_recall': 0.9928354290828588, 'weighted_f1': 0.9894101610866588}, 4649.8082518420015)
2026-08-19 21:32:47,654 - INFO - configure_evaluate: no clients selected, skipping evaluation
2026-08-19 21:32:47,654 - INFO - 
2026-08-19 21:32:47,654 - INFO - [ROUND 10]
2026-08-19 21:32:47,655 - INFO - configure_fit: strategy sampled 80 clients (out of 80)
2026-08-19 21:32:49,228 - INFO - aggregate_fit: received 80 results and 0 failures
2026-08-19 21:32:49,358 - INFO - [Round 10] 80/80 client tiep tuc model cuc bo (Algorithm 1 dong 10)
2026-08-19 21:33:07,619 - INFO - [Round 10] data-free KD 30 vong: gen_loss=22.1046 stu_loss=3.0542 (CE 1.3808)
2026-08-19 21:33:07,666 - INFO - [Round 101] luu checkpoint -> out_full/checkpoints/round_101.pth
2026-08-19 21:41:21,214 - INFO - [Round 101] loss=1.2561 acc=0.1678 | micro P/R/F1=0.1678/0.1678/0.1678 | macro P/R/F1=0.0898/0.1063/0.0263 | weighted P/R/F1=0.9810/0.1678/0.2864
2026-08-19 21:41:21,215 - INFO - fit progress: (10, 1.2561470842775364, {'accuracy': 0.16781817778743705, 'micro_precision': 0.16781817778743705, 'micro_recall': 0.16781817778743705, 'micro_f1': 0.16781817778743705, 'macro_precision': 0.08983021584316829, 'macro_recall': 0.10626063228856014, 'macro_f1': 0.02625117432443803, 'weighted_precision': 0.9810323329607294, 'weighted_recall': 0.16781817778743705, 'weighted_f1': 0.28640904360992986}, 5163.369126209)
2026-08-19 21:41:21,215 - INFO - configure_evaluate: no clients selected, skipping evaluation
2026-08-19 21:41:21,215 - INFO - 
2026-08-19 21:41:21,215 - INFO - [ROUND 11]
2026-08-19 21:41:21,215 - INFO - configure_fit: strategy sampled 80 clients (out of 80)
2026-08-19 21:41:22,759 - INFO - aggregate_fit: received 80 results and 0 failures
2026-08-19 21:41:22,883 - INFO - [Round 11] 80/80 client tiep tuc model cuc bo (Algorithm 1 dong 10)
2026-08-19 21:41:41,654 - INFO - [Round 11] data-free KD 30 vong: gen_loss=23.0299 stu_loss=2.6981 (CE 1.0695)
2026-08-19 21:41:41,700 - INFO - [Round 102] luu checkpoint -> out_full/checkpoints/round_102.pth
2026-08-19 21:49:59,070 - INFO - [Round 102] loss=1.5799 acc=0.0001 | micro P/R/F1=0.0001/0.0001/0.0001 | macro P/R/F1=0.0909/0.0909/0.0000 | weighted P/R/F1=0.9930/0.0001/0.0000
2026-08-19 21:49:59,071 - INFO - fit progress: (11, 1.57987780227064, {'accuracy': 0.00013672927059125075, 'micro_precision': 0.00013672927059125075, 'micro_recall': 0.00013672927059125075, 'micro_f1': 0.00013672927059125075, 'macro_precision': 0.09092151434945027, 'macro_recall': 0.09090909744922043, 'macro_f1': 2.4856565919652893e-05, 'weighted_precision': 0.992980082657139, 'weighted_recall': 0.00013672927059125075, 'weighted_f1': 1.8021841714413987e-07}, 5681.225589549002)
2026-08-19 21:49:59,072 - INFO - configure_evaluate: no clients selected, skipping evaluation
2026-08-19 21:49:59,072 - INFO - 
2026-08-19 21:49:59,072 - INFO - [ROUND 12]
2026-08-19 21:49:59,072 - INFO - configure_fit: strategy sampled 80 clients (out of 80)
2026-08-19 21:50:00,598 - INFO - aggregate_fit: received 80 results and 0 failures
2026-08-19 21:50:00,723 - INFO - [Round 12] 80/80 client tiep tuc model cuc bo (Algorithm 1 dong 10)
2026-08-19 21:50:18,436 - INFO - [Round 12] data-free KD 30 vong: gen_loss=23.6607 stu_loss=2.4061 (CE 0.8877)
2026-08-19 21:50:18,480 - INFO - [Round 103] luu checkpoint -> out_full/checkpoints/round_103.pth
2026-08-19 21:58:35,591 - INFO - [Round 103] loss=1.6665 acc=0.0001 | micro P/R/F1=0.0001/0.0001/0.0001 | macro P/R/F1=0.0000/0.0909/0.0000 | weighted P/R/F1=0.0000/0.0001/0.0000
2026-08-19 21:58:35,593 - INFO - fit progress: (12, 1.666528102515163, {'accuracy': 0.00013665783419073286, 'micro_precision': 0.00013665783419073286, 'micro_recall': 0.00013665783419073286, 'micro_f1': 0.00013665783419073286, 'macro_precision': 1.2423439471884806e-05, 'macro_recall': 0.09090909090909091, 'macro_f1': 2.484348388706785e-05, 'weighted_precision': 1.8675363645701835e-08, 'weighted_recall': 0.00013665783419073286, 'weighted_f1': 3.7345623719349683e-08}, 6197.746783131999)
2026-08-19 21:58:35,593 - INFO - configure_evaluate: no clients selected, skipping evaluation
2026-08-19 21:58:35,593 - INFO - 
2026-08-19 21:58:35,593 - INFO - [ROUND 13]
2026-08-19 21:58:35,593 - INFO - configure_fit: strategy sampled 80 clients (out of 80)
2026-08-19 21:58:37,240 - INFO - aggregate_fit: received 80 results and 0 failures
2026-08-19 21:58:37,371 - INFO - [Round 13] 80/80 client tiep tuc model cuc bo (Algorithm 1 dong 10)
2026-08-19 21:58:56,037 - INFO - [Round 13] data-free KD 30 vong: gen_loss=24.6541 stu_loss=2.2506 (CE 0.7541)
2026-08-19 21:58:56,083 - INFO - [Round 104] luu checkpoint -> out_full/checkpoints/round_104.pth
2026-08-19 22:07:27,293 - INFO - [Round 104] loss=1.7226 acc=0.0001 | micro P/R/F1=0.0001/0.0001/0.0001 | macro P/R/F1=0.0000/0.0909/0.0000 | weighted P/R/F1=0.0000/0.0001/0.0000
2026-08-19 22:07:27,295 - INFO - fit progress: (13, 1.7226099797740606, {'accuracy': 0.00013665783419073286, 'micro_precision': 0.00013665783419073286, 'micro_recall': 0.00013665783419073286, 'micro_f1': 0.00013665783419073286, 'macro_precision': 1.2423439471884806e-05, 'macro_recall': 0.09090909090909091, 'macro_f1': 2.484348388706785e-05, 'weighted_precision': 1.8675363645701835e-08, 'weighted_recall': 0.00013665783419073286, 'weighted_f1': 3.7345623719349683e-08}, 6729.449189012001)
2026-08-19 22:07:27,295 - INFO - configure_evaluate: no clients selected, skipping evaluation
2026-08-19 22:07:27,295 - INFO - 
2026-08-19 22:07:27,295 - INFO - [ROUND 14]
2026-08-19 22:07:27,296 - INFO - configure_fit: strategy sampled 80 clients (out of 80)
2026-08-19 22:07:28,915 - INFO - aggregate_fit: received 80 results and 0 failures
2026-08-19 22:07:29,045 - INFO - [Round 14] 80/80 client tiep tuc model cuc bo (Algorithm 1 dong 10)
2026-08-19 22:07:47,986 - INFO - [Round 14] data-free KD 30 vong: gen_loss=25.4431 stu_loss=2.0586 (CE 0.6180)
2026-08-19 22:07:48,034 - INFO - [Round 105] luu checkpoint -> out_full/checkpoints/round_105.pth
2026-08-19 22:16:26,378 - INFO - [Round 105] loss=1.6323 acc=0.0001 | micro P/R/F1=0.0001/0.0001/0.0001 | macro P/R/F1=0.0000/0.0909/0.0000 | weighted P/R/F1=0.0000/0.0001/0.0000
2026-08-19 22:16:29,347 - INFO - Luu out_full/confusion_matrix_task3.csv
2026-08-19 22:16:29,348 - INFO - Luu out_full/confusion_matrix_task3_normalized.csv
2026-08-19 22:16:37,170 - INFO - Luu out_full/classification_report_task3.txt
                 precision    recall  f1-score   support

         Benign     0.0000    0.0000    0.0000  41700592
            DoS     0.0000    0.0000    0.0000    145129
         double     0.0000    0.0000    0.0000     12413
  force-neutral     0.0000    0.0000    0.0000      5744
        fuzzing     0.0000    0.0000    0.0000     67321
       interval     0.0000    0.0000    0.0000     40542
            rpm     0.0000    0.0000    0.0000      5043
  rpm-accessory     0.0000    0.0000    0.0000      3146
          speed     0.0000    0.0000    0.0000      7471
speed-accessory     0.0000    0.0000    0.0000      2257
     standstill     0.0001    1.0000    0.0003      5739

       accuracy                         0.0001  41995397
      macro avg     0.0000    0.0909    0.0000  41995397
   weighted avg     0.0000    0.0001    0.0000  41995397

2026-08-19 22:16:37,644 - INFO - Luu out_full/confusion_matrix_task3.png
2026-08-19 22:16:37,646 - INFO - fit progress: (14, 1.6323107432751705, {'accuracy': 0.00013665783419073286, 'micro_precision': 0.00013665783419073286, 'micro_recall': 0.00013665783419073286, 'micro_f1': 0.00013665783419073286, 'macro_precision': 1.2423439471884806e-05, 'macro_recall': 0.09090909090909091, 'macro_f1': 2.484348388706785e-05, 'weighted_precision': 1.8675363645701835e-08, 'weighted_recall': 0.00013665783419073286, 'weighted_f1': 3.7345623719349683e-08}, 7279.7998146850005)
2026-08-19 22:16:37,646 - INFO - configure_evaluate: no clients selected, skipping evaluation
2026-08-19 22:16:37,646 - INFO - 
2026-08-19 22:16:37,646 - INFO - [ROUND 15]
2026-08-19 22:16:37,646 - INFO - configure_fit: strategy sampled 80 clients (out of 80)
2026-08-19 22:16:39,257 - INFO - aggregate_fit: received 80 results and 0 failures
2026-08-19 22:16:39,391 - INFO - [Round 15] 80/80 client tiep tuc model cuc bo (Algorithm 1 dong 10)
2026-08-19 22:16:58,251 - INFO - [Round 15] data-free KD 30 vong: gen_loss=25.2144 stu_loss=1.9540 (CE 0.5506)
2026-08-19 22:16:58,298 - INFO - [Round 106] luu checkpoint -> out_full/checkpoints/round_106.pth
2026-08-19 22:24:58,439 - INFO - [Round 106] loss=1.7681 acc=0.0001 | micro P/R/F1=0.0001/0.0001/0.0001 | macro P/R/F1=0.0000/0.0909/0.0000 | weighted P/R/F1=0.0000/0.0001/0.0000
2026-08-19 22:24:58,440 - INFO - fit progress: (15, 1.7680768120594632, {'accuracy': 0.00013665783419073286, 'micro_precision': 0.00013665783419073286, 'micro_recall': 0.00013665783419073286, 'micro_f1': 0.00013665783419073286, 'macro_precision': 1.2423439471884806e-05, 'macro_recall': 0.09090909090909091, 'macro_f1': 2.484348388706785e-05, 'weighted_precision': 1.8675363645701835e-08, 'weighted_recall': 0.00013665783419073286, 'weighted_f1': 3.7345623719349683e-08}, 7780.594514863002)
2026-08-19 22:24:58,441 - INFO - configure_evaluate: no clients selected, skipping evaluation
2026-08-19 22:24:58,441 - INFO - 
2026-08-19 22:24:58,441 - INFO - [ROUND 16]
2026-08-19 22:24:58,441 - INFO - configure_fit: strategy sampled 80 clients (out of 80)
2026-08-19 22:24:59,918 - INFO - aggregate_fit: received 80 results and 0 failures
2026-08-19 22:25:00,040 - INFO - [Round 16] 80/80 client tiep tuc model cuc bo (Algorithm 1 dong 10)
2026-08-19 22:25:18,250 - INFO - [Round 16] data-free KD 30 vong: gen_loss=25.5151 stu_loss=1.8021 (CE 0.5069)
2026-08-19 22:25:18,295 - INFO - [Round 107] luu checkpoint -> out_full/checkpoints/round_107.pth
2026-08-19 22:33:23,413 - INFO - [Round 107] loss=1.6787 acc=0.0001 | micro P/R/F1=0.0001/0.0001/0.0001 | macro P/R/F1=0.0000/0.0909/0.0000 | weighted P/R/F1=0.0000/0.0001/0.0000
2026-08-19 22:33:23,414 - INFO - fit progress: (16, 1.678661985233634, {'accuracy': 0.00013665783419073286, 'micro_precision': 0.00013665783419073286, 'micro_recall': 0.00013665783419073286, 'micro_f1': 0.00013665783419073286, 'macro_precision': 1.2423439471884806e-05, 'macro_recall': 0.09090909090909091, 'macro_f1': 2.484348388706785e-05, 'weighted_precision': 1.8675363645701835e-08, 'weighted_recall': 0.00013665783419073286, 'weighted_f1': 3.7345623719349683e-08}, 8285.568254875001)
2026-08-19 22:33:23,414 - INFO - configure_evaluate: no clients selected, skipping evaluation
2026-08-19 22:33:23,414 - INFO - 
2026-08-19 22:33:23,414 - INFO - [ROUND 17]
2026-08-19 22:33:23,415 - INFO - configure_fit: strategy sampled 80 clients (out of 80)
2026-08-19 22:33:24,980 - INFO - aggregate_fit: received 80 results and 0 failures
2026-08-19 22:33:25,106 - INFO - [Round 17] 80/80 client tiep tuc model cuc bo (Algorithm 1 dong 10)
2026-08-19 22:33:43,421 - INFO - [Round 17] data-free KD 30 vong: gen_loss=25.7510 stu_loss=1.7591 (CE 0.4810)
2026-08-19 22:33:43,468 - INFO - [Round 108] luu checkpoint -> out_full/checkpoints/round_108.pth
2026-08-19 22:41:39,576 - INFO - [Round 108] loss=1.8375 acc=0.0001 | micro P/R/F1=0.0001/0.0001/0.0001 | macro P/R/F1=0.0000/0.0909/0.0000 | weighted P/R/F1=0.0000/0.0001/0.0000
2026-08-19 22:41:39,578 - INFO - fit progress: (17, 1.8375043064911027, {'accuracy': 0.00013665783419073286, 'micro_precision': 0.00013665783419073286, 'micro_recall': 0.00013665783419073286, 'micro_f1': 0.00013665783419073286, 'macro_precision': 1.2423439471884806e-05, 'macro_recall': 0.09090909090909091, 'macro_f1': 2.484348388706785e-05, 'weighted_precision': 1.8675363645701835e-08, 'weighted_recall': 0.00013665783419073286, 'weighted_f1': 3.7345623719349683e-08}, 8781.731822730999)
2026-08-19 22:41:39,578 - INFO - configure_evaluate: no clients selected, skipping evaluation
2026-08-19 22:41:39,578 - INFO - 
2026-08-19 22:41:39,578 - INFO - [ROUND 18]
2026-08-19 22:41:39,578 - INFO - configure_fit: strategy sampled 80 clients (out of 80)
2026-08-19 22:41:41,113 - INFO - aggregate_fit: received 80 results and 0 failures
2026-08-19 22:41:41,238 - INFO - [Round 18] 80/80 client tiep tuc model cuc bo (Algorithm 1 dong 10)
2026-08-19 22:41:59,605 - INFO - [Round 18] data-free KD 30 vong: gen_loss=25.8562 stu_loss=1.6914 (CE 0.4607)
2026-08-19 22:41:59,652 - INFO - [Round 109] luu checkpoint -> out_full/checkpoints/round_109.pth
2026-08-19 22:49:59,115 - INFO - [Round 109] loss=1.9172 acc=0.0001 | micro P/R/F1=0.0001/0.0001/0.0001 | macro P/R/F1=0.0000/0.0909/0.0000 | weighted P/R/F1=0.0000/0.0001/0.0000
2026-08-19 22:49:59,117 - INFO - fit progress: (18, 1.9171941659979084, {'accuracy': 0.00013665783419073286, 'micro_precision': 0.00013665783419073286, 'micro_recall': 0.00013665783419073286, 'micro_f1': 0.00013665783419073286, 'macro_precision': 1.2423439471884806e-05, 'macro_recall': 0.09090909090909091, 'macro_f1': 2.484348388706785e-05, 'weighted_precision': 1.8675363645701835e-08, 'weighted_recall': 0.00013665783419073286, 'weighted_f1': 3.7345623719349683e-08}, 9281.270763374)
2026-08-19 22:49:59,117 - INFO - configure_evaluate: no clients selected, skipping evaluation
2026-08-19 22:49:59,117 - INFO - 
2026-08-19 22:49:59,117 - INFO - [ROUND 19]
2026-08-19 22:49:59,117 - INFO - configure_fit: strategy sampled 80 clients (out of 80)
2026-08-19 22:50:00,604 - INFO - aggregate_fit: received 80 results and 0 failures
2026-08-19 22:50:00,731 - INFO - [Round 19] 80/80 client tiep tuc model cuc bo (Algorithm 1 dong 10)
2026-08-19 22:50:18,278 - INFO - [Round 19] data-free KD 30 vong: gen_loss=26.5269 stu_loss=1.6790 (CE 0.4509)
2026-08-19 22:50:18,323 - INFO - [Round 110] luu checkpoint -> out_full/checkpoints/round_110.pth
2026-08-19 22:58:27,877 - INFO - [Round 110] loss=1.8492 acc=0.0001 | micro P/R/F1=0.0001/0.0001/0.0001 | macro P/R/F1=0.0000/0.0909/0.0000 | weighted P/R/F1=0.0000/0.0001/0.0000
2026-08-19 22:58:30,610 - INFO - Luu out_full/confusion_matrix_task3.csv
2026-08-19 22:58:30,610 - INFO - Luu out_full/confusion_matrix_task3_normalized.csv
2026-08-19 22:58:38,365 - INFO - Luu out_full/classification_report_task3.txt
                 precision    recall  f1-score   support

         Benign     0.0000    0.0000    0.0000  41700592
            DoS     0.0000    0.0000    0.0000    145129
         double     0.0000    0.0000    0.0000     12413
  force-neutral     0.0000    0.0000    0.0000      5744
        fuzzing     0.0000    0.0000    0.0000     67321
       interval     0.0000    0.0000    0.0000     40542
            rpm     0.0000    0.0000    0.0000      5043
  rpm-accessory     0.0000    0.0000    0.0000      3146
          speed     0.0000    0.0000    0.0000      7471
speed-accessory     0.0000    0.0000    0.0000      2257
     standstill     0.0001    1.0000    0.0003      5739

       accuracy                         0.0001  41995397
      macro avg     0.0000    0.0909    0.0000  41995397
   weighted avg     0.0000    0.0001    0.0000  41995397

2026-08-19 22:58:38,820 - INFO - Luu out_full/confusion_matrix_task3.png
2026-08-19 22:58:38,821 - INFO - fit progress: (19, 1.8491936688724058, {'accuracy': 0.00013665783419073286, 'micro_precision': 0.00013665783419073286, 'micro_recall': 0.00013665783419073286, 'micro_f1': 0.00013665783419073286, 'macro_precision': 1.2423439471884806e-05, 'macro_recall': 0.09090909090909091, 'macro_f1': 2.484348388706785e-05, 'weighted_precision': 1.8675363645701835e-08, 'weighted_recall': 0.00013665783419073286, 'weighted_f1': 3.7345623719349683e-08}, 9800.974997796002)
2026-08-19 22:58:38,821 - INFO - configure_evaluate: no clients selected, skipping evaluation
2026-08-19 22:58:38,821 - INFO - 
2026-08-19 22:58:38,821 - INFO - [ROUND 20]
2026-08-19 22:58:38,822 - INFO - configure_fit: strategy sampled 80 clients (out of 80)
2026-08-19 22:58:40,378 - INFO - aggregate_fit: received 80 results and 0 failures
2026-08-19 22:58:40,503 - INFO - [Round 20] 80/80 client tiep tuc model cuc bo (Algorithm 1 dong 10)
2026-08-19 22:58:58,769 - INFO - [Round 20] data-free KD 30 vong: gen_loss=27.0924 stu_loss=1.6345 (CE 0.4422)
2026-08-19 22:58:58,820 - INFO - [Round 111] luu checkpoint -> out_full/checkpoints/round_111.pth
2026-08-19 23:06:57,861 - INFO - [Round 111] loss=1.8576 acc=0.0001 | micro P/R/F1=0.0001/0.0001/0.0001 | macro P/R/F1=0.0000/0.0909/0.0000 | weighted P/R/F1=0.0000/0.0001/0.0000
2026-08-19 23:06:57,863 - INFO - fit progress: (20, 1.8575542066476989, {'accuracy': 0.00013665783419073286, 'micro_precision': 0.00013665783419073286, 'micro_recall': 0.00013665783419073286, 'micro_f1': 0.00013665783419073286, 'macro_precision': 1.2423439471884806e-05, 'macro_recall': 0.09090909090909091, 'macro_f1': 2.484348388706785e-05, 'weighted_precision': 1.8675363645701835e-08, 'weighted_recall': 0.00013665783419073286, 'weighted_f1': 3.7345623719349683e-08}, 10300.016755412002)
2026-08-19 23:06:57,863 - INFO - configure_evaluate: no clients selected, skipping evaluation
2026-08-19 23:06:57,863 - INFO - 
2026-08-19 23:06:57,863 - INFO - [ROUND 21]
2026-08-19 23:06:57,863 - INFO - configure_fit: strategy sampled 80 clients (out of 80)
2026-08-19 23:06:59,388 - INFO - aggregate_fit: received 80 results and 0 failures
2026-08-19 23:06:59,514 - INFO - [Round 21] 80/80 client tiep tuc model cuc bo (Algorithm 1 dong 10)
2026-08-19 23:07:17,437 - INFO - [Round 21] data-free KD 30 vong: gen_loss=27.8913 stu_loss=1.6127 (CE 0.4355)
2026-08-19 23:07:17,480 - INFO - [Round 112] luu checkpoint -> out_full/checkpoints/round_112.pth
2026-08-19 23:15:27,924 - INFO - [Round 112] loss=1.8500 acc=0.0001 | micro P/R/F1=0.0001/0.0001/0.0001 | macro P/R/F1=0.0000/0.0909/0.0000 | weighted P/R/F1=0.0000/0.0001/0.0000
2026-08-19 23:15:27,925 - INFO - fit progress: (21, 1.850039183773739, {'accuracy': 0.00013665783419073286, 'micro_precision': 0.00013665783419073286, 'micro_recall': 0.00013665783419073286, 'micro_f1': 0.00013665783419073286, 'macro_precision': 1.2423439471884806e-05, 'macro_recall': 0.09090909090909091, 'macro_f1': 2.484348388706785e-05, 'weighted_precision': 1.8675363645701835e-08, 'weighted_recall': 0.00013665783419073286, 'weighted_f1': 3.7345623719349683e-08}, 10810.079499254)
2026-08-19 23:15:27,926 - INFO - configure_evaluate: no clients selected, skipping evaluation
2026-08-19 23:15:27,926 - INFO - 
2026-08-19 23:15:27,926 - INFO - [ROUND 22]
2026-08-19 23:15:27,926 - INFO - configure_fit: strategy sampled 80 clients (out of 80)
2026-08-19 23:15:29,424 - INFO - aggregate_fit: received 80 results and 0 failures
2026-08-19 23:15:29,547 - INFO - [Round 22] 80/80 client tiep tuc model cuc bo (Algorithm 1 dong 10)
2026-08-19 23:15:47,438 - INFO - [Round 22] data-free KD 30 vong: gen_loss=28.1048 stu_loss=1.5728 (CE 0.4214)
2026-08-19 23:15:47,483 - INFO - [Round 113] luu checkpoint -> out_full/checkpoints/round_113.pth
2026-08-19 23:23:28,682 - INFO - [Round 113] loss=1.8469 acc=0.0001 | micro P/R/F1=0.0001/0.0001/0.0001 | macro P/R/F1=0.0000/0.0909/0.0000 | weighted P/R/F1=0.0000/0.0001/0.0000
2026-08-19 23:23:28,683 - INFO - fit progress: (22, 1.8469153858563567, {'accuracy': 0.00013665783419073286, 'micro_precision': 0.00013665783419073286, 'micro_recall': 0.00013665783419073286, 'micro_f1': 0.00013665783419073286, 'macro_precision': 1.2423439471884806e-05, 'macro_recall': 0.09090909090909091, 'macro_f1': 2.484348388706785e-05, 'weighted_precision': 1.8675363645701835e-08, 'weighted_recall': 0.00013665783419073286, 'weighted_f1': 3.7345623719349683e-08}, 11290.83722017)
2026-08-19 23:23:28,683 - INFO - configure_evaluate: no clients selected, skipping evaluation
2026-08-19 23:23:28,683 - INFO - 
2026-08-19 23:23:28,684 - INFO - [ROUND 23]
2026-08-19 23:23:28,684 - INFO - configure_fit: strategy sampled 80 clients (out of 80)
2026-08-19 23:23:30,184 - INFO - aggregate_fit: received 80 results and 0 failures
2026-08-19 23:23:30,310 - INFO - [Round 23] 80/80 client tiep tuc model cuc bo (Algorithm 1 dong 10)
2026-08-19 23:23:48,510 - INFO - [Round 23] data-free KD 30 vong: gen_loss=28.6966 stu_loss=1.5424 (CE 0.4089)
2026-08-19 23:23:48,555 - INFO - [Round 114] luu checkpoint -> out_full/checkpoints/round_114.pth
2026-08-19 23:31:38,915 - INFO - [Round 114] loss=1.8546 acc=0.0001 | micro P/R/F1=0.0001/0.0001/0.0001 | macro P/R/F1=0.0000/0.0909/0.0000 | weighted P/R/F1=0.0000/0.0001/0.0000
2026-08-19 23:31:38,917 - INFO - fit progress: (23, 1.8545602187521573, {'accuracy': 0.00013665783419073286, 'micro_precision': 0.00013665783419073286, 'micro_recall': 0.00013665783419073286, 'micro_f1': 0.00013665783419073286, 'macro_precision': 1.2423439471884806e-05, 'macro_recall': 0.09090909090909091, 'macro_f1': 2.484348388706785e-05, 'weighted_precision': 1.8675363645701835e-08, 'weighted_recall': 0.00013665783419073286, 'weighted_f1': 3.7345623719349683e-08}, 11781.070818438999)
2026-08-19 23:31:38,917 - INFO - configure_evaluate: no clients selected, skipping evaluation
2026-08-19 23:31:38,917 - INFO - 
2026-08-19 23:31:38,917 - INFO - [ROUND 24]
2026-08-19 23:31:38,917 - INFO - configure_fit: strategy sampled 80 clients (out of 80)
2026-08-19 23:31:40,485 - INFO - aggregate_fit: received 80 results and 0 failures
2026-08-19 23:31:40,616 - INFO - [Round 24] 80/80 client tiep tuc model cuc bo (Algorithm 1 dong 10)
2026-08-19 23:31:59,522 - INFO - [Round 24] data-free KD 30 vong: gen_loss=29.3791 stu_loss=1.5386 (CE 0.3972)
2026-08-19 23:31:59,571 - INFO - [Round 115] luu checkpoint -> out_full/checkpoints/round_115.pth
2026-08-19 23:39:48,803 - INFO - [Round 115] loss=1.7275 acc=0.0001 | micro P/R/F1=0.0001/0.0001/0.0001 | macro P/R/F1=0.0000/0.0909/0.0000 | weighted P/R/F1=0.0000/0.0001/0.0000
2026-08-19 23:39:51,737 - INFO - Luu out_full/confusion_matrix_task3.csv
2026-08-19 23:39:51,737 - INFO - Luu out_full/confusion_matrix_task3_normalized.csv
2026-08-19 23:39:59,718 - INFO - Luu out_full/classification_report_task3.txt
                 precision    recall  f1-score   support

         Benign     0.0000    0.0000    0.0000  41700592
            DoS     0.0000    0.0000    0.0000    145129
         double     0.0000    0.0000    0.0000     12413
  force-neutral     0.0000    0.0000    0.0000      5744
        fuzzing     0.0000    0.0000    0.0000     67321
       interval     0.0000    0.0000    0.0000     40542
            rpm     0.0000    0.0000    0.0000      5043
  rpm-accessory     0.0000    0.0000    0.0000      3146
          speed     0.0000    0.0000    0.0000      7471
speed-accessory     0.0000    0.0000    0.0000      2257
     standstill     0.0001    1.0000    0.0003      5739

       accuracy                         0.0001  41995397
      macro avg     0.0000    0.0909    0.0000  41995397
   weighted avg     0.0000    0.0001    0.0000  41995397

2026-08-19 23:40:00,162 - INFO - Luu out_full/confusion_matrix_task3.png
2026-08-19 23:40:00,163 - INFO - fit progress: (24, 1.7275469262321135, {'accuracy': 0.00013665783419073286, 'micro_precision': 0.00013665783419073286, 'micro_recall': 0.00013665783419073286, 'micro_f1': 0.00013665783419073286, 'macro_precision': 1.2423439471884806e-05, 'macro_recall': 0.09090909090909091, 'macro_f1': 2.484348388706785e-05, 'weighted_precision': 1.8675363645701835e-08, 'weighted_recall': 0.00013665783419073286, 'weighted_f1': 3.7345623719349683e-08}, 12282.317271986001)
2026-08-19 23:40:00,163 - INFO - configure_evaluate: no clients selected, skipping evaluation
2026-08-19 23:40:00,163 - INFO - 
2026-08-19 23:40:00,163 - INFO - [ROUND 25]
2026-08-19 23:40:00,164 - INFO - configure_fit: strategy sampled 80 clients (out of 80)
2026-08-19 23:40:01,655 - INFO - aggregate_fit: received 80 results and 0 failures
2026-08-19 23:40:01,778 - INFO - [Round 25] 80/80 client tiep tuc model cuc bo (Algorithm 1 dong 10)
2026-08-19 23:40:19,488 - INFO - [Round 25] data-free KD 30 vong: gen_loss=29.5931 stu_loss=1.5157 (CE 0.3845)
2026-08-19 23:40:19,532 - INFO - [Round 116] luu checkpoint -> out_full/checkpoints/round_116.pth
2026-08-19 23:48:05,184 - INFO - [Round 116] loss=1.7919 acc=0.0001 | micro P/R/F1=0.0001/0.0001/0.0001 | macro P/R/F1=0.0000/0.0909/0.0000 | weighted P/R/F1=0.0000/0.0001/0.0000
2026-08-19 23:48:05,186 - INFO - fit progress: (25, 1.7918701065722575, {'accuracy': 0.00013665783419073286, 'micro_precision': 0.00013665783419073286, 'micro_recall': 0.00013665783419073286, 'micro_f1': 0.00013665783419073286, 'macro_precision': 1.2423439471884806e-05, 'macro_recall': 0.09090909090909091, 'macro_f1': 2.484348388706785e-05, 'weighted_precision': 1.8675363645701835e-08, 'weighted_recall': 0.00013665783419073286, 'weighted_f1': 3.7345623719349683e-08}, 12767.339675580999)
2026-08-19 23:48:05,186 - INFO - configure_evaluate: no clients selected, skipping evaluation
2026-08-19 23:48:05,186 - INFO - 
2026-08-19 23:48:05,186 - INFO - [ROUND 26]
2026-08-19 23:48:05,186 - INFO - configure_fit: strategy sampled 80 clients (out of 80)
2026-08-19 23:48:06,757 - INFO - aggregate_fit: received 80 results and 0 failures
2026-08-19 23:48:06,883 - INFO - [Round 26] 80/80 client tiep tuc model cuc bo (Algorithm 1 dong 10)
2026-08-19 23:48:25,204 - INFO - [Round 26] data-free KD 30 vong: gen_loss=29.9974 stu_loss=1.4986 (CE 0.3726)
2026-08-19 23:48:25,249 - INFO - [Round 117] luu checkpoint -> out_full/checkpoints/round_117.pth
2026-08-19 23:56:08,434 - INFO - [Round 117] loss=1.7584 acc=0.0001 | micro P/R/F1=0.0001/0.0001/0.0001 | macro P/R/F1=0.0000/0.0909/0.0000 | weighted P/R/F1=0.0000/0.0001/0.0000
2026-08-19 23:56:08,435 - INFO - fit progress: (26, 1.758410654788388, {'accuracy': 0.00013665783419073286, 'micro_precision': 0.00013665783419073286, 'micro_recall': 0.00013665783419073286, 'micro_f1': 0.00013665783419073286, 'macro_precision': 1.2423439471884806e-05, 'macro_recall': 0.09090909090909091, 'macro_f1': 2.484348388706785e-05, 'weighted_precision': 1.8675363645701835e-08, 'weighted_recall': 0.00013665783419073286, 'weighted_f1': 3.7345623719349683e-08}, 13250.589433736)
2026-08-19 23:56:08,436 - INFO - configure_evaluate: no clients selected, skipping evaluation
2026-08-19 23:56:08,436 - INFO - 
2026-08-19 23:56:08,436 - INFO - [ROUND 27]
2026-08-19 23:56:08,436 - INFO - configure_fit: strategy sampled 80 clients (out of 80)
2026-08-19 23:56:09,905 - INFO - aggregate_fit: received 80 results and 0 failures
2026-08-19 23:56:10,030 - INFO - [Round 27] 80/80 client tiep tuc model cuc bo (Algorithm 1 dong 10)
2026-08-19 23:56:27,691 - INFO - [Round 27] data-free KD 30 vong: gen_loss=30.8663 stu_loss=1.4737 (CE 0.3611)
2026-08-19 23:56:27,736 - INFO - [Round 118] luu checkpoint -> out_full/checkpoints/round_118.pth
2026-08-20 00:04:10,178 - INFO - [Round 118] loss=1.6373 acc=0.0001 | micro P/R/F1=0.0001/0.0001/0.0001 | macro P/R/F1=0.0000/0.0909/0.0000 | weighted P/R/F1=0.0000/0.0001/0.0000
2026-08-20 00:04:10,180 - INFO - fit progress: (27, 1.6373334918896023, {'accuracy': 0.00013665783419073286, 'micro_precision': 0.00013665783419073286, 'micro_recall': 0.00013665783419073286, 'micro_f1': 0.00013665783419073286, 'macro_precision': 1.2423439471884806e-05, 'macro_recall': 0.09090909090909091, 'macro_f1': 2.484348388706785e-05, 'weighted_precision': 1.8675363645701835e-08, 'weighted_recall': 0.00013665783419073286, 'weighted_f1': 3.7345623719349683e-08}, 13732.333972151999)
2026-08-20 00:04:10,180 - INFO - configure_evaluate: no clients selected, skipping evaluation
2026-08-20 00:04:10,180 - INFO - 
2026-08-20 00:04:10,180 - INFO - [ROUND 28]
2026-08-20 00:04:10,180 - INFO - configure_fit: strategy sampled 80 clients (out of 80)
2026-08-20 00:04:11,658 - INFO - aggregate_fit: received 80 results and 0 failures
2026-08-20 00:04:11,785 - INFO - [Round 28] 80/80 client tiep tuc model cuc bo (Algorithm 1 dong 10)
2026-08-20 00:04:30,018 - INFO - [Round 28] data-free KD 30 vong: gen_loss=29.5474 stu_loss=1.4739 (CE 0.3530)
2026-08-20 00:04:30,063 - INFO - [Round 119] luu checkpoint -> out_full/checkpoints/round_119.pth
2026-08-20 00:12:14,465 - INFO - [Round 119] loss=1.6485 acc=0.0001 | micro P/R/F1=0.0001/0.0001/0.0001 | macro P/R/F1=0.0000/0.0909/0.0000 | weighted P/R/F1=0.0000/0.0001/0.0000
2026-08-20 00:12:14,466 - INFO - fit progress: (28, 1.6485365131221539, {'accuracy': 0.00013665783419073286, 'micro_precision': 0.00013665783419073286, 'micro_recall': 0.00013665783419073286, 'micro_f1': 0.00013665783419073286, 'macro_precision': 1.2423439767713413e-05, 'macro_recall': 0.09090909090909091, 'macro_f1': 2.4843484478563386e-05, 'weighted_precision': 1.8675364090402096e-08, 'weighted_recall': 0.00013665783419073286, 'weighted_f1': 3.734562460850716e-08}, 14216.620585092998)
2026-08-20 00:12:14,467 - INFO - configure_evaluate: no clients selected, skipping evaluation
2026-08-20 00:12:14,467 - INFO - 
2026-08-20 00:12:14,467 - INFO - [ROUND 29]
2026-08-20 00:12:14,467 - INFO - configure_fit: strategy sampled 80 clients (out of 80)
2026-08-20 00:12:16,027 - INFO - aggregate_fit: received 80 results and 0 failures
2026-08-20 00:12:16,151 - INFO - [Round 29] 80/80 client tiep tuc model cuc bo (Algorithm 1 dong 10)
2026-08-20 00:12:33,844 - INFO - [Round 29] data-free KD 30 vong: gen_loss=30.1313 stu_loss=1.4667 (CE 0.3457)
2026-08-20 00:12:33,890 - INFO - [Round 120] luu checkpoint -> out_full/checkpoints/round_120.pth
2026-08-20 00:20:25,183 - INFO - [Round 120] loss=1.7517 acc=0.0001 | micro P/R/F1=0.0001/0.0001/0.0001 | macro P/R/F1=0.0000/0.0909/0.0000 | weighted P/R/F1=0.0000/0.0001/0.0000
2026-08-20 00:20:28,194 - INFO - Luu out_full/confusion_matrix_task3.csv
2026-08-20 00:20:28,194 - INFO - Luu out_full/confusion_matrix_task3_normalized.csv
2026-08-20 00:20:36,047 - INFO - Luu out_full/classification_report_task3.txt
                 precision    recall  f1-score   support

         Benign     0.0000    0.0000    0.0000  41700592
            DoS     0.0000    0.0000    0.0000    145129
         double     0.0000    0.0000    0.0000     12413
  force-neutral     0.0000    0.0000    0.0000      5744
        fuzzing     0.0000    0.0000    0.0000     67321
       interval     0.0000    0.0000    0.0000     40542
            rpm     0.0000    0.0000    0.0000      5043
  rpm-accessory     0.0000    0.0000    0.0000      3146
          speed     0.0000    0.0000    0.0000      7471
speed-accessory     0.0000    0.0000    0.0000      2257
     standstill     0.0001    1.0000    0.0003      5739

       accuracy                         0.0001  41995397
      macro avg     0.0000    0.0909    0.0000  41995397
   weighted avg     0.0000    0.0001    0.0000  41995397

2026-08-20 00:20:36,489 - INFO - Luu out_full/confusion_matrix_task3.png
2026-08-20 00:20:36,490 - INFO - fit progress: (29, 1.7516692157002365, {'accuracy': 0.00013665783419073286, 'micro_precision': 0.00013665783419073286, 'micro_recall': 0.00013665783419073286, 'micro_f1': 0.00013665783419073286, 'macro_precision': 1.2423439471884806e-05, 'macro_recall': 0.09090909090909091, 'macro_f1': 2.484348388706785e-05, 'weighted_precision': 1.8675363645701835e-08, 'weighted_recall': 0.00013665783419073286, 'weighted_f1': 3.7345623719349683e-08}, 14718.64397497)
2026-08-20 00:20:36,490 - INFO - configure_evaluate: no clients selected, skipping evaluation
2026-08-20 00:20:36,490 - INFO - 
2026-08-20 00:20:36,490 - INFO - [ROUND 30]
2026-08-20 00:20:36,490 - INFO - configure_fit: strategy sampled 80 clients (out of 80)
2026-08-20 00:20:38,004 - INFO - aggregate_fit: received 80 results and 0 failures
2026-08-20 00:20:38,131 - INFO - [Round 30] 80/80 client tiep tuc model cuc bo (Algorithm 1 dong 10)
2026-08-20 00:20:56,267 - INFO - [Round 30] data-free KD 30 vong: gen_loss=30.4968 stu_loss=1.4219 (CE 0.3353)
2026-08-20 00:20:56,313 - INFO - [Round 121] luu checkpoint -> out_full/checkpoints/round_121.pth
2026-08-20 00:28:42,403 - INFO - [Round 121] loss=1.7589 acc=0.0066 | micro P/R/F1=0.0066/0.0066/0.0066 | macro P/R/F1=0.0907/0.0915/0.0012 | weighted P/R/F1=0.9911/0.0066/0.0128
2026-08-20 00:28:45,167 - INFO - Luu out_full/confusion_matrix_task3.csv
2026-08-20 00:28:45,168 - INFO - Luu out_full/confusion_matrix_task3_normalized.csv
2026-08-20 00:28:53,306 - INFO - Luu out_full/classification_report_task3.txt
                 precision    recall  f1-score   support

         Benign     0.9981    0.0065    0.0129  41700592
            DoS     0.0000    0.0000    0.0000    145129
         double     0.0000    0.0000    0.0000     12413
  force-neutral     0.0000    0.0000    0.0000      5744
        fuzzing     0.0000    0.0000    0.0000     67321
       interval     0.0000    0.0000    0.0000     40542
            rpm     0.0000    0.0000    0.0000      5043
  rpm-accessory     0.0000    0.0000    0.0000      3146
          speed     0.0000    0.0000    0.0000      7471
speed-accessory     0.0000    0.0000    0.0000      2257
     standstill     0.0001    1.0000    0.0003      5739

       accuracy                         0.0066  41995397
      macro avg     0.0907    0.0915    0.0012  41995397
   weighted avg     0.9911    0.0066    0.0128  41995397

2026-08-20 00:28:54,164 - INFO - Luu out_full/confusion_matrix_task3.png
2026-08-20 00:28:54,166 - INFO - fit progress: (30, 1.7589284204383322, {'accuracy': 0.006580959337043534, 'micro_precision': 0.006580959337043534, 'micro_recall': 0.006580959337043534, 'micro_f1': 0.006580959337043534, 'macro_precision': 0.09074658486735526, 'macro_recall': 0.09149907817310429, 'macro_f1': 0.0011973563678751983, 'weighted_precision': 0.9910684845538903, 'weighted_recall': 0.006580959337043534, 'weighted_f1': 0.012805375450483259}, 15216.320057231998)
2026-08-20 00:28:54,166 - INFO - configure_evaluate: no clients selected, skipping evaluation
2026-08-20 00:28:54,167 - INFO - 
2026-08-20 00:28:54,167 - INFO - [SUMMARY]
2026-08-20 00:28:54,167 - INFO - Run finished 30 round(s) in 15216.32s
2026-08-20 00:28:54,172 - INFO - 	History (loss, centralized):
2026-08-20 00:28:54,172 - INFO - 		round 1: 0.6087868515077619
2026-08-20 00:28:54,172 - INFO - 		round 2: 0.695414996625016
2026-08-20 00:28:54,172 - INFO - 		round 3: 0.7408860668628655
2026-08-20 00:28:54,172 - INFO - 		round 4: 0.927200319620966
2026-08-20 00:28:54,172 - INFO - 		round 5: 0.9742037949591837
2026-08-20 00:28:54,173 - INFO - 		round 6: 1.1071887021993505
2026-08-20 00:28:54,173 - INFO - 		round 7: 1.000359991242522
2026-08-20 00:28:54,173 - INFO - 		round 8: 0.9037757571599524
2026-08-20 00:28:54,173 - INFO - 		round 9: 1.1326614233920322
2026-08-20 00:28:54,173 - INFO - 		round 10: 1.2561470842775364
2026-08-20 00:28:54,173 - INFO - 		round 11: 1.57987780227064
2026-08-20 00:28:54,173 - INFO - 		round 12: 1.666528102515163
2026-08-20 00:28:54,173 - INFO - 		round 13: 1.7226099797740606
2026-08-20 00:28:54,173 - INFO - 		round 14: 1.6323107432751705
2026-08-20 00:28:54,173 - INFO - 		round 15: 1.7680768120594632
2026-08-20 00:28:54,173 - INFO - 		round 16: 1.678661985233634
2026-08-20 00:28:54,173 - INFO - 		round 17: 1.8375043064911027
2026-08-20 00:28:54,173 - INFO - 		round 18: 1.9171941659979084
2026-08-20 00:28:54,173 - INFO - 		round 19: 1.8491936688724058
2026-08-20 00:28:54,173 - INFO - 		round 20: 1.8575542066476989
2026-08-20 00:28:54,173 - INFO - 		round 21: 1.850039183773739
2026-08-20 00:28:54,173 - INFO - 		round 22: 1.8469153858563567
2026-08-20 00:28:54,173 - INFO - 		round 23: 1.8545602187521573
2026-08-20 00:28:54,173 - INFO - 		round 24: 1.7275469262321135
2026-08-20 00:28:54,173 - INFO - 		round 25: 1.7918701065722575
2026-08-20 00:28:54,173 - INFO - 		round 26: 1.758410654788388
2026-08-20 00:28:54,174 - INFO - 		round 27: 1.6373334918896023
2026-08-20 00:28:54,174 - INFO - 		round 28: 1.6485365131221539
2026-08-20 00:28:54,174 - INFO - 		round 29: 1.7516692157002365
2026-08-20 00:28:54,174 - INFO - 		round 30: 1.7589284204383322
2026-08-20 00:28:54,174 - INFO - 	History (metrics, distributed, fit):
2026-08-20 00:28:54,174 - INFO - 	{'gen_loss': [(1, 18.193956565856933),
2026-08-20 00:28:54,174 - INFO - 	              (2, 16.53946002324422),
2026-08-20 00:28:54,174 - INFO - 	              (3, 16.527484893798828),
2026-08-20 00:28:54,174 - INFO - 	              (4, 17.351076571146645),
2026-08-20 00:28:54,174 - INFO - 	              (5, 18.30347868601481),
2026-08-20 00:28:54,174 - INFO - 	              (6, 18.934505271911622),
2026-08-20 00:28:54,174 - INFO - 	              (7, 19.710504213968914),
2026-08-20 00:28:54,174 - INFO - 	              (8, 20.65844306945801),
2026-08-20 00:28:54,174 - INFO - 	              (9, 21.521314748128255),
2026-08-20 00:28:54,174 - INFO - 	              (10, 22.104590543111165),
2026-08-20 00:28:54,174 - INFO - 	              (11, 23.02987620035807),
2026-08-20 00:28:54,174 - INFO - 	              (12, 23.660696601867677),
2026-08-20 00:28:54,174 - INFO - 	              (13, 24.654105313618977),
2026-08-20 00:28:54,174 - INFO - 	              (14, 25.4431245803833),
2026-08-20 00:28:54,174 - INFO - 	              (15, 25.214369265238442),
2026-08-20 00:28:54,174 - INFO - 	              (16, 25.515134048461913),
2026-08-20 00:28:54,174 - INFO - 	              (17, 25.75095189412435),
2026-08-20 00:28:54,174 - INFO - 	              (18, 25.85617815653483),
2026-08-20 00:28:54,174 - INFO - 	              (19, 26.526934305826824),
2026-08-20 00:28:54,174 - INFO - 	              (20, 27.092393430074058),
2026-08-20 00:28:54,175 - INFO - 	              (21, 27.891340573628742),
2026-08-20 00:28:54,175 - INFO - 	              (22, 28.104845237731933),
2026-08-20 00:28:54,175 - INFO - 	              (23, 28.69662233988444),
2026-08-20 00:28:54,175 - INFO - 	              (24, 29.37906354268392),
2026-08-20 00:28:54,175 - INFO - 	              (25, 29.593100039164224),
2026-08-20 00:28:54,175 - INFO - 	              (26, 29.997384325663248),
2026-08-20 00:28:54,175 - INFO - 	              (27, 30.86632080078125),
2026-08-20 00:28:54,175 - INFO - 	              (28, 29.54739646911621),
2026-08-20 00:28:54,175 - INFO - 	              (29, 30.1312993367513),
2026-08-20 00:28:54,175 - INFO - 	              (30, 30.496817525227865)],
2026-08-20 00:28:54,175 - INFO - 	 'kd_loss_client': [(1, 1.355398915708065),
2026-08-20 00:28:54,175 - INFO - 	                    (2, 1.8962307542562484),
2026-08-20 00:28:54,175 - INFO - 	                    (3, 6.314963537454605),
2026-08-20 00:28:54,175 - INFO - 	                    (4, 8.832938653230666),
2026-08-20 00:28:54,175 - INFO - 	                    (5, 11.71432123184204),
2026-08-20 00:28:54,175 - INFO - 	                    (6, 12.527438175678252),
2026-08-20 00:28:54,175 - INFO - 	                    (7, 14.147179222106933),
2026-08-20 00:28:54,175 - INFO - 	                    (8, 13.840811622142791),
2026-08-20 00:28:54,175 - INFO - 	                    (9, 13.916035664081573),
2026-08-20 00:28:54,176 - INFO - 	                    (10, 15.7993874669075),
2026-08-20 00:28:54,176 - INFO - 	                    (11, 17.01376655101776),
2026-08-20 00:28:54,176 - INFO - 	                    (12, 19.831414318084718),
2026-08-20 00:28:54,176 - INFO - 	                    (13, 21.415984916687012),
2026-08-20 00:28:54,176 - INFO - 	                    (14, 21.966218066215514),
2026-08-20 00:28:54,176 - INFO - 	                    (15, 21.478747272491454),
2026-08-20 00:28:54,176 - INFO - 	                    (16, 22.335490584373474),
2026-08-20 00:28:54,176 - INFO - 	                    (17, 20.737523865699767),
2026-08-20 00:28:54,176 - INFO - 	                    (18, 22.489318084716796),
2026-08-20 00:28:54,176 - INFO - 	                    (19, 22.914121222496032),
2026-08-20 00:28:54,176 - INFO - 	                    (20, 21.727459621429443),
2026-08-20 00:28:54,176 - INFO - 	                    (21, 20.89389066696167),
2026-08-20 00:28:54,176 - INFO - 	                    (22, 20.896381378173828),
2026-08-20 00:28:54,176 - INFO - 	                    (23, 20.501036977767946),
2026-08-20 00:28:54,176 - INFO - 	                    (24, 20.56108331680298),
2026-08-20 00:28:54,176 - INFO - 	                    (25, 19.45692276954651),
2026-08-20 00:28:54,176 - INFO - 	                    (26, 21.03548684120178),
2026-08-20 00:28:54,176 - INFO - 	                    (27, 21.45713303089142),
2026-08-20 00:28:54,177 - INFO - 	                    (28, 18.124230051040648),
2026-08-20 00:28:54,177 - INFO - 	                    (29, 18.309417533874512),
2026-08-20 00:28:54,177 - INFO - 	                    (30, 19.228948187828063)],
2026-08-20 00:28:54,177 - INFO - 	 'num_clients': [(1, 80),
2026-08-20 00:28:54,177 - INFO - 	                 (2, 80),
2026-08-20 00:28:54,177 - INFO - 	                 (3, 80),
2026-08-20 00:28:54,177 - INFO - 	                 (4, 80),
2026-08-20 00:28:54,177 - INFO - 	                 (5, 80),
2026-08-20 00:28:54,177 - INFO - 	                 (6, 80),
2026-08-20 00:28:54,177 - INFO - 	                 (7, 80),
2026-08-20 00:28:54,177 - INFO - 	                 (8, 80),
2026-08-20 00:28:54,177 - INFO - 	                 (9, 80),
2026-08-20 00:28:54,177 - INFO - 	                 (10, 80),
2026-08-20 00:28:54,177 - INFO - 	                 (11, 80),
2026-08-20 00:28:54,177 - INFO - 	                 (12, 80),
2026-08-20 00:28:54,177 - INFO - 	                 (13, 80),
2026-08-20 00:28:54,177 - INFO - 	                 (14, 80),
2026-08-20 00:28:54,177 - INFO - 	                 (15, 80),
2026-08-20 00:28:54,178 - INFO - 	                 (16, 80),
2026-08-20 00:28:54,178 - INFO - 	                 (17, 80),
2026-08-20 00:28:54,178 - INFO - 	                 (18, 80),
2026-08-20 00:28:54,178 - INFO - 	                 (19, 80),
2026-08-20 00:28:54,178 - INFO - 	                 (20, 80),
2026-08-20 00:28:54,178 - INFO - 	                 (21, 80),
2026-08-20 00:28:54,178 - INFO - 	                 (22, 80),
2026-08-20 00:28:54,178 - INFO - 	                 (23, 80),
2026-08-20 00:28:54,178 - INFO - 	                 (24, 80),
2026-08-20 00:28:54,178 - INFO - 	                 (25, 80),
2026-08-20 00:28:54,178 - INFO - 	                 (26, 80),
2026-08-20 00:28:54,178 - INFO - 	                 (27, 80),
2026-08-20 00:28:54,178 - INFO - 	                 (28, 80),
2026-08-20 00:28:54,178 - INFO - 	                 (29, 80),
2026-08-20 00:28:54,178 - INFO - 	                 (30, 80)],
2026-08-20 00:28:54,178 - INFO - 	 'resumed_local': [(1, 0),
2026-08-20 00:28:54,178 - INFO - 	                   (2, 80),
2026-08-20 00:28:54,179 - INFO - 	                   (3, 80),
2026-08-20 00:28:54,179 - INFO - 	                   (4, 80),
2026-08-20 00:28:54,179 - INFO - 	                   (5, 80),
2026-08-20 00:28:54,179 - INFO - 	                   (6, 80),
2026-08-20 00:28:54,179 - INFO - 	                   (7, 80),
2026-08-20 00:28:54,179 - INFO - 	                   (8, 80),
2026-08-20 00:28:54,179 - INFO - 	                   (9, 80),
2026-08-20 00:28:54,179 - INFO - 	                   (10, 80),
2026-08-20 00:28:54,179 - INFO - 	                   (11, 80),
2026-08-20 00:28:54,179 - INFO - 	                   (12, 80),
2026-08-20 00:28:54,179 - INFO - 	                   (13, 80),
2026-08-20 00:28:54,179 - INFO - 	                   (14, 80),
2026-08-20 00:28:54,179 - INFO - 	                   (15, 80),
2026-08-20 00:28:54,179 - INFO - 	                   (16, 80),
2026-08-20 00:28:54,179 - INFO - 	                   (17, 80),
2026-08-20 00:28:54,179 - INFO - 	                   (18, 80),
2026-08-20 00:28:54,179 - INFO - 	                   (19, 80),
2026-08-20 00:28:54,179 - INFO - 	                   (20, 80),
2026-08-20 00:28:54,179 - INFO - 	                   (21, 80),
2026-08-20 00:28:54,180 - INFO - 	                   (22, 80),
2026-08-20 00:28:54,180 - INFO - 	                   (23, 80),
2026-08-20 00:28:54,180 - INFO - 	                   (24, 80),
2026-08-20 00:28:54,180 - INFO - 	                   (25, 80),
2026-08-20 00:28:54,180 - INFO - 	                   (26, 80),
2026-08-20 00:28:54,180 - INFO - 	                   (27, 80),
2026-08-20 00:28:54,180 - INFO - 	                   (28, 80),
2026-08-20 00:28:54,180 - INFO - 	                   (29, 80),
2026-08-20 00:28:54,180 - INFO - 	                   (30, 80)],
2026-08-20 00:28:54,180 - INFO - 	 'stu_ce': [(1, 16.098734779357912),
2026-08-20 00:28:54,180 - INFO - 	            (2, 9.244617805480956),
2026-08-20 00:28:54,180 - INFO - 	            (3, 5.387366046905518),
2026-08-20 00:28:54,180 - INFO - 	            (4, 3.7316593154271445),
2026-08-20 00:28:54,180 - INFO - 	            (5, 3.0951501003901165),
2026-08-20 00:28:54,180 - INFO - 	            (6, 2.7403160603841146),
2026-08-20 00:28:54,180 - INFO - 	            (7, 2.417278021176656),
2026-08-20 00:28:54,180 - INFO - 	            (8, 2.0974867717425028),
2026-08-20 00:28:54,180 - INFO - 	            (9, 1.753703007698059),
2026-08-20 00:28:54,180 - INFO - 	            (10, 1.380763714313507),
2026-08-20 00:28:54,180 - INFO - 	            (11, 1.06948148449262),
2026-08-20 00:28:54,180 - INFO - 	            (12, 0.8876779313882192),
2026-08-20 00:28:54,180 - INFO - 	            (13, 0.7541159264246623),
2026-08-20 00:28:54,180 - INFO - 	            (14, 0.618030179142952),
2026-08-20 00:28:54,180 - INFO - 	            (15, 0.5505579594771067),
2026-08-20 00:28:54,180 - INFO - 	            (16, 0.5069420981407166),
2026-08-20 00:28:54,180 - INFO - 	            (17, 0.48096306920051574),
2026-08-20 00:28:54,180 - INFO - 	            (18, 0.46068471352259316),
2026-08-20 00:28:54,181 - INFO - 	            (19, 0.4509372021754583),
2026-08-20 00:28:54,181 - INFO - 	            (20, 0.4421790639559428),
2026-08-20 00:28:54,181 - INFO - 	            (21, 0.4355072186390559),
2026-08-20 00:28:54,181 - INFO - 	            (22, 0.4213601857423782),
2026-08-20 00:28:54,181 - INFO - 	            (23, 0.4088635818163554),
2026-08-20 00:28:54,181 - INFO - 	            (24, 0.39722249726454417),
2026-08-20 00:28:54,181 - INFO - 	            (25, 0.38449270923932394),
2026-08-20 00:28:54,181 - INFO - 	            (26, 0.3725632526477178),
2026-08-20 00:28:54,181 - INFO - 	            (27, 0.36110086778799694),
2026-08-20 00:28:54,181 - INFO - 	            (28, 0.352953316171964),
2026-08-20 00:28:54,181 - INFO - 	            (29, 0.34566792567571003),
2026-08-20 00:28:54,181 - INFO - 	            (30, 0.33534195125102995)],
2026-08-20 00:28:54,181 - INFO - 	 'stu_loss': [(1, 16.6559912109375),
2026-08-20 00:28:54,181 - INFO - 	              (2, 9.73166358947754),
2026-08-20 00:28:54,181 - INFO - 	              (3, 6.553801113764445),
2026-08-20 00:28:54,181 - INFO - 	              (4, 5.471336838404338),
2026-08-20 00:28:54,181 - INFO - 	              (5, 5.038912251790364),
2026-08-20 00:28:54,181 - INFO - 	              (6, 4.60043225924174),
2026-08-20 00:28:54,181 - INFO - 	              (7, 4.193936440149943),
2026-08-20 00:28:54,181 - INFO - 	              (8, 3.8369609610239666),
2026-08-20 00:28:54,181 - INFO - 	              (9, 3.3730801010131835),
2026-08-20 00:28:54,181 - INFO - 	              (10, 3.054223887125651),
2026-08-20 00:28:54,181 - INFO - 	              (11, 2.698146940867106),
2026-08-20 00:28:54,181 - INFO - 	              (12, 2.406112914085388),
2026-08-20 00:28:54,181 - INFO - 	              (13, 2.25061675230662),
2026-08-20 00:28:54,181 - INFO - 	              (14, 2.0586452349027),
2026-08-20 00:28:54,181 - INFO - 	              (15, 1.9539822999636332),
2026-08-20 00:28:54,181 - INFO - 	              (16, 1.8020645546913148),
2026-08-20 00:28:54,182 - INFO - 	              (17, 1.7591382575035095),
2026-08-20 00:28:54,182 - INFO - 	              (18, 1.6914406069119772),
2026-08-20 00:28:54,182 - INFO - 	              (19, 1.6789671572049458),
2026-08-20 00:28:54,182 - INFO - 	              (20, 1.6344512033462524),
2026-08-20 00:28:54,182 - INFO - 	              (21, 1.612673402627309),
2026-08-20 00:28:54,182 - INFO - 	              (22, 1.5727951081593832),
2026-08-20 00:28:54,182 - INFO - 	              (23, 1.5423876142501831),
2026-08-20 00:28:54,182 - INFO - 	              (24, 1.538584962685903),
2026-08-20 00:28:54,182 - INFO - 	              (25, 1.515718690554301),
2026-08-20 00:28:54,182 - INFO - 	              (26, 1.4986463236808776),
2026-08-20 00:28:54,182 - INFO - 	              (27, 1.4737211656570435),
2026-08-20 00:28:54,182 - INFO - 	              (28, 1.47393754641215),
2026-08-20 00:28:54,182 - INFO - 	              (29, 1.4666946212450662),
2026-08-20 00:28:54,182 - INFO - 	              (30, 1.421893117427826)],
2026-08-20 00:28:54,182 - INFO - 	 'train_loss': [(1, 22.91685369393235),
2026-08-20 00:28:54,182 - INFO - 	                (2, 22.69083497904801),
2026-08-20 00:28:54,182 - INFO - 	                (3, 22.491120439644526),
2026-08-20 00:28:54,182 - INFO - 	                (4, 22.339444127033246),
2026-08-20 00:28:54,182 - INFO - 	                (5, 22.149589538778674),
2026-08-20 00:28:54,182 - INFO - 	                (6, 21.975252710772374),
2026-08-20 00:28:54,182 - INFO - 	                (7, 21.821604982936915),
2026-08-20 00:28:54,182 - INFO - 	                (8, 21.657438261535265),
2026-08-20 00:28:54,182 - INFO - 	                (9, 21.516633805871866),
2026-08-20 00:28:54,182 - INFO - 	                (10, 21.334234753814282),
2026-08-20 00:28:54,182 - INFO - 	                (11, 21.190293585325133),
2026-08-20 00:28:54,182 - INFO - 	                (12, 21.049651239268176),
2026-08-20 00:28:54,182 - INFO - 	                (13, 20.87678788428726),
2026-08-20 00:28:54,182 - INFO - 	                (14, 20.789715499072383),
2026-08-20 00:28:54,182 - INFO - 	                (15, 20.660123332850944),
2026-08-20 00:28:54,183 - INFO - 	                (16, 20.505331173448116),
2026-08-20 00:28:54,183 - INFO - 	                (17, 20.372367117639804),
2026-08-20 00:28:54,183 - INFO - 	                (18, 20.182486254630433),
2026-08-20 00:28:54,183 - INFO - 	                (19, 20.100239414943353),
2026-08-20 00:28:54,183 - INFO - 	                (20, 19.962585717870923),
2026-08-20 00:28:54,183 - INFO - 	                (21, 19.848278693159187),
2026-08-20 00:28:54,183 - INFO - 	                (22, 19.67428549540517),
2026-08-20 00:28:54,183 - INFO - 	                (23, 19.576135690374024),
2026-08-20 00:28:54,183 - INFO - 	                (24, 19.432815536423785),
2026-08-20 00:28:54,183 - INFO - 	                (25, 19.38066513038216),
2026-08-20 00:28:54,183 - INFO - 	                (26, 19.24257494713514),
2026-08-20 00:28:54,183 - INFO - 	                (27, 19.11411579711502),
2026-08-20 00:28:54,183 - INFO - 	                (28, 19.035088738568128),
2026-08-20 00:28:54,183 - INFO - 	                (29, 18.928214951309823),
2026-08-20 00:28:54,183 - INFO - 	                (30, 18.824279413050505)]}
2026-08-20 00:28:54,183 - INFO - 	History (metrics, centralized):
2026-08-20 00:28:54,183 - INFO - 	{'accuracy': [(1, 0.992980063981774),
2026-08-20 00:28:54,183 - INFO - 	              (2, 0.9927734699114763),
2026-08-20 00:28:54,183 - INFO - 	              (3, 0.992980063981774),
2026-08-20 00:28:54,183 - INFO - 	              (4, 0.992980063981774),
2026-08-20 00:28:54,183 - INFO - 	              (5, 0.9929784447566956),
2026-08-20 00:28:54,183 - INFO - 	              (6, 0.992980063981774),
2026-08-20 00:28:54,183 - INFO - 	              (7, 0.992980063981774),
2026-08-20 00:28:54,183 - INFO - 	              (8, 0.992980063981774),
2026-08-20 00:28:54,183 - INFO - 	              (9, 0.9928354290828588),
2026-08-20 00:28:54,183 - INFO - 	              (10, 0.16781817778743705),
2026-08-20 00:28:54,183 - INFO - 	              (11, 0.00013672927059125075),
2026-08-20 00:28:54,183 - INFO - 	              (12, 0.00013665783419073286),
2026-08-20 00:28:54,183 - INFO - 	              (13, 0.00013665783419073286),
2026-08-20 00:28:54,184 - INFO - 	              (14, 0.00013665783419073286),
2026-08-20 00:28:54,184 - INFO - 	              (15, 0.00013665783419073286),
2026-08-20 00:28:54,184 - INFO - 	              (16, 0.00013665783419073286),
2026-08-20 00:28:54,184 - INFO - 	              (17, 0.00013665783419073286),
2026-08-20 00:28:54,184 - INFO - 	              (18, 0.00013665783419073286),
2026-08-20 00:28:54,184 - INFO - 	              (19, 0.00013665783419073286),
2026-08-20 00:28:54,184 - INFO - 	              (20, 0.00013665783419073286),
2026-08-20 00:28:54,184 - INFO - 	              (21, 0.00013665783419073286),
2026-08-20 00:28:54,184 - INFO - 	              (22, 0.00013665783419073286),
2026-08-20 00:28:54,184 - INFO - 	              (23, 0.00013665783419073286),
2026-08-20 00:28:54,184 - INFO - 	              (24, 0.00013665783419073286),
2026-08-20 00:28:54,184 - INFO - 	              (25, 0.00013665783419073286),
2026-08-20 00:28:54,184 - INFO - 	              (26, 0.00013665783419073286),
2026-08-20 00:28:54,184 - INFO - 	              (27, 0.00013665783419073286),
2026-08-20 00:28:54,184 - INFO - 	              (28, 0.00013665783419073286),
2026-08-20 00:28:54,184 - INFO - 	              (29, 0.00013665783419073286),
2026-08-20 00:28:54,184 - INFO - 	              (30, 0.006580959337043534)],
2026-08-20 00:28:54,184 - INFO - 	 'macro_f1': [(1, 0.09058887897461632),
2026-08-20 00:28:54,184 - INFO - 	              (2, 0.09057951091984241),
2026-08-20 00:28:54,184 - INFO - 	              (3, 0.09058887897461632),
2026-08-20 00:28:54,184 - INFO - 	              (4, 0.09058887897461632),
2026-08-20 00:28:54,184 - INFO - 	              (5, 0.09058880485400782),
2026-08-20 00:28:54,184 - INFO - 	              (6, 0.09058887897461632),
2026-08-20 00:28:54,184 - INFO - 	              (7, 0.09058887897461632),
2026-08-20 00:28:54,184 - INFO - 	              (8, 0.09058887897461632),
2026-08-20 00:28:54,184 - INFO - 	              (9, 0.09058225994983954),
2026-08-20 00:28:54,184 - INFO - 	              (10, 0.02625117432443803),
2026-08-20 00:28:54,184 - INFO - 	              (11, 2.4856565919652893e-05),
2026-08-20 00:28:54,184 - INFO - 	              (12, 2.484348388706785e-05),
2026-08-20 00:28:54,184 - INFO - 	              (13, 2.484348388706785e-05),
2026-08-20 00:28:54,185 - INFO - 	              (14, 2.484348388706785e-05),
2026-08-20 00:28:54,185 - INFO - 	              (15, 2.484348388706785e-05),
2026-08-20 00:28:54,185 - INFO - 	              (16, 2.484348388706785e-05),
2026-08-20 00:28:54,185 - INFO - 	              (17, 2.484348388706785e-05),
2026-08-20 00:28:54,185 - INFO - 	              (18, 2.484348388706785e-05),
2026-08-20 00:28:54,185 - INFO - 	              (19, 2.484348388706785e-05),
2026-08-20 00:28:54,185 - INFO - 	              (20, 2.484348388706785e-05),
2026-08-20 00:28:54,185 - INFO - 	              (21, 2.484348388706785e-05),
2026-08-20 00:28:54,185 - INFO - 	              (22, 2.484348388706785e-05),
2026-08-20 00:28:54,185 - INFO - 	              (23, 2.484348388706785e-05),
2026-08-20 00:28:54,185 - INFO - 	              (24, 2.484348388706785e-05),
2026-08-20 00:28:54,185 - INFO - 	              (25, 2.484348388706785e-05),
2026-08-20 00:28:54,185 - INFO - 	              (26, 2.484348388706785e-05),
2026-08-20 00:28:54,185 - INFO - 	              (27, 2.484348388706785e-05),
2026-08-20 00:28:54,185 - INFO - 	              (28, 2.4843484478563386e-05),
2026-08-20 00:28:54,185 - INFO - 	              (29, 2.484348388706785e-05),
2026-08-20 00:28:54,185 - INFO - 	              (30, 0.0011973563678751983)],
2026-08-20 00:28:54,185 - INFO - 	 'macro_precision': [(1, 0.090270914907434),
2026-08-20 00:28:54,185 - INFO - 	                     (2, 0.09027096148584657),
2026-08-20 00:28:54,185 - INFO - 	                     (3, 0.090270914907434),
2026-08-20 00:28:54,185 - INFO - 	                     (4, 0.090270914907434),
2026-08-20 00:28:54,185 - INFO - 	                     (5, 0.09027091387408175),
2026-08-20 00:28:54,185 - INFO - 	                     (6, 0.090270914907434),
2026-08-20 00:28:54,185 - INFO - 	                     (7, 0.090270914907434),
2026-08-20 00:28:54,185 - INFO - 	                     (8, 0.090270914907434),
2026-08-20 00:28:54,185 - INFO - 	                     (9, 0.09027082689126426),
2026-08-20 00:28:54,185 - INFO - 	                     (10, 0.08983021584316829),
2026-08-20 00:28:54,185 - INFO - 	                     (11, 0.09092151434945027),
2026-08-20 00:28:54,185 - INFO - 	                     (12, 1.2423439471884806e-05),
2026-08-20 00:28:54,185 - INFO - 	                     (13, 1.2423439471884806e-05),
2026-08-20 00:28:54,186 - INFO - 	                     (14, 1.2423439471884806e-05),
2026-08-20 00:28:54,186 - INFO - 	                     (15, 1.2423439471884806e-05),
2026-08-20 00:28:54,186 - INFO - 	                     (16, 1.2423439471884806e-05),
2026-08-20 00:28:54,186 - INFO - 	                     (17, 1.2423439471884806e-05),
2026-08-20 00:28:54,186 - INFO - 	                     (18, 1.2423439471884806e-05),
2026-08-20 00:28:54,186 - INFO - 	                     (19, 1.2423439471884806e-05),
2026-08-20 00:28:54,186 - INFO - 	                     (20, 1.2423439471884806e-05),
2026-08-20 00:28:54,186 - INFO - 	                     (21, 1.2423439471884806e-05),
2026-08-20 00:28:54,186 - INFO - 	                     (22, 1.2423439471884806e-05),
2026-08-20 00:28:54,186 - INFO - 	                     (23, 1.2423439471884806e-05),
2026-08-20 00:28:54,186 - INFO - 	                     (24, 1.2423439471884806e-05),
2026-08-20 00:28:54,186 - INFO - 	                     (25, 1.2423439471884806e-05),
2026-08-20 00:28:54,186 - INFO - 	                     (26, 1.2423439471884806e-05),
2026-08-20 00:28:54,186 - INFO - 	                     (27, 1.2423439471884806e-05),
2026-08-20 00:28:54,186 - INFO - 	                     (28, 1.2423439767713413e-05),
2026-08-20 00:28:54,186 - INFO - 	                     (29, 1.2423439471884806e-05),
2026-08-20 00:28:54,186 - INFO - 	                     (30, 0.09074658486735526)],
2026-08-20 00:28:54,186 - INFO - 	 'macro_recall': [(1, 0.09090909090909091),
2026-08-20 00:28:54,186 - INFO - 	                  (2, 0.09089017685452),
2026-08-20 00:28:54,186 - INFO - 	                  (3, 0.09090909090909091),
2026-08-20 00:28:54,186 - INFO - 	                  (4, 0.09090909090909091),
2026-08-20 00:28:54,186 - INFO - 	                  (5, 0.09090894266615514),
2026-08-20 00:28:54,186 - INFO - 	                  (6, 0.09090909090909091),
2026-08-20 00:28:54,186 - INFO - 	                  (7, 0.09090909090909091),
2026-08-20 00:28:54,186 - INFO - 	                  (8, 0.09090909090909091),
2026-08-20 00:28:54,186 - INFO - 	                  (9, 0.09089584932685674),
2026-08-20 00:28:54,186 - INFO - 	                  (10, 0.10626063228856014),
2026-08-20 00:28:54,187 - INFO - 	                  (11, 0.09090909744922043),
2026-08-20 00:28:54,187 - INFO - 	                  (12, 0.09090909090909091),
2026-08-20 00:28:54,187 - INFO - 	                  (13, 0.09090909090909091),
2026-08-20 00:28:54,187 - INFO - 	                  (14, 0.09090909090909091),
2026-08-20 00:28:54,187 - INFO - 	                  (15, 0.09090909090909091),
2026-08-20 00:28:54,187 - INFO - 	                  (16, 0.09090909090909091),
2026-08-20 00:28:54,187 - INFO - 	                  (17, 0.09090909090909091),
2026-08-20 00:28:54,187 - INFO - 	                  (18, 0.09090909090909091),
2026-08-20 00:28:54,187 - INFO - 	                  (19, 0.09090909090909091),
2026-08-20 00:28:54,187 - INFO - 	                  (20, 0.09090909090909091),
2026-08-20 00:28:54,187 - INFO - 	                  (21, 0.09090909090909091),
2026-08-20 00:28:54,187 - INFO - 	                  (22, 0.09090909090909091),
2026-08-20 00:28:54,187 - INFO - 	                  (23, 0.09090909090909091),
2026-08-20 00:28:54,187 - INFO - 	                  (24, 0.09090909090909091),
2026-08-20 00:28:54,187 - INFO - 	                  (25, 0.09090909090909091),
2026-08-20 00:28:54,187 - INFO - 	                  (26, 0.09090909090909091),
2026-08-20 00:28:54,187 - INFO - 	                  (27, 0.09090909090909091),
2026-08-20 00:28:54,187 - INFO - 	                  (28, 0.09090909090909091),
2026-08-20 00:28:54,187 - INFO - 	                  (29, 0.09090909090909091),
2026-08-20 00:28:54,187 - INFO - 	                  (30, 0.09149907817310429)],
2026-08-20 00:28:54,187 - INFO - 	 'micro_f1': [(1, 0.992980063981774),
2026-08-20 00:28:54,187 - INFO - 	              (2, 0.9927734699114763),
2026-08-20 00:28:54,187 - INFO - 	              (3, 0.992980063981774),
2026-08-20 00:28:54,187 - INFO - 	              (4, 0.992980063981774),
2026-08-20 00:28:54,187 - INFO - 	              (5, 0.9929784447566956),
2026-08-20 00:28:54,187 - INFO - 	              (6, 0.992980063981774),
2026-08-20 00:28:54,188 - INFO - 	              (7, 0.992980063981774),
2026-08-20 00:28:54,188 - INFO - 	              (8, 0.992980063981774),
2026-08-20 00:28:54,188 - INFO - 	              (9, 0.9928354290828588),
2026-08-20 00:28:54,188 - INFO - 	              (10, 0.16781817778743705),
2026-08-20 00:28:54,188 - INFO - 	              (11, 0.00013672927059125075),
2026-08-20 00:28:54,188 - INFO - 	              (12, 0.00013665783419073286),
2026-08-20 00:28:54,188 - INFO - 	              (13, 0.00013665783419073286),
2026-08-20 00:28:54,188 - INFO - 	              (14, 0.00013665783419073286),
2026-08-20 00:28:54,188 - INFO - 	              (15, 0.00013665783419073286),
2026-08-20 00:28:54,188 - INFO - 	              (16, 0.00013665783419073286),
2026-08-20 00:28:54,188 - INFO - 	              (17, 0.00013665783419073286),
2026-08-20 00:28:54,188 - INFO - 	              (18, 0.00013665783419073286),
2026-08-20 00:28:54,188 - INFO - 	              (19, 0.00013665783419073286),
2026-08-20 00:28:54,188 - INFO - 	              (20, 0.00013665783419073286),
2026-08-20 00:28:54,188 - INFO - 	              (21, 0.00013665783419073286),
2026-08-20 00:28:54,188 - INFO - 	              (22, 0.00013665783419073286),
2026-08-20 00:28:54,188 - INFO - 	              (23, 0.00013665783419073286),
2026-08-20 00:28:54,188 - INFO - 	              (24, 0.00013665783419073286),
2026-08-20 00:28:54,188 - INFO - 	              (25, 0.00013665783419073286),
2026-08-20 00:28:54,188 - INFO - 	              (26, 0.00013665783419073286),
2026-08-20 00:28:54,188 - INFO - 	              (27, 0.00013665783419073286),
2026-08-20 00:28:54,188 - INFO - 	              (28, 0.00013665783419073286),
2026-08-20 00:28:54,188 - INFO - 	              (29, 0.00013665783419073286),
2026-08-20 00:28:54,188 - INFO - 	              (30, 0.006580959337043534)],
2026-08-20 00:28:54,188 - INFO - 	 'micro_precision': [(1, 0.992980063981774),
2026-08-20 00:28:54,188 - INFO - 	                     (2, 0.9927734699114763),
2026-08-20 00:28:54,188 - INFO - 	                     (3, 0.992980063981774),
2026-08-20 00:28:54,188 - INFO - 	                     (4, 0.992980063981774),
2026-08-20 00:28:54,189 - INFO - 	                     (5, 0.9929784447566956),
2026-08-20 00:28:54,189 - INFO - 	                     (6, 0.992980063981774),
2026-08-20 00:28:54,189 - INFO - 	                     (7, 0.992980063981774),
2026-08-20 00:28:54,189 - INFO - 	                     (8, 0.992980063981774),
2026-08-20 00:28:54,189 - INFO - 	                     (9, 0.9928354290828588),
2026-08-20 00:28:54,189 - INFO - 	                     (10, 0.16781817778743705),
2026-08-20 00:28:54,189 - INFO - 	                     (11, 0.00013672927059125075),
2026-08-20 00:28:54,189 - INFO - 	                     (12, 0.00013665783419073286),
2026-08-20 00:28:54,189 - INFO - 	                     (13, 0.00013665783419073286),
2026-08-20 00:28:54,189 - INFO - 	                     (14, 0.00013665783419073286),
2026-08-20 00:28:54,189 - INFO - 	                     (15, 0.00013665783419073286),
2026-08-20 00:28:54,189 - INFO - 	                     (16, 0.00013665783419073286),
2026-08-20 00:28:54,189 - INFO - 	                     (17, 0.00013665783419073286),
2026-08-20 00:28:54,189 - INFO - 	                     (18, 0.00013665783419073286),
2026-08-20 00:28:54,189 - INFO - 	                     (19, 0.00013665783419073286),
2026-08-20 00:28:54,189 - INFO - 	                     (20, 0.00013665783419073286),
2026-08-20 00:28:54,189 - INFO - 	                     (21, 0.00013665783419073286),
2026-08-20 00:28:54,189 - INFO - 	                     (22, 0.00013665783419073286),
2026-08-20 00:28:54,189 - INFO - 	                     (23, 0.00013665783419073286),
2026-08-20 00:28:54,189 - INFO - 	                     (24, 0.00013665783419073286),
2026-08-20 00:28:54,189 - INFO - 	                     (25, 0.00013665783419073286),
2026-08-20 00:28:54,189 - INFO - 	                     (26, 0.00013665783419073286),
2026-08-20 00:28:54,189 - INFO - 	                     (27, 0.00013665783419073286),
2026-08-20 00:28:54,189 - INFO - 	                     (28, 0.00013665783419073286),
2026-08-20 00:28:54,189 - INFO - 	                     (29, 0.00013665783419073286),
2026-08-20 00:28:54,190 - INFO - 	                     (30, 0.006580959337043534)],
2026-08-20 00:28:54,190 - INFO - 	 'micro_recall': [(1, 0.992980063981774),
2026-08-20 00:28:54,190 - INFO - 	                  (2, 0.9927734699114763),
2026-08-20 00:28:54,190 - INFO - 	                  (3, 0.992980063981774),
2026-08-20 00:28:54,190 - INFO - 	                  (4, 0.992980063981774),
2026-08-20 00:28:54,190 - INFO - 	                  (5, 0.9929784447566956),
2026-08-20 00:28:54,190 - INFO - 	                  (6, 0.992980063981774),
2026-08-20 00:28:54,190 - INFO - 	                  (7, 0.992980063981774),
2026-08-20 00:28:54,190 - INFO - 	                  (8, 0.992980063981774),
2026-08-20 00:28:54,190 - INFO - 	                  (9, 0.9928354290828588),
2026-08-20 00:28:54,190 - INFO - 	                  (10, 0.16781817778743705),
2026-08-20 00:28:54,190 - INFO - 	                  (11, 0.00013672927059125075),
2026-08-20 00:28:54,190 - INFO - 	                  (12, 0.00013665783419073286),
2026-08-20 00:28:54,190 - INFO - 	                  (13, 0.00013665783419073286),
2026-08-20 00:28:54,190 - INFO - 	                  (14, 0.00013665783419073286),
2026-08-20 00:28:54,190 - INFO - 	                  (15, 0.00013665783419073286),
2026-08-20 00:28:54,190 - INFO - 	                  (16, 0.00013665783419073286),
2026-08-20 00:28:54,190 - INFO - 	                  (17, 0.00013665783419073286),
2026-08-20 00:28:54,190 - INFO - 	                  (18, 0.00013665783419073286),
2026-08-20 00:28:54,190 - INFO - 	                  (19, 0.00013665783419073286),
2026-08-20 00:28:54,191 - INFO - 	                  (20, 0.00013665783419073286),
2026-08-20 00:28:54,191 - INFO - 	                  (21, 0.00013665783419073286),
2026-08-20 00:28:54,191 - INFO - 	                  (22, 0.00013665783419073286),
2026-08-20 00:28:54,191 - INFO - 	                  (23, 0.00013665783419073286),
2026-08-20 00:28:54,191 - INFO - 	                  (24, 0.00013665783419073286),
2026-08-20 00:28:54,191 - INFO - 	                  (25, 0.00013665783419073286),
2026-08-20 00:28:54,191 - INFO - 	                  (26, 0.00013665783419073286),
2026-08-20 00:28:54,191 - INFO - 	                  (27, 0.00013665783419073286),
2026-08-20 00:28:54,191 - INFO - 	                  (28, 0.00013665783419073286),
2026-08-20 00:28:54,191 - INFO - 	                  (29, 0.00013665783419073286),
2026-08-20 00:28:54,191 - INFO - 	                  (30, 0.006580959337043534)],
2026-08-20 00:28:54,191 - INFO - 	 'weighted_f1': [(1, 0.9894824592427686),
2026-08-20 00:28:54,191 - INFO - 	                 (2, 0.989380134034852),
2026-08-20 00:28:54,191 - INFO - 	                 (3, 0.9894824592427686),
2026-08-20 00:28:54,191 - INFO - 	                 (4, 0.9894824592427686),
2026-08-20 00:28:54,191 - INFO - 	                 (5, 0.9894816496396163),
2026-08-20 00:28:54,192 - INFO - 	                 (6, 0.9894824592427686),
2026-08-20 00:28:54,192 - INFO - 	                 (7, 0.9894824592427686),
2026-08-20 00:28:54,192 - INFO - 	                 (8, 0.9894824592427686),
2026-08-20 00:28:54,192 - INFO - 	                 (9, 0.9894101610866588),
2026-08-20 00:28:54,192 - INFO - 	                 (10, 0.28640904360992986),
2026-08-20 00:28:54,192 - INFO - 	                 (11, 1.8021841714413987e-07),
2026-08-20 00:28:54,192 - INFO - 	                 (12, 3.7345623719349683e-08),
2026-08-20 00:28:54,192 - INFO - 	                 (13, 3.7345623719349683e-08),
2026-08-20 00:28:54,192 - INFO - 	                 (14, 3.7345623719349683e-08),
2026-08-20 00:28:54,192 - INFO - 	                 (15, 3.7345623719349683e-08),
2026-08-20 00:28:54,192 - INFO - 	                 (16, 3.7345623719349683e-08),
2026-08-20 00:28:54,192 - INFO - 	                 (17, 3.7345623719349683e-08),
2026-08-20 00:28:54,192 - INFO - 	                 (18, 3.7345623719349683e-08),
2026-08-20 00:28:54,192 - INFO - 	                 (19, 3.7345623719349683e-08),
2026-08-20 00:28:54,193 - INFO - 	                 (20, 3.7345623719349683e-08),
2026-08-20 00:28:54,193 - INFO - 	                 (21, 3.7345623719349683e-08),
2026-08-20 00:28:54,193 - INFO - 	                 (22, 3.7345623719349683e-08),
2026-08-20 00:28:54,193 - INFO - 	                 (23, 3.7345623719349683e-08),
2026-08-20 00:28:54,193 - INFO - 	                 (24, 3.7345623719349683e-08),
2026-08-20 00:28:54,193 - INFO - 	                 (25, 3.7345623719349683e-08),
2026-08-20 00:28:54,193 - INFO - 	                 (26, 3.7345623719349683e-08),
2026-08-20 00:28:54,193 - INFO - 	                 (27, 3.7345623719349683e-08),
2026-08-20 00:28:54,193 - INFO - 	                 (28, 3.734562460850716e-08),
2026-08-20 00:28:54,193 - INFO - 	                 (29, 3.7345623719349683e-08),
2026-08-20 00:28:54,193 - INFO - 	                 (30, 0.012805375450483259)],
2026-08-20 00:28:54,193 - INFO - 	 'weighted_precision': [(1, 0.986009407465248),
2026-08-20 00:28:54,193 - INFO - 	                        (2, 0.986009916231034),
2026-08-20 00:28:54,193 - INFO - 	                        (3, 0.986009407465248),
2026-08-20 00:28:54,193 - INFO - 	                        (4, 0.986009407465248),
2026-08-20 00:28:54,193 - INFO - 	                        (5, 0.986009396178168),
2026-08-20 00:28:54,193 - INFO - 	                        (6, 0.986009407465248),
2026-08-20 00:28:54,193 - INFO - 	                        (7, 0.986009407465248),
2026-08-20 00:28:54,194 - INFO - 	                        (8, 0.986009407465248),
2026-08-20 00:28:54,194 - INFO - 	                        (9, 0.9860084460839275),
2026-08-20 00:28:54,194 - INFO - 	                        (10, 0.9810323329607294),
2026-08-20 00:28:54,194 - INFO - 	                        (11, 0.992980082657139),
2026-08-20 00:28:54,194 - INFO - 	                        (12, 1.8675363645701835e-08),
2026-08-20 00:28:54,194 - INFO - 	                        (13, 1.8675363645701835e-08),
2026-08-20 00:28:54,194 - INFO - 	                        (14, 1.8675363645701835e-08),
2026-08-20 00:28:54,194 - INFO - 	                        (15, 1.8675363645701835e-08),
2026-08-20 00:28:54,194 - INFO - 	                        (16, 1.8675363645701835e-08),
2026-08-20 00:28:54,194 - INFO - 	                        (17, 1.8675363645701835e-08),
2026-08-20 00:28:54,194 - INFO - 	                        (18, 1.8675363645701835e-08),
2026-08-20 00:28:54,194 - INFO - 	                        (19, 1.8675363645701835e-08),
2026-08-20 00:28:54,194 - INFO - 	                        (20, 1.8675363645701835e-08),
2026-08-20 00:28:54,194 - INFO - 	                        (21, 1.8675363645701835e-08),
2026-08-20 00:28:54,194 - INFO - 	                        (22, 1.8675363645701835e-08),
2026-08-20 00:28:54,194 - INFO - 	                        (23, 1.8675363645701835e-08),
2026-08-20 00:28:54,194 - INFO - 	                        (24, 1.8675363645701835e-08),
2026-08-20 00:28:54,194 - INFO - 	                        (25, 1.8675363645701835e-08),
2026-08-20 00:28:54,195 - INFO - 	                        (26, 1.8675363645701835e-08),
2026-08-20 00:28:54,195 - INFO - 	                        (27, 1.8675363645701835e-08),
2026-08-20 00:28:54,195 - INFO - 	                        (28, 1.8675364090402096e-08),
2026-08-20 00:28:54,195 - INFO - 	                        (29, 1.8675363645701835e-08),
2026-08-20 00:28:54,195 - INFO - 	                        (30, 0.9910684845538903)],
2026-08-20 00:28:54,195 - INFO - 	 'weighted_recall': [(1, 0.992980063981774),
2026-08-20 00:28:54,195 - INFO - 	                     (2, 0.9927734699114763),
2026-08-20 00:28:54,195 - INFO - 	                     (3, 0.992980063981774),
2026-08-20 00:28:54,195 - INFO - 	                     (4, 0.992980063981774),
2026-08-20 00:28:54,195 - INFO - 	                     (5, 0.9929784447566956),
2026-08-20 00:28:54,195 - INFO - 	                     (6, 0.992980063981774),
2026-08-20 00:28:54,195 - INFO - 	                     (7, 0.992980063981774),
2026-08-20 00:28:54,195 - INFO - 	                     (8, 0.992980063981774),
2026-08-20 00:28:54,196 - INFO - 	                     (9, 0.9928354290828588),
2026-08-20 00:28:54,196 - INFO - 	                     (10, 0.16781817778743705),
2026-08-20 00:28:54,196 - INFO - 	                     (11, 0.00013672927059125075),
2026-08-20 00:28:54,196 - INFO - 	                     (12, 0.00013665783419073286),
2026-08-20 00:28:54,196 - INFO - 	                     (13, 0.00013665783419073286),
2026-08-20 00:28:54,196 - INFO - 	                     (14, 0.00013665783419073286),
2026-08-20 00:28:54,196 - INFO - 	                     (15, 0.00013665783419073286),
2026-08-20 00:28:54,196 - INFO - 	                     (16, 0.00013665783419073286),
2026-08-20 00:28:54,196 - INFO - 	                     (17, 0.00013665783419073286),
2026-08-20 00:28:54,196 - INFO - 	                     (18, 0.00013665783419073286),
2026-08-20 00:28:54,196 - INFO - 	                     (19, 0.00013665783419073286),
2026-08-20 00:28:54,196 - INFO - 	                     (20, 0.00013665783419073286),
2026-08-20 00:28:54,196 - INFO - 	                     (21, 0.00013665783419073286),
2026-08-20 00:28:54,196 - INFO - 	                     (22, 0.00013665783419073286),
2026-08-20 00:28:54,196 - INFO - 	                     (23, 0.00013665783419073286),
2026-08-20 00:28:54,196 - INFO - 	                     (24, 0.00013665783419073286),
2026-08-20 00:28:54,196 - INFO - 	                     (25, 0.00013665783419073286),
2026-08-20 00:28:54,196 - INFO - 	                     (26, 0.00013665783419073286),
2026-08-20 00:28:54,197 - INFO - 	                     (27, 0.00013665783419073286),
2026-08-20 00:28:54,197 - INFO - 	                     (28, 0.00013665783419073286),
2026-08-20 00:28:54,197 - INFO - 	                     (29, 0.00013665783419073286),
2026-08-20 00:28:54,197 - INFO - 	                     (30, 0.006580959337043534)]}
2026-08-20 00:28:54,197 - INFO - 
2026-08-20 00:28:54,202 - INFO - Nap global test: /kaggle/input/datasets/tongxuanvu/100clientiov/global_test_data.pt
2026-08-20 00:28:56,039 - INFO - Global test goc: n=42048683
2026-08-20 00:28:57,751 - INFO - Task 4: loc ve lop 0-12 -> n=42048683
2026-08-20 00:28:57,751 - INFO - Danh gia moi round tren n=42048683 mau (dtype=float16)
2026-08-20 00:28:57,794 - INFO - ===== Task 4: 100 client, 30 round =====
2026-08-20 00:28:57,794 - WARNING - DEPRECATED FEATURE: flwr.simulation.start_simulation() is deprecated.
	Instead, use the `flwr run` CLI command to start a local simulation in your Flower app, as shown for example below:

		$ flwr new  # Create a new Flower app from a template

		$ flwr run  # Run the Flower app in Simulation Mode

	Using `start_simulation()` is deprecated.

            This is a deprecated feature. It will be removed
            entirely in future versions of Flower.
        
2026-08-20 00:28:57,795 - INFO - Starting Flower simulation, config: num_rounds=30, no round_timeout
2026-08-20 00:29:08,187 - INFO - Flower VCE: Ray initialized with resources: {'CPU': 4.0, 'accelerator_type:T4': 1.0, 'object_store_memory': 8078340096.0, 'node:172.19.2.2': 1.0, 'GPU': 2.0, 'memory': 18849460224.0, 'node:__internal_head__': 1.0}
2026-08-20 00:29:08,187 - INFO - Optimize your simulation with Flower VCE: https://flower.ai/docs/framework/how-to-run-simulations.html
2026-08-20 00:29:08,187 - INFO - Flower VCE: Resources for each Virtual Client: {'num_cpus': 1.0, 'num_gpus': 0.5}
2026-08-20 00:29:08,206 - INFO - Flower VCE: Creating VirtualClientEngineActorPool with 4 actors
2026-08-20 00:29:08,208 - INFO - [INIT]
2026-08-20 00:29:08,208 - INFO - Using initial global parameters provided by strategy
2026-08-20 00:29:08,208 - INFO - Starting evaluation of initial global parameters
2026-08-20 00:29:08,212 - INFO - Evaluation returned no results (`None`)
2026-08-20 00:29:08,213 - INFO - 
2026-08-20 00:29:08,213 - INFO - [ROUND 1]
2026-08-20 00:29:08,214 - INFO - configure_fit: strategy sampled 100 clients (out of 100)
2026-08-20 00:29:27,528 - INFO - aggregate_fit: received 100 results and 0 failures
2026-08-20 00:29:27,695 - WARNING - No fit_metrics_aggregation_fn provided
2026-08-20 00:29:27,696 - INFO - Eq.9 p(y) tu client: 0.000 0.000 0.000 0.000 0.000 0.000 0.000 0.000 0.000 0.000 0.000 0.371 0.629
2026-08-20 00:29:49,043 - INFO - [Round 1] data-free KD 30 vong: gen_loss=26.9930 stu_loss=22.9398 (CE 22.5362)
2026-08-20 00:29:49,096 - INFO - [Round 122] luu checkpoint -> out_full/checkpoints/round_122.pth
2026-08-20 00:37:40,640 - INFO - [Round 122] loss=2.0269 acc=0.0207 | micro P/R/F1=0.0207/0.0207/0.0207 | macro P/R/F1=0.0767/0.0785/0.0031 | weighted P/R/F1=0.9887/0.0207/0.0403
2026-08-20 00:37:40,642 - INFO - fit progress: (1, 2.026881794877947, {'accuracy': 0.020680766624724012, 'micro_precision': 0.020680766624724012, 'micro_recall': 0.020680766624724012, 'micro_f1': 0.020680766624724012, 'macro_precision': 0.07670314938505157, 'macro_recall': 0.07851659792706576, 'macro_f1': 0.0031436057754683426, 'weighted_precision': 0.9887481410812299, 'weighted_recall': 0.020680766624724012, 'weighted_f1': 0.040252238755418564}, 512.4285555710012)
2026-08-20 00:37:40,642 - INFO - configure_evaluate: no clients selected, skipping evaluation
2026-08-20 00:37:40,642 - INFO - 
2026-08-20 00:37:40,642 - INFO - [ROUND 2]
2026-08-20 00:37:40,642 - INFO - configure_fit: strategy sampled 100 clients (out of 100)
2026-08-20 00:37:43,754 - INFO - aggregate_fit: received 100 results and 0 failures
2026-08-20 00:37:43,917 - INFO - [Round 2] 100/100 client tiep tuc model cuc bo (Algorithm 1 dong 10)
2026-08-20 00:38:05,749 - INFO - [Round 2] data-free KD 30 vong: gen_loss=24.2255 stu_loss=16.7112 (CE 16.3657)
2026-08-20 00:38:05,806 - INFO - [Round 123] luu checkpoint -> out_full/checkpoints/round_123.pth
2026-08-20 00:45:59,710 - INFO - [Round 123] loss=1.3487 acc=0.1443 | micro P/R/F1=0.1443/0.1443/0.1443 | macro P/R/F1=0.0759/0.0609/0.0195 | weighted P/R/F1=0.9790/0.1443/0.2514
2026-08-20 00:45:59,712 - INFO - fit progress: (2, 1.3486896680619733, {'accuracy': 0.14430504280003253, 'micro_precision': 0.14430504280003253, 'micro_recall': 0.14430504280003253, 'micro_f1': 0.14430504280003253, 'macro_precision': 0.07594724748725444, 'macro_recall': 0.06087323570870532, 'macro_f1': 0.01951586195262106, 'weighted_precision': 0.979038575370975, 'weighted_recall': 0.1443050428000325, 'weighted_f1': 0.2514012396014009}, 1011.4987811200008)
2026-08-20 00:45:59,712 - INFO - configure_evaluate: no clients selected, skipping evaluation
2026-08-20 00:45:59,712 - INFO - 
2026-08-20 00:45:59,712 - INFO - [ROUND 3]
2026-08-20 00:45:59,712 - INFO - configure_fit: strategy sampled 100 clients (out of 100)
2026-08-20 00:46:02,210 - INFO - aggregate_fit: received 100 results and 0 failures
2026-08-20 00:46:02,374 - INFO - [Round 3] 100/100 client tiep tuc model cuc bo (Algorithm 1 dong 10)
2026-08-20 00:46:23,588 - INFO - [Round 3] data-free KD 30 vong: gen_loss=25.2780 stu_loss=12.1005 (CE 11.1869)
2026-08-20 00:46:23,641 - INFO - [Round 124] luu checkpoint -> out_full/checkpoints/round_124.pth
2026-08-20 00:54:12,434 - INFO - [Round 124] loss=1.5322 acc=0.4411 | micro P/R/F1=0.4411/0.4411/0.4411 | macro P/R/F1=0.0763/0.0782/0.0473 | weighted P/R/F1=0.9837/0.4411/0.6091
2026-08-20 00:54:12,435 - INFO - fit progress: (3, 1.5321535322718656, {'accuracy': 0.4411391909706185, 'micro_precision': 0.4411391909706185, 'micro_recall': 0.4411391909706185, 'micro_f1': 0.4411391909706185, 'macro_precision': 0.07631475681626486, 'macro_recall': 0.0781880967670862, 'macro_f1': 0.04726289114294886, 'weighted_precision': 0.9837397005560333, 'weighted_recall': 0.4411391909706185, 'weighted_f1': 0.6090526918987486}, 1504.2219362820033)
2026-08-20 00:54:12,435 - INFO - configure_evaluate: no clients selected, skipping evaluation
2026-08-20 00:54:12,435 - INFO - 
2026-08-20 00:54:12,435 - INFO - [ROUND 4]
2026-08-20 00:54:12,436 - INFO - configure_fit: strategy sampled 100 clients (out of 100)
2026-08-20 00:54:14,911 - INFO - aggregate_fit: received 100 results and 0 failures
2026-08-20 00:54:15,065 - INFO - [Round 4] 100/100 client tiep tuc model cuc bo (Algorithm 1 dong 10)
2026-08-20 00:54:36,087 - INFO - [Round 4] data-free KD 30 vong: gen_loss=26.7189 stu_loss=9.9828 (CE 8.5820)
2026-08-20 00:54:36,137 - INFO - [Round 125] luu checkpoint -> out_full/checkpoints/round_125.pth
2026-08-20 01:02:21,159 - INFO - [Round 125] loss=1.5604 acc=0.5280 | micro P/R/F1=0.5280/0.5280/0.5280 | macro P/R/F1=0.0763/0.0849/0.0533 | weighted P/R/F1=0.9836/0.5280/0.6871
2026-08-20 01:02:24,186 - INFO - Luu out_full/confusion_matrix_task4.csv
2026-08-20 01:02:24,186 - INFO - Luu out_full/confusion_matrix_task4_normalized.csv
2026-08-20 01:02:34,062 - INFO - Luu out_full/classification_report_task4.txt
                 precision    recall  f1-score   support

         Benign     0.9919    0.5323    0.6928  41700592
            DoS     0.0000    0.0000    0.0000    145129
         double     0.0000    0.0000    0.0000     12413
  force-neutral     0.0000    0.0000    0.0000      5744
        fuzzing     0.0000    0.0000    0.0000     67321
       interval     0.0000    0.0000    0.0000     40542
            rpm     0.0000    0.0000    0.0000      5043
  rpm-accessory     0.0000    0.0000    0.0000      3146
          speed     0.0000    0.0000    0.0000      7471
speed-accessory     0.0000    0.0000    0.0000      2257
     standstill     0.0002    0.5717    0.0003      5739
     systematic     0.0000    0.0000    0.0000     19791
         triple     0.0000    0.0000    0.0000     33495

       accuracy                         0.5280  42048683
      macro avg     0.0763    0.0849    0.0533  42048683
   weighted avg     0.9836    0.5280    0.6871  42048683

2026-08-20 01:02:34,651 - INFO - Luu out_full/confusion_matrix_task4.png
2026-08-20 01:02:34,652 - INFO - fit progress: (4, 1.5603957468135394, {'accuracy': 0.5279809120299915, 'micro_precision': 0.5279809120299915, 'micro_recall': 0.5279809120299915, 'micro_f1': 0.5279809120299915, 'macro_precision': 0.07630978375220464, 'macro_recall': 0.0849239908098079, 'macro_f1': 0.05331839268269228, 'weighted_precision': 0.9836494966587052, 'weighted_recall': 0.5279809120299915, 'weighted_f1': 0.6870703822309514}, 2006.438793194)
2026-08-20 01:02:34,652 - INFO - configure_evaluate: no clients selected, skipping evaluation
2026-08-20 01:02:34,652 - INFO - 
2026-08-20 01:02:34,652 - INFO - [ROUND 5]
2026-08-20 01:02:34,653 - INFO - configure_fit: strategy sampled 100 clients (out of 100)
2026-08-20 01:02:37,151 - INFO - aggregate_fit: received 100 results and 0 failures
2026-08-20 01:02:37,308 - INFO - [Round 5] 100/100 client tiep tuc model cuc bo (Algorithm 1 dong 10)
2026-08-20 01:02:58,404 - INFO - [Round 5] data-free KD 30 vong: gen_loss=28.6909 stu_loss=7.8915 (CE 6.1725)
2026-08-20 01:02:58,456 - INFO - [Round 126] luu checkpoint -> out_full/checkpoints/round_126.pth
2026-08-20 01:10:38,088 - INFO - [Round 126] loss=1.5078 acc=0.9917 | micro P/R/F1=0.9917/0.9917/0.9917 | macro P/R/F1=0.0763/0.0769/0.0766 | weighted P/R/F1=0.9835/0.9917/0.9876
2026-08-20 01:10:38,090 - INFO - fit progress: (5, 1.5077750906014382, {'accuracy': 0.9917198357912899, 'micro_precision': 0.9917198357912899, 'micro_recall': 0.9917198357912899, 'micro_f1': 0.9917198357912899, 'macro_precision': 0.07628628635369335, 'macro_recall': 0.07692293119557557, 'macro_f1': 0.07660328601918548, 'weighted_precision': 0.9835119671071967, 'weighted_recall': 0.9917198357912899, 'weighted_f1': 0.9875988479803198}, 2489.876520454003)
2026-08-20 01:10:38,090 - INFO - configure_evaluate: no clients selected, skipping evaluation
2026-08-20 01:10:38,090 - INFO - 
2026-08-20 01:10:38,090 - INFO - [ROUND 6]
2026-08-20 01:10:38,090 - INFO - configure_fit: strategy sampled 100 clients (out of 100)
2026-08-20 01:10:40,491 - INFO - aggregate_fit: received 100 results and 0 failures
2026-08-20 01:10:40,644 - INFO - [Round 6] 100/100 client tiep tuc model cuc bo (Algorithm 1 dong 10)
2026-08-20 01:11:01,572 - INFO - [Round 6] data-free KD 30 vong: gen_loss=30.9824 stu_loss=6.5453 (CE 4.5595)
2026-08-20 01:11:01,623 - INFO - [Round 127] luu checkpoint -> out_full/checkpoints/round_127.pth
2026-08-20 01:18:47,068 - INFO - [Round 127] loss=1.2899 acc=0.9917 | micro P/R/F1=0.9917/0.9917/0.9917 | macro P/R/F1=0.0763/0.0769/0.0766 | weighted P/R/F1=0.9835/0.9917/0.9876
2026-08-20 01:18:47,069 - INFO - fit progress: (6, 1.2899413025915658, {'accuracy': 0.9917217145659473, 'micro_precision': 0.9917217145659473, 'micro_recall': 0.9917217145659473, 'micro_f1': 0.9917217145659473, 'macro_precision': 0.07628628573584209, 'macro_recall': 0.07692307692307693, 'macro_f1': 0.07660335796707127, 'weighted_precision': 0.9835119591416223, 'weighted_recall': 0.9917217145659473, 'weighted_f1': 0.987599775559968}, 2978.856168780003)
2026-08-20 01:18:47,070 - INFO - configure_evaluate: no clients selected, skipping evaluation
2026-08-20 01:18:47,070 - INFO - 
2026-08-20 01:18:47,070 - INFO - [ROUND 7]
2026-08-20 01:18:47,070 - INFO - configure_fit: strategy sampled 100 clients (out of 100)
2026-08-20 01:18:49,823 - INFO - aggregate_fit: received 100 results and 0 failures
2026-08-20 01:18:49,982 - INFO - [Round 7] 100/100 client tiep tuc model cuc bo (Algorithm 1 dong 10)
2026-08-20 01:19:11,594 - INFO - [Round 7] data-free KD 30 vong: gen_loss=31.4860 stu_loss=5.9458 (CE 3.9162)
2026-08-20 01:19:11,648 - INFO - [Round 128] luu checkpoint -> out_full/checkpoints/round_128.pth
2026-08-20 01:26:56,654 - INFO - [Round 128] loss=1.3486 acc=0.9917 | micro P/R/F1=0.9917/0.9917/0.9917 | macro P/R/F1=0.0763/0.0769/0.0766 | weighted P/R/F1=0.9835/0.9917/0.9876
2026-08-20 01:26:56,656 - INFO - fit progress: (7, 1.348630556708629, {'accuracy': 0.9917217145659473, 'micro_precision': 0.9917217145659473, 'micro_recall': 0.9917217145659473, 'micro_f1': 0.9917217145659473, 'macro_precision': 0.07628628573584209, 'macro_recall': 0.07692307692307693, 'macro_f1': 0.07660335796707127, 'weighted_precision': 0.9835119591416223, 'weighted_recall': 0.9917217145659473, 'weighted_f1': 0.987599775559968}, 3468.4424230840013)
2026-08-20 01:26:56,656 - INFO - configure_evaluate: no clients selected, skipping evaluation
2026-08-20 01:26:56,656 - INFO - 
2026-08-20 01:26:56,656 - INFO - [ROUND 8]
2026-08-20 01:26:56,656 - INFO - configure_fit: strategy sampled 100 clients (out of 100)
2026-08-20 01:26:59,311 - INFO - aggregate_fit: received 100 results and 0 failures
2026-08-20 01:26:59,472 - INFO - [Round 8] 100/100 client tiep tuc model cuc bo (Algorithm 1 dong 10)
2026-08-20 01:27:20,680 - INFO - [Round 8] data-free KD 30 vong: gen_loss=33.0195 stu_loss=5.1766 (CE 3.0684)
2026-08-20 01:27:20,732 - INFO - [Round 129] luu checkpoint -> out_full/checkpoints/round_129.pth
2026-08-20 01:35:08,375 - INFO - [Round 129] loss=1.1450 acc=0.9917 | micro P/R/F1=0.9917/0.9917/0.9917 | macro P/R/F1=0.0763/0.0769/0.0766 | weighted P/R/F1=0.9835/0.9917/0.9876
2026-08-20 01:35:08,377 - INFO - fit progress: (8, 1.1449509984379085, {'accuracy': 0.9917217145659473, 'micro_precision': 0.9917217145659473, 'micro_recall': 0.9917217145659473, 'micro_f1': 0.9917217145659473, 'macro_precision': 0.07628628573584209, 'macro_recall': 0.07692307692307693, 'macro_f1': 0.07660335796707127, 'weighted_precision': 0.9835119591416223, 'weighted_recall': 0.9917217145659473, 'weighted_f1': 0.987599775559968}, 3960.1637111029995)
2026-08-20 01:35:08,377 - INFO - configure_evaluate: no clients selected, skipping evaluation
2026-08-20 01:35:08,377 - INFO - 
2026-08-20 01:35:08,377 - INFO - [ROUND 9]
2026-08-20 01:35:08,378 - INFO - configure_fit: strategy sampled 100 clients (out of 100)
2026-08-20 01:35:10,786 - INFO - aggregate_fit: received 100 results and 0 failures
2026-08-20 01:35:10,944 - INFO - [Round 9] 100/100 client tiep tuc model cuc bo (Algorithm 1 dong 10)
2026-08-20 01:35:32,204 - INFO - [Round 9] data-free KD 30 vong: gen_loss=33.9264 stu_loss=4.6195 (CE 2.5981)
2026-08-20 01:35:32,257 - INFO - [Round 130] luu checkpoint -> out_full/checkpoints/round_130.pth
2026-08-20 01:43:19,657 - INFO - [Round 130] loss=0.8031 acc=0.9917 | micro P/R/F1=0.9917/0.9917/0.9917 | macro P/R/F1=0.0763/0.0769/0.0766 | weighted P/R/F1=0.9835/0.9917/0.9876
2026-08-20 01:43:22,456 - INFO - Luu out_full/confusion_matrix_task4.csv
2026-08-20 01:43:22,456 - INFO - Luu out_full/confusion_matrix_task4_normalized.csv
2026-08-20 01:43:30,619 - INFO - Luu out_full/classification_report_task4.txt
                 precision    recall  f1-score   support

         Benign     0.9917    1.0000    0.9958  41700592
            DoS     0.0000    0.0000    0.0000    145129
         double     0.0000    0.0000    0.0000     12413
  force-neutral     0.0000    0.0000    0.0000      5744
        fuzzing     0.0000    0.0000    0.0000     67321
       interval     0.0000    0.0000    0.0000     40542
            rpm     0.0000    0.0000    0.0000      5043
  rpm-accessory     0.0000    0.0000    0.0000      3146
          speed     0.0000    0.0000    0.0000      7471
speed-accessory     0.0000    0.0000    0.0000      2257
     standstill     0.0000    0.0000    0.0000      5739
     systematic     0.0000    0.0000    0.0000     19791
         triple     0.0000    0.0000    0.0000     33495

       accuracy                         0.9917  42048683
      macro avg     0.0763    0.0769    0.0766  42048683
   weighted avg     0.9835    0.9917    0.9876  42048683

2026-08-20 01:43:31,210 - INFO - Luu out_full/confusion_matrix_task4.png
2026-08-20 01:43:31,211 - INFO - fit progress: (9, 0.8030725409883331, {'accuracy': 0.9917217145659473, 'micro_precision': 0.9917217145659473, 'micro_recall': 0.9917217145659473, 'micro_f1': 0.9917217145659473, 'macro_precision': 0.07628628573584209, 'macro_recall': 0.07692307692307693, 'macro_f1': 0.07660335796707127, 'weighted_precision': 0.9835119591416223, 'weighted_recall': 0.9917217145659473, 'weighted_f1': 0.987599775559968}, 4462.997966347)
2026-08-20 01:43:31,211 - INFO - configure_evaluate: no clients selected, skipping evaluation
2026-08-20 01:43:31,211 - INFO - 
2026-08-20 01:43:31,211 - INFO - [ROUND 10]
2026-08-20 01:43:31,212 - INFO - configure_fit: strategy sampled 100 clients (out of 100)
2026-08-20 01:43:33,610 - INFO - aggregate_fit: received 100 results and 0 failures
2026-08-20 01:43:33,766 - INFO - [Round 10] 100/100 client tiep tuc model cuc bo (Algorithm 1 dong 10)
2026-08-20 01:43:55,008 - INFO - [Round 10] data-free KD 30 vong: gen_loss=35.6024 stu_loss=4.0963 (CE 2.2215)
2026-08-20 01:43:55,067 - INFO - [Round 131] luu checkpoint -> out_full/checkpoints/round_131.pth
2026-08-20 01:51:42,482 - INFO - [Round 131] loss=0.7956 acc=0.9917 | micro P/R/F1=0.9917/0.9917/0.9917 | macro P/R/F1=0.0763/0.0769/0.0766 | weighted P/R/F1=0.9835/0.9917/0.9876
2026-08-20 01:51:42,484 - INFO - fit progress: (10, 0.7956277382215886, {'accuracy': 0.9917217145659473, 'micro_precision': 0.9917217145659473, 'micro_recall': 0.9917217145659473, 'micro_f1': 0.9917217145659473, 'macro_precision': 0.07628628573584209, 'macro_recall': 0.07692307692307693, 'macro_f1': 0.07660335796707127, 'weighted_precision': 0.9835119591416223, 'weighted_recall': 0.9917217145659473, 'weighted_f1': 0.987599775559968}, 4954.270580659002)
2026-08-20 01:51:42,484 - INFO - configure_evaluate: no clients selected, skipping evaluation
2026-08-20 01:51:42,484 - INFO - 
2026-08-20 01:51:42,484 - INFO - [ROUND 11]
2026-08-20 01:51:42,484 - INFO - configure_fit: strategy sampled 100 clients (out of 100)
2026-08-20 01:51:44,938 - INFO - aggregate_fit: received 100 results and 0 failures
2026-08-20 01:51:45,094 - INFO - [Round 11] 100/100 client tiep tuc model cuc bo (Algorithm 1 dong 10)
2026-08-20 01:52:06,583 - INFO - [Round 11] data-free KD 30 vong: gen_loss=37.6095 stu_loss=3.6140 (CE 1.8229)
2026-08-20 01:52:06,635 - INFO - [Round 132] luu checkpoint -> out_full/checkpoints/round_132.pth
2026-08-20 01:59:57,841 - INFO - [Round 132] loss=1.1615 acc=0.3157 | micro P/R/F1=0.3157/0.3157/0.3157 | macro P/R/F1=0.0766/0.0734/0.0372 | weighted P/R/F1=0.9868/0.3157/0.4778
2026-08-20 01:59:57,843 - INFO - fit progress: (11, 1.1614612223180953, {'accuracy': 0.31572168383965793, 'micro_precision': 0.31572168383965793, 'micro_recall': 0.31572168383965793, 'micro_f1': 0.31572168383965793, 'macro_precision': 0.07659512594873343, 'macro_recall': 0.07338467762017178, 'macro_f1': 0.03717456753121586, 'weighted_precision': 0.9867586515107062, 'weighted_recall': 0.31572168383965793, 'weighted_f1': 0.47780046054671244}, 5449.630062980003)
2026-08-20 01:59:57,843 - INFO - configure_evaluate: no clients selected, skipping evaluation
2026-08-20 01:59:57,844 - INFO - 
2026-08-20 01:59:57,844 - INFO - [ROUND 12]
2026-08-20 01:59:57,844 - INFO - configure_fit: strategy sampled 100 clients (out of 100)
2026-08-20 02:00:00,248 - INFO - aggregate_fit: received 100 results and 0 failures
2026-08-20 02:00:00,404 - INFO - [Round 12] 100/100 client tiep tuc model cuc bo (Algorithm 1 dong 10)
2026-08-20 02:00:21,765 - INFO - [Round 12] data-free KD 30 vong: gen_loss=39.7163 stu_loss=3.2263 (CE 1.4881)
2026-08-20 02:00:21,820 - INFO - [Round 133] luu checkpoint -> out_full/checkpoints/round_133.pth
2026-08-20 02:08:13,324 - INFO - [Round 133] loss=1.8231 acc=0.0777 | micro P/R/F1=0.0777/0.0777/0.0777 | macro P/R/F1=0.0766/0.0824/0.0112 | weighted P/R/F1=0.9868/0.0777/0.1427
2026-08-20 02:08:13,325 - INFO - fit progress: (12, 1.823137491668569, {'accuracy': 0.0776995797942114, 'micro_precision': 0.0776995797942114, 'micro_recall': 0.0776995797942114, 'micro_f1': 0.0776995797942114, 'macro_precision': 0.07660419914445177, 'macro_recall': 0.08242224648180228, 'macro_f1': 0.011199992557261515, 'weighted_precision': 0.9867603338891281, 'weighted_recall': 0.0776995797942114, 'weighted_f1': 0.1426954796313741}, 5945.112017486004)
2026-08-20 02:08:13,325 - INFO - configure_evaluate: no clients selected, skipping evaluation
2026-08-20 02:08:13,325 - INFO - 
2026-08-20 02:08:13,325 - INFO - [ROUND 13]
2026-08-20 02:08:13,326 - INFO - configure_fit: strategy sampled 100 clients (out of 100)
2026-08-20 02:08:15,816 - INFO - aggregate_fit: received 100 results and 0 failures
2026-08-20 02:08:15,999 - INFO - [Round 13] 100/100 client tiep tuc model cuc bo (Algorithm 1 dong 10)
2026-08-20 02:08:37,360 - INFO - [Round 13] data-free KD 30 vong: gen_loss=42.2866 stu_loss=2.9175 (CE 1.2637)
2026-08-20 02:08:37,411 - INFO - [Round 134] luu checkpoint -> out_full/checkpoints/round_134.pth
2026-08-20 02:16:23,434 - INFO - [Round 134] loss=2.7771 acc=0.0008 | micro P/R/F1=0.0008/0.0008/0.0008 | macro P/R/F1=0.0001/0.0769/0.0001 | weighted P/R/F1=0.0000/0.0008/0.0000
2026-08-20 02:16:23,436 - INFO - fit progress: (13, 2.777071664794574, {'accuracy': 0.000796576672805662, 'micro_precision': 0.000796576672805662, 'micro_recall': 0.000796576672805662, 'micro_f1': 0.000796576672805662, 'macro_precision': 6.127512867735862e-05, 'macro_recall': 0.07692307692307693, 'macro_f1': 0.00012245271437892125, 'weighted_precision': 6.345343956581386e-07, 'weighted_recall': 0.000796576672805662, 'weighted_f1': 1.2680586853477806e-06}, 6435.222817300004)
2026-08-20 02:16:23,436 - INFO - configure_evaluate: no clients selected, skipping evaluation
2026-08-20 02:16:23,436 - INFO - 
2026-08-20 02:16:23,436 - INFO - [ROUND 14]
2026-08-20 02:16:23,437 - INFO - configure_fit: strategy sampled 100 clients (out of 100)
2026-08-20 02:16:25,860 - INFO - aggregate_fit: received 100 results and 0 failures
2026-08-20 02:16:26,040 - INFO - [Round 14] 100/100 client tiep tuc model cuc bo (Algorithm 1 dong 10)
2026-08-20 02:16:47,432 - INFO - [Round 14] data-free KD 30 vong: gen_loss=44.0909 stu_loss=2.5850 (CE 1.0735)
2026-08-20 02:16:47,483 - INFO - [Round 135] luu checkpoint -> out_full/checkpoints/round_135.pth
2026-08-20 02:24:29,998 - INFO - [Round 135] loss=2.0836 acc=0.1552 | micro P/R/F1=0.1552/0.1552/0.1552 | macro P/R/F1=0.0767/0.0872/0.0209 | weighted P/R/F1=0.9874/0.1552/0.2671
2026-08-20 02:24:32,786 - INFO - Luu out_full/confusion_matrix_task4.csv
2026-08-20 02:24:32,787 - INFO - Luu out_full/confusion_matrix_task4_normalized.csv
2026-08-20 02:24:41,595 - INFO - Luu out_full/classification_report_task4.txt
                 precision    recall  f1-score   support

         Benign     0.9956    0.1557    0.2693  41700592
            DoS     0.0000    0.0000    0.0000    145129
         double     0.0000    0.0000    0.0000     12413
  force-neutral     0.0000    0.0000    0.0000      5744
        fuzzing     0.0000    0.0000    0.0000     67321
       interval     0.0000    0.0000    0.0000     40542
            rpm     0.0000    0.0000    0.0000      5043
  rpm-accessory     0.0000    0.0000    0.0000      3146
          speed     0.0000    0.0000    0.0000      7471
speed-accessory     0.0000    0.0000    0.0000      2257
     standstill     0.0000    0.0000    0.0000      5739
     systematic     0.0000    0.0000    0.0000     19791
         triple     0.0009    0.9776    0.0018     33495

       accuracy                         0.1552  42048683
      macro avg     0.0767    0.0872    0.0209  42048683
   weighted avg     0.9874    0.1552    0.2671  42048683

2026-08-20 02:24:42,527 - INFO - Luu out_full/confusion_matrix_task4.png
2026-08-20 02:24:42,529 - INFO - fit progress: (14, 2.08364733626869, {'accuracy': 0.15522704956062477, 'micro_precision': 0.15522704956062477, 'micro_recall': 0.15522704956062477, 'micro_f1': 0.15522704956062477, 'macro_precision': 0.07665845726878297, 'macro_recall': 0.08718047288767389, 'macro_f1': 0.020860462978965863, 'weighted_precision': 0.9873967790106181, 'weighted_recall': 0.15522704956062477, 'weighted_f1': 0.26711606850273784}, 6934.315423462998)
2026-08-20 02:24:42,529 - INFO - configure_evaluate: no clients selected, skipping evaluation
2026-08-20 02:24:42,529 - INFO - 
2026-08-20 02:24:42,529 - INFO - [ROUND 15]
2026-08-20 02:24:42,529 - INFO - configure_fit: strategy sampled 100 clients (out of 100)
2026-08-20 02:24:44,999 - INFO - aggregate_fit: received 100 results and 0 failures
2026-08-20 02:24:45,151 - INFO - [Round 15] 100/100 client tiep tuc model cuc bo (Algorithm 1 dong 10)
2026-08-20 02:25:05,988 - INFO - [Round 15] data-free KD 30 vong: gen_loss=44.7011 stu_loss=2.3445 (CE 0.9652)
2026-08-20 02:25:06,043 - INFO - [Round 136] luu checkpoint -> out_full/checkpoints/round_136.pth
2026-08-20 02:33:00,440 - INFO - [Round 136] loss=2.2947 acc=0.1023 | micro P/R/F1=0.1023/0.1023/0.1023 | macro P/R/F1=0.0766/0.0833/0.0144 | weighted P/R/F1=0.9873/0.1023/0.1842
2026-08-20 02:33:00,441 - INFO - fit progress: (15, 2.294737393340938, {'accuracy': 0.10233702206559002, 'micro_precision': 0.10233702206559002, 'micro_recall': 0.10233702206559002, 'micro_f1': 0.10233702206559002, 'macro_precision': 0.07664502256202223, 'macro_recall': 0.08329375087226887, 'macro_f1': 0.014418680294925181, 'weighted_precision': 0.9872751273146887, 'weighted_recall': 0.10233702206559002, 'weighted_f1': 0.18416905781327123}, 7432.2280113140005)
2026-08-20 02:33:00,441 - INFO - configure_evaluate: no clients selected, skipping evaluation
2026-08-20 02:33:00,441 - INFO - 
2026-08-20 02:33:00,441 - INFO - [ROUND 16]
2026-08-20 02:33:00,442 - INFO - configure_fit: strategy sampled 100 clients (out of 100)
2026-08-20 02:33:03,162 - INFO - aggregate_fit: received 100 results and 0 failures
2026-08-20 02:33:03,322 - INFO - [Round 16] 100/100 client tiep tuc model cuc bo (Algorithm 1 dong 10)
2026-08-20 02:33:24,879 - INFO - [Round 16] data-free KD 30 vong: gen_loss=46.5494 stu_loss=2.1245 (CE 0.8053)
2026-08-20 02:33:24,931 - INFO - [Round 137] luu checkpoint -> out_full/checkpoints/round_137.pth
2026-08-20 02:41:15,228 - INFO - [Round 137] loss=2.2324 acc=0.0717 | micro P/R/F1=0.0717/0.0717/0.0717 | macro P/R/F1=0.0766/0.0809/0.0104 | weighted P/R/F1=0.9865/0.0717/0.1323
2026-08-20 02:41:15,229 - INFO - fit progress: (16, 2.2324016206960753, {'accuracy': 0.07171235303612244, 'micro_precision': 0.07171235303612244, 'micro_recall': 0.07171235303612244, 'micro_f1': 0.07171235303612244, 'macro_precision': 0.07658285017678837, 'macro_recall': 0.08091834279468275, 'macro_f1': 0.010394765619766062, 'weighted_precision': 0.986502072287869, 'weighted_recall': 0.07171235303612244, 'weighted_f1': 0.1323481024771375}, 7927.015847577)
2026-08-20 02:41:15,229 - INFO - configure_evaluate: no clients selected, skipping evaluation
2026-08-20 02:41:15,229 - INFO - 
2026-08-20 02:41:15,229 - INFO - [ROUND 17]
2026-08-20 02:41:15,229 - INFO - configure_fit: strategy sampled 100 clients (out of 100)
2026-08-20 02:41:17,836 - INFO - aggregate_fit: received 100 results and 0 failures
2026-08-20 02:41:17,994 - INFO - [Round 17] 100/100 client tiep tuc model cuc bo (Algorithm 1 dong 10)
2026-08-20 02:41:38,752 - INFO - [Round 17] data-free KD 30 vong: gen_loss=48.3193 stu_loss=1.9553 (CE 0.6370)
2026-08-20 02:41:38,801 - INFO - [Round 138] luu checkpoint -> out_full/checkpoints/round_138.pth
2026-08-20 02:49:23,012 - INFO - [Round 138] loss=2.3891 acc=0.0064 | micro P/R/F1=0.0064/0.0064/0.0064 | macro P/R/F1=0.0769/0.0774/0.0010 | weighted P/R/F1=0.9905/0.0064/0.0112
2026-08-20 02:49:23,014 - INFO - fit progress: (17, 2.389122686132037, {'accuracy': 0.006429285787619079, 'micro_precision': 0.006429285787619079, 'micro_recall': 0.006429285787619079, 'micro_f1': 0.006429285787619079, 'macro_precision': 0.07688998111014785, 'macro_recall': 0.07735997904003192, 'macro_f1': 0.0009920099095082073, 'weighted_precision': 0.9905012059476825, 'weighted_recall': 0.006429285787619079, 'weighted_f1': 0.011202992335920621}, 8414.800525923005)
2026-08-20 02:49:23,014 - INFO - configure_evaluate: no clients selected, skipping evaluation
2026-08-20 02:49:23,014 - INFO - 
2026-08-20 02:49:23,014 - INFO - [ROUND 18]
2026-08-20 02:49:23,014 - INFO - configure_fit: strategy sampled 100 clients (out of 100)
2026-08-20 02:49:25,389 - INFO - aggregate_fit: received 100 results and 0 failures
2026-08-20 02:49:25,546 - INFO - [Round 18] 100/100 client tiep tuc model cuc bo (Algorithm 1 dong 10)
2026-08-20 02:49:46,603 - INFO - [Round 18] data-free KD 30 vong: gen_loss=49.7816 stu_loss=1.8085 (CE 0.4915)
2026-08-20 02:49:46,656 - INFO - [Round 139] luu checkpoint -> out_full/checkpoints/round_139.pth
2026-08-20 02:57:27,316 - INFO - [Round 139] loss=2.1974 acc=0.0293 | micro P/R/F1=0.0293/0.0293/0.0293 | macro P/R/F1=0.0768/0.0791/0.0044 | weighted P/R/F1=0.9888/0.0293/0.0555
2026-08-20 02:57:27,318 - INFO - fit progress: (18, 2.1973681075982174, {'accuracy': 0.029345960728425192, 'micro_precision': 0.029345960728425192, 'micro_recall': 0.029345960728425192, 'micro_f1': 0.029345960728425192, 'macro_precision': 0.07676049947190325, 'macro_recall': 0.07913751514053399, 'macro_f1': 0.004430651882046886, 'weighted_precision': 0.988813088126237, 'weighted_recall': 0.029345960728425192, 'weighted_f1': 0.05549775797090968}, 8899.104582606)
2026-08-20 02:57:27,318 - INFO - configure_evaluate: no clients selected, skipping evaluation
2026-08-20 02:57:27,318 - INFO - 
2026-08-20 02:57:27,318 - INFO - [ROUND 19]
2026-08-20 02:57:27,318 - INFO - configure_fit: strategy sampled 100 clients (out of 100)
2026-08-20 02:57:29,696 - INFO - aggregate_fit: received 100 results and 0 failures
2026-08-20 02:57:29,851 - INFO - [Round 19] 100/100 client tiep tuc model cuc bo (Algorithm 1 dong 10)
2026-08-20 02:57:50,938 - INFO - [Round 19] data-free KD 30 vong: gen_loss=51.5317 stu_loss=1.7386 (CE 0.4531)
2026-08-20 02:57:50,989 - INFO - [Round 140] luu checkpoint -> out_full/checkpoints/round_140.pth
2026-08-20 03:05:36,482 - INFO - [Round 140] loss=1.8734 acc=0.1701 | micro P/R/F1=0.1701/0.1701/0.1701 | macro P/R/F1=0.0766/0.0757/0.0226 | weighted P/R/F1=0.9867/0.1701/0.2892
2026-08-20 03:05:39,301 - INFO - Luu out_full/confusion_matrix_task4.csv
2026-08-20 03:05:39,301 - INFO - Luu out_full/confusion_matrix_task4_normalized.csv
2026-08-20 03:05:48,316 - INFO - Luu out_full/classification_report_task4.txt
                 precision    recall  f1-score   support

         Benign     0.9950    0.1708    0.2916  41700592
            DoS     0.0000    0.0000    0.0000    145129
         double     0.0000    0.0000    0.0000     12413
  force-neutral     0.0000    0.0000    0.0000      5744
        fuzzing     0.0000    0.0000    0.0000     67321
       interval     0.0000    0.0000    0.0000     40542
            rpm     0.0000    0.0000    0.0000      5043
  rpm-accessory     0.0000    0.0000    0.0000      3146
          speed     0.0000    0.0000    0.0000      7471
speed-accessory     0.0000    0.0000    0.0000      2257
     standstill     0.0000    0.0000    0.0000      5739
     systematic     0.0000    0.0000    0.0000     19791
         triple     0.0008    0.8127    0.0016     33495

       accuracy                         0.1701  42048683
      macro avg     0.0766    0.0757    0.0226  42048683
   weighted avg     0.9867    0.1701    0.2892  42048683

2026-08-20 03:05:48,917 - INFO - Luu out_full/confusion_matrix_task4.png
2026-08-20 03:05:48,918 - INFO - fit progress: (19, 1.8733637974598059, {'accuracy': 0.17007053467049135, 'micro_precision': 0.17007053467049135, 'micro_recall': 0.17007053467049135, 'micro_f1': 0.17007053467049135, 'macro_precision': 0.07659674594987269, 'macro_recall': 0.07565354127378458, 'macro_f1': 0.022551156974326376, 'weighted_precision': 0.986741415764576, 'weighted_recall': 0.17007053467049135, 'weighted_f1': 0.28919338953557117}, 9400.704870350004)
2026-08-20 03:05:48,918 - INFO - configure_evaluate: no clients selected, skipping evaluation
2026-08-20 03:05:48,918 - INFO - 
2026-08-20 03:05:48,918 - INFO - [ROUND 20]
2026-08-20 03:05:48,919 - INFO - configure_fit: strategy sampled 100 clients (out of 100)
2026-08-20 03:05:51,270 - INFO - aggregate_fit: received 100 results and 0 failures
2026-08-20 03:05:51,424 - INFO - [Round 20] 100/100 client tiep tuc model cuc bo (Algorithm 1 dong 10)
2026-08-20 03:06:12,453 - INFO - [Round 20] data-free KD 30 vong: gen_loss=52.8681 stu_loss=1.7180 (CE 0.4357)
2026-08-20 03:06:12,504 - INFO - [Round 141] luu checkpoint -> out_full/checkpoints/round_141.pth
2026-08-20 03:14:00,331 - INFO - [Round 141] loss=1.3387 acc=0.5204 | micro P/R/F1=0.5204/0.5204/0.5204 | macro P/R/F1=0.0767/0.0826/0.0531 | weighted P/R/F1=0.9865/0.5204/0.6810
2026-08-20 03:14:00,333 - INFO - fit progress: (20, 1.33871318961639, {'accuracy': 0.520406905490952, 'micro_precision': 0.520406905490952, 'micro_recall': 0.520406905490952, 'micro_f1': 0.520406905490952, 'macro_precision': 0.07665177671796139, 'macro_recall': 0.08264848788681602, 'macro_f1': 0.05308300179893832, 'weighted_precision': 0.9865429536177777, 'weighted_recall': 0.5204069054909519, 'weighted_f1': 0.6810266566376758}, 9892.119467019998)
2026-08-20 03:14:00,333 - INFO - configure_evaluate: no clients selected, skipping evaluation
2026-08-20 03:14:00,333 - INFO - 
2026-08-20 03:14:00,333 - INFO - [ROUND 21]
2026-08-20 03:14:00,333 - INFO - configure_fit: strategy sampled 100 clients (out of 100)
2026-08-20 03:14:02,939 - INFO - aggregate_fit: received 100 results and 0 failures
2026-08-20 03:14:03,105 - INFO - [Round 21] 100/100 client tiep tuc model cuc bo (Algorithm 1 dong 10)
2026-08-20 03:14:25,925 - INFO - [Round 21] data-free KD 30 vong: gen_loss=53.2761 stu_loss=1.7056 (CE 0.4473)
2026-08-20 03:14:25,982 - INFO - [Round 142] luu checkpoint -> out_full/checkpoints/round_142.pth
2026-08-20 03:22:40,786 - INFO - [Round 142] loss=1.3828 acc=0.4393 | micro P/R/F1=0.4393/0.4393/0.4393 | macro P/R/F1=0.0767/0.0856/0.0473 | weighted P/R/F1=0.9873/0.4393/0.6075
2026-08-20 03:22:40,787 - INFO - fit progress: (21, 1.3828294443707938, {'accuracy': 0.43925713440299663, 'micro_precision': 0.43925713440299663, 'micro_recall': 0.43925713440299663, 'micro_f1': 0.43925713440299663, 'macro_precision': 0.07666376823288004, 'macro_recall': 0.0856340655410914, 'macro_f1': 0.04727609790213129, 'weighted_precision': 0.9873029430830706, 'weighted_recall': 0.43925713440299663, 'weighted_f1': 0.6074971785656988}, 10412.573958596004)
2026-08-20 03:22:40,787 - INFO - configure_evaluate: no clients selected, skipping evaluation
2026-08-20 03:22:40,787 - INFO - 
2026-08-20 03:22:40,787 - INFO - [ROUND 22]
2026-08-20 03:22:40,788 - INFO - configure_fit: strategy sampled 100 clients (out of 100)
2026-08-20 03:22:43,516 - INFO - aggregate_fit: received 100 results and 0 failures
2026-08-20 03:22:43,677 - INFO - [Round 22] 100/100 client tiep tuc model cuc bo (Algorithm 1 dong 10)
2026-08-20 03:23:05,116 - INFO - [Round 22] data-free KD 30 vong: gen_loss=53.2294 stu_loss=1.6513 (CE 0.4312)
2026-08-20 03:23:05,168 - INFO - [Round 143] luu checkpoint -> out_full/checkpoints/round_143.pth
2026-08-20 03:31:06,429 - INFO - [Round 143] loss=1.0769 acc=0.6871 | micro P/R/F1=0.6871/0.6871/0.6871 | macro P/R/F1=0.0766/0.0820/0.0630 | weighted P/R/F1=0.9858/0.6871/0.8096
2026-08-20 03:31:06,431 - INFO - fit progress: (22, 1.0768854313430418, {'accuracy': 0.6870839450548308, 'micro_precision': 0.6870839450548308, 'micro_recall': 0.6870839450548308, 'micro_f1': 0.6870839450548308, 'macro_precision': 0.0765559236545959, 'macro_recall': 0.08199050381279067, 'macro_f1': 0.06298203494568323, 'weighted_precision': 0.9857511200489579, 'weighted_recall': 0.6870839450548308, 'weighted_f1': 0.8095514758534457}, 10918.217470507)
2026-08-20 03:31:06,431 - INFO - configure_evaluate: no clients selected, skipping evaluation
2026-08-20 03:31:06,431 - INFO - 
2026-08-20 03:31:06,431 - INFO - [ROUND 23]
2026-08-20 03:31:06,431 - INFO - configure_fit: strategy sampled 100 clients (out of 100)
2026-08-20 03:31:08,876 - INFO - aggregate_fit: received 100 results and 0 failures
2026-08-20 03:31:09,044 - INFO - [Round 23] 100/100 client tiep tuc model cuc bo (Algorithm 1 dong 10)
2026-08-20 03:31:30,451 - INFO - [Round 23] data-free KD 30 vong: gen_loss=52.7019 stu_loss=1.6225 (CE 0.4289)
2026-08-20 03:31:30,502 - INFO - [Round 144] luu checkpoint -> out_full/checkpoints/round_144.pth
2026-08-20 03:39:31,883 - INFO - [Round 144] loss=0.9625 acc=0.8178 | micro P/R/F1=0.8178/0.8178/0.8178 | macro P/R/F1=0.0765/0.0796/0.0695 | weighted P/R/F1=0.9847/0.8178/0.8934
2026-08-20 03:39:31,885 - INFO - fit progress: (23, 0.9624591738757812, {'accuracy': 0.8177914395083432, 'micro_precision': 0.8177914395083432, 'micro_recall': 0.8177914395083432, 'micro_f1': 0.8177914395083432, 'macro_precision': 0.07650226911274059, 'macro_recall': 0.07957661579649539, 'macro_f1': 0.06954315267575305, 'weighted_precision': 0.984658528347946, 'weighted_recall': 0.8177914395083432, 'weighted_f1': 0.8934046107093578}, 11423.671474389004)
2026-08-20 03:39:31,885 - INFO - configure_evaluate: no clients selected, skipping evaluation
2026-08-20 03:39:31,885 - INFO - 
2026-08-20 03:39:31,885 - INFO - [ROUND 24]
2026-08-20 03:39:31,885 - INFO - configure_fit: strategy sampled 100 clients (out of 100)
2026-08-20 03:39:34,317 - INFO - aggregate_fit: received 100 results and 0 failures
2026-08-20 03:39:34,476 - INFO - [Round 24] 100/100 client tiep tuc model cuc bo (Algorithm 1 dong 10)
2026-08-20 03:39:56,430 - INFO - [Round 24] data-free KD 30 vong: gen_loss=53.4402 stu_loss=1.6073 (CE 0.4254)
2026-08-20 03:39:56,485 - INFO - [Round 145] luu checkpoint -> out_full/checkpoints/round_145.pth
2026-08-20 03:47:59,562 - INFO - [Round 145] loss=0.8956 acc=0.8825 | micro P/R/F1=0.8825/0.8825/0.8825 | macro P/R/F1=0.0764/0.0719/0.0723 | weighted P/R/F1=0.9844/0.8825/0.9307
2026-08-20 03:48:02,532 - INFO - Luu out_full/confusion_matrix_task4.csv
2026-08-20 03:48:02,533 - INFO - Luu out_full/confusion_matrix_task4_normalized.csv
2026-08-20 03:48:11,976 - INFO - Luu out_full/classification_report_task4.txt
                 precision    recall  f1-score   support

         Benign     0.9927    0.8898    0.9384  41700592
            DoS     0.0000    0.0000    0.0000    145129
         double     0.0000    0.0000    0.0000     12413
  force-neutral     0.0000    0.0000    0.0000      5744
        fuzzing     0.0000    0.0000    0.0000     67321
       interval     0.0000    0.0000    0.0000     40542
            rpm     0.0000    0.0000    0.0000      5043
  rpm-accessory     0.0000    0.0000    0.0000      3146
          speed     0.0000    0.0000    0.0000      7471
speed-accessory     0.0000    0.0000    0.0000      2257
     standstill     0.0000    0.0000    0.0000      5739
     systematic     0.0006    0.0143    0.0011     19791
         triple     0.0002    0.0300    0.0005     33495

       accuracy                         0.8825  42048683
      macro avg     0.0764    0.0719    0.0723  42048683
   weighted avg     0.9844    0.8825    0.9307  42048683

2026-08-20 03:48:12,578 - INFO - Luu out_full/confusion_matrix_task4.png
2026-08-20 03:48:12,580 - INFO - fit progress: (24, 0.8956006947848942, {'accuracy': 0.8824646422338602, 'micro_precision': 0.8824646422338602, 'micro_recall': 0.8824646422338602, 'micro_f1': 0.8824646422338602, 'macro_precision': 0.07642161469918449, 'macro_recall': 0.07185803392680543, 'macro_f1': 0.07230862121357223, 'weighted_precision': 0.9844434662941645, 'weighted_recall': 0.8824646422338602, 'weighted_f1': 0.9306524350389486}, 11944.366503390003)
2026-08-20 03:48:12,580 - INFO - configure_evaluate: no clients selected, skipping evaluation
2026-08-20 03:48:12,580 - INFO - 
2026-08-20 03:48:12,580 - INFO - [ROUND 25]
2026-08-20 03:48:12,580 - INFO - configure_fit: strategy sampled 100 clients (out of 100)
2026-08-20 03:48:15,093 - INFO - aggregate_fit: received 100 results and 0 failures
2026-08-20 03:48:15,250 - INFO - [Round 25] 100/100 client tiep tuc model cuc bo (Algorithm 1 dong 10)
2026-08-20 03:48:37,327 - INFO - [Round 25] data-free KD 30 vong: gen_loss=54.5808 stu_loss=1.6163 (CE 0.4264)
2026-08-20 03:48:37,381 - INFO - [Round 146] luu checkpoint -> out_full/checkpoints/round_146.pth
2026-08-20 03:56:37,708 - INFO - [Round 146] loss=0.8257 acc=0.9692 | micro P/R/F1=0.9692/0.9692/0.9692 | macro P/R/F1=0.0764/0.0754/0.0758 | weighted P/R/F1=0.9842/0.9692/0.9766
2026-08-20 03:56:37,709 - INFO - fit progress: (25, 0.8257266519979127, {'accuracy': 0.969221009847086, 'micro_precision': 0.969221009847086, 'micro_recall': 0.969221009847086, 'micro_f1': 0.969221009847086, 'macro_precision': 0.07636363810160299, 'macro_recall': 0.07544848182854423, 'macro_f1': 0.07579918102292747, 'weighted_precision': 0.984185020714999, 'weighted_recall': 0.969221009847086, 'weighted_f1': 0.9766449085011516}, 12449.496229076001)
2026-08-20 03:56:37,710 - INFO - configure_evaluate: no clients selected, skipping evaluation
2026-08-20 03:56:37,710 - INFO - 
2026-08-20 03:56:37,710 - INFO - [ROUND 26]
2026-08-20 03:56:37,710 - INFO - configure_fit: strategy sampled 100 clients (out of 100)
2026-08-20 03:56:40,125 - INFO - aggregate_fit: received 100 results and 0 failures
2026-08-20 03:56:40,291 - INFO - [Round 26] 100/100 client tiep tuc model cuc bo (Algorithm 1 dong 10)
2026-08-20 03:57:02,073 - INFO - [Round 26] data-free KD 30 vong: gen_loss=55.1354 stu_loss=1.5677 (CE 0.4174)
2026-08-20 03:57:02,125 - INFO - [Round 147] luu checkpoint -> out_full/checkpoints/round_147.pth
2026-08-20 04:05:03,192 - INFO - [Round 147] loss=0.9323 acc=0.8583 | micro P/R/F1=0.8583/0.8583/0.8583 | macro P/R/F1=0.0764/0.0738/0.0713 | weighted P/R/F1=0.9847/0.8583/0.9171
2026-08-20 04:05:03,193 - INFO - fit progress: (26, 0.9322800946100956, {'accuracy': 0.8582626238258164, 'micro_precision': 0.8582626238258164, 'micro_recall': 0.8582626238258164, 'micro_f1': 0.8582626238258164, 'macro_precision': 0.0764468178536008, 'macro_recall': 0.07383965357131549, 'macro_f1': 0.07126443218539633, 'weighted_precision': 0.9847490026877331, 'weighted_recall': 0.8582626238258164, 'weighted_f1': 0.9171251258430215}, 12954.979844760004)
2026-08-20 04:05:03,193 - INFO - configure_evaluate: no clients selected, skipping evaluation
2026-08-20 04:05:03,193 - INFO - 
2026-08-20 04:05:03,193 - INFO - [ROUND 27]
2026-08-20 04:05:03,194 - INFO - configure_fit: strategy sampled 100 clients (out of 100)
2026-08-20 04:05:06,208 - INFO - aggregate_fit: received 100 results and 0 failures
2026-08-20 04:05:06,377 - INFO - [Round 27] 100/100 client tiep tuc model cuc bo (Algorithm 1 dong 10)
2026-08-20 04:05:28,241 - INFO - [Round 27] data-free KD 30 vong: gen_loss=55.5653 stu_loss=1.5758 (CE 0.4102)
2026-08-20 04:05:28,295 - INFO - [Round 148] luu checkpoint -> out_full/checkpoints/round_148.pth
2026-08-20 04:13:30,311 - INFO - [Round 148] loss=0.9402 acc=0.8210 | micro P/R/F1=0.8210/0.8210/0.8210 | macro P/R/F1=0.0765/0.0784/0.0696 | weighted P/R/F1=0.9847/0.8210/0.8953
2026-08-20 04:13:30,313 - INFO - fit progress: (27, 0.940243350409774, {'accuracy': 0.8209969620213788, 'micro_precision': 0.8209969620213788, 'micro_recall': 0.8209969620213788, 'micro_f1': 0.8209969620213788, 'macro_precision': 0.07645014494852459, 'macro_recall': 0.07840576935746438, 'macro_f1': 0.06959157191488831, 'weighted_precision': 0.9846834437140823, 'weighted_recall': 0.8209969620213788, 'weighted_f1': 0.8953315433280609}, 13462.099658168001)
2026-08-20 04:13:30,313 - INFO - configure_evaluate: no clients selected, skipping evaluation
2026-08-20 04:13:30,313 - INFO - 
2026-08-20 04:13:30,313 - INFO - [ROUND 28]
2026-08-20 04:13:30,313 - INFO - configure_fit: strategy sampled 100 clients (out of 100)
2026-08-20 04:13:32,981 - INFO - aggregate_fit: received 100 results and 0 failures
2026-08-20 04:13:33,138 - INFO - [Round 28] 100/100 client tiep tuc model cuc bo (Algorithm 1 dong 10)
2026-08-20 04:13:54,598 - INFO - [Round 28] data-free KD 30 vong: gen_loss=56.5036 stu_loss=1.5268 (CE 0.4028)
2026-08-20 04:13:54,652 - INFO - [Round 149] luu checkpoint -> out_full/checkpoints/round_149.pth
2026-08-20 04:21:58,840 - INFO - [Round 149] loss=0.9720 acc=0.7774 | micro P/R/F1=0.7774/0.7774/0.7774 | macro P/R/F1=0.0764/0.0772/0.0675 | weighted P/R/F1=0.9844/0.7774/0.8686
2026-08-20 04:21:58,842 - INFO - fit progress: (28, 0.9720312469643783, {'accuracy': 0.7773550006310542, 'micro_precision': 0.7773550006310542, 'micro_recall': 0.7773550006310542, 'micro_f1': 0.7773550006310542, 'macro_precision': 0.07642047185314162, 'macro_recall': 0.07720223672415781, 'macro_f1': 0.06750560908612999, 'weighted_precision': 0.9843799281705673, 'weighted_recall': 0.7773550006310541, 'weighted_f1': 0.8685952944626288}, 13970.628499645005)
2026-08-20 04:21:58,842 - INFO - configure_evaluate: no clients selected, skipping evaluation
2026-08-20 04:21:58,842 - INFO - 
2026-08-20 04:21:58,842 - INFO - [ROUND 29]
2026-08-20 04:21:58,842 - INFO - configure_fit: strategy sampled 100 clients (out of 100)
2026-08-20 04:22:01,241 - INFO - aggregate_fit: received 100 results and 0 failures
2026-08-20 04:22:01,396 - INFO - [Round 29] 100/100 client tiep tuc model cuc bo (Algorithm 1 dong 10)
2026-08-20 04:22:22,960 - INFO - [Round 29] data-free KD 30 vong: gen_loss=57.1311 stu_loss=1.5287 (CE 0.4031)
2026-08-20 04:22:23,014 - INFO - [Round 150] luu checkpoint -> out_full/checkpoints/round_150.pth
