2026-08-19 16:32:10,729 - INFO - Thiet bi: cuda | pool 100 client | 30 round/task | Flower simulation (Ray)
2026-08-19 16:32:10,729 - INFO - Client co du lieu tung task: task0=0, task1=60, task2=70, task3=80, task4=100
2026-08-19 16:32:11,021 - INFO - Chay tiep tu checkpoint round 30
2026-08-19 16:32:11,021 - INFO - Tiep tuc: task0=30/30
2026-08-19 16:32:11,030 - INFO - [task 0] da xong 30/30 round — bo qua
2026-08-19 16:32:11,030 - INFO - Nap global test: /kaggle/input/datasets/tongxuanvu/100clientiov/global_test_data.pt
2026-08-19 16:32:31,282 - INFO - Global test goc: n=42048683
2026-08-19 16:32:32,943 - INFO - Task 1: loc ve lop 0-5 -> n=41971741
2026-08-19 16:32:32,944 - INFO - Danh gia moi round tren n=41971741 mau (dtype=float16)
2026-08-19 16:32:37,760 - INFO - ===== Task 1: 60 client, 30 round =====
2026-08-19 16:32:39,848 - INFO - setup plugin alembic.autogenerate.schemas
2026-08-19 16:32:39,848 - INFO - setup plugin alembic.autogenerate.tables
2026-08-19 16:32:39,848 - INFO - setup plugin alembic.autogenerate.types
2026-08-19 16:32:39,848 - INFO - setup plugin alembic.autogenerate.constraints
2026-08-19 16:32:39,848 - INFO - setup plugin alembic.autogenerate.defaults
2026-08-19 16:32:39,848 - INFO - setup plugin alembic.autogenerate.comments
2026-08-19 16:32:55,002 - WARNING - DEPRECATED FEATURE: flwr.simulation.start_simulation() is deprecated.
	Instead, use the `flwr run` CLI command to start a local simulation in your Flower app, as shown for example below:

		$ flwr new  # Create a new Flower app from a template

		$ flwr run  # Run the Flower app in Simulation Mode

	Using `start_simulation()` is deprecated.

            This is a deprecated feature. It will be removed
            entirely in future versions of Flower.
        
2026-08-19 16:32:55,002 - INFO - Starting Flower simulation, config: num_rounds=30, no round_timeout
2026-08-19 16:33:04,388 - INFO - Flower VCE: Ray initialized with resources: {'GPU': 2.0, 'node:172.19.2.2': 1.0, 'object_store_memory': 8406813081.0, 'node:__internal_head__': 1.0, 'memory': 19615897191.0, 'CPU': 4.0, 'accelerator_type:T4': 1.0}
2026-08-19 16:33:04,388 - INFO - Optimize your simulation with Flower VCE: https://flower.ai/docs/framework/how-to-run-simulations.html
2026-08-19 16:33:04,388 - INFO - Flower VCE: Resources for each Virtual Client: {'num_cpus': 1.0, 'num_gpus': 0.5}
2026-08-19 16:33:04,420 - INFO - Flower VCE: Creating VirtualClientEngineActorPool with 4 actors
2026-08-19 16:33:04,421 - INFO - [INIT]
2026-08-19 16:33:04,421 - INFO - Using initial global parameters provided by strategy
2026-08-19 16:33:04,421 - INFO - Starting evaluation of initial global parameters
2026-08-19 16:33:04,424 - INFO - Evaluation returned no results (`None`)
2026-08-19 16:33:04,424 - INFO - 
2026-08-19 16:33:04,424 - INFO - [ROUND 1]
2026-08-19 16:33:04,426 - INFO - configure_fit: strategy sampled 60 clients (out of 60)
2026-08-19 16:33:24,328 - INFO - aggregate_fit: received 60 results and 0 failures
2026-08-19 16:33:24,425 - WARNING - No fit_metrics_aggregation_fn provided
2026-08-19 16:33:24,426 - INFO - Eq.9 p(y) tu client: 0.000 0.000 0.000 0.051 0.593 0.357 0.000 0.000 0.000 0.000 0.000 0.000 0.000
2026-08-19 16:33:39,683 - INFO - [Round 1] data-free KD 30 vong: gen_loss=43.7356 stu_loss=43.6644 (CE 43.6431)
2026-08-19 16:33:39,723 - INFO - [Round 31] luu checkpoint -> out_10shot/checkpoints/round_031.pth
2026-08-19 16:41:05,585 - INFO - [Round 31] loss=0.1474 acc=0.9935 | micro P/R/F1=0.9935/0.9935/0.9935 | macro P/R/F1=0.1656/0.1667/0.1661 | weighted P/R/F1=0.9871/0.9935/0.9903
2026-08-19 16:41:05,586 - INFO - fit progress: (1, 0.14742796491012908, {'accuracy': 0.993539724740034, 'micro_precision': 0.993539724740034, 'micro_recall': 0.993539724740034, 'micro_f1': 0.993539724740034, 'macro_precision': 0.16558995412333902, 'macro_recall': 0.16666666666666666, 'macro_f1': 0.1661265657948528, 'weighted_precision': 0.9871211846365026, 'weighted_recall': 0.993539724740034, 'weighted_f1': 0.9903200547109512}, 481.161705496)
2026-08-19 16:41:05,586 - INFO - configure_evaluate: no clients selected, skipping evaluation
2026-08-19 16:41:05,586 - INFO - 
2026-08-19 16:41:05,586 - INFO - [ROUND 2]
2026-08-19 16:41:05,586 - INFO - configure_fit: strategy sampled 60 clients (out of 60)
2026-08-19 16:41:07,941 - INFO - aggregate_fit: received 60 results and 0 failures
2026-08-19 16:41:08,030 - INFO - [Round 2] 60/60 client tiep tuc model cuc bo (Algorithm 1 dong 10)
2026-08-19 16:41:22,430 - INFO - [Round 2] data-free KD 30 vong: gen_loss=40.8846 stu_loss=25.7624 (CE 25.6707)
2026-08-19 16:41:22,468 - INFO - [Round 32] luu checkpoint -> out_10shot/checkpoints/round_032.pth
2026-08-19 16:48:50,178 - INFO - [Round 32] loss=0.1662 acc=0.9935 | micro P/R/F1=0.9935/0.9935/0.9935 | macro P/R/F1=0.1656/0.1667/0.1661 | weighted P/R/F1=0.9871/0.9935/0.9903
2026-08-19 16:48:50,179 - INFO - fit progress: (2, 0.16617728809402219, {'accuracy': 0.993539724740034, 'micro_precision': 0.993539724740034, 'micro_recall': 0.993539724740034, 'micro_f1': 0.993539724740034, 'macro_precision': 0.16558995412333902, 'macro_recall': 0.16666666666666666, 'macro_f1': 0.1661265657948528, 'weighted_precision': 0.9871211846365026, 'weighted_recall': 0.993539724740034, 'weighted_f1': 0.9903200547109512}, 945.754561576)
2026-08-19 16:48:50,179 - INFO - configure_evaluate: no clients selected, skipping evaluation
2026-08-19 16:48:50,179 - INFO - 
2026-08-19 16:48:50,179 - INFO - [ROUND 3]
2026-08-19 16:48:50,179 - INFO - configure_fit: strategy sampled 60 clients (out of 60)
2026-08-19 16:48:52,895 - INFO - aggregate_fit: received 60 results and 0 failures
2026-08-19 16:48:52,986 - INFO - [Round 3] 60/60 client tiep tuc model cuc bo (Algorithm 1 dong 10)
2026-08-19 16:49:07,298 - INFO - [Round 3] data-free KD 30 vong: gen_loss=40.0339 stu_loss=14.1744 (CE 13.8479)
2026-08-19 16:49:07,337 - INFO - [Round 33] luu checkpoint -> out_10shot/checkpoints/round_033.pth
2026-08-19 16:56:34,479 - INFO - [Round 33] loss=0.3519 acc=0.9935 | micro P/R/F1=0.9935/0.9935/0.9935 | macro P/R/F1=0.1656/0.1667/0.1661 | weighted P/R/F1=0.9871/0.9935/0.9903
2026-08-19 16:56:34,481 - INFO - fit progress: (3, 0.35190112174871746, {'accuracy': 0.993539724740034, 'micro_precision': 0.993539724740034, 'micro_recall': 0.993539724740034, 'micro_f1': 0.993539724740034, 'macro_precision': 0.16558995412333902, 'macro_recall': 0.16666666666666666, 'macro_f1': 0.1661265657948528, 'weighted_precision': 0.9871211846365026, 'weighted_recall': 0.993539724740034, 'weighted_f1': 0.9903200547109512}, 1410.056543199)
2026-08-19 16:56:34,481 - INFO - configure_evaluate: no clients selected, skipping evaluation
2026-08-19 16:56:34,481 - INFO - 
2026-08-19 16:56:34,481 - INFO - [ROUND 4]
2026-08-19 16:56:34,481 - INFO - configure_fit: strategy sampled 60 clients (out of 60)
2026-08-19 16:56:36,736 - INFO - aggregate_fit: received 60 results and 0 failures
2026-08-19 16:56:36,828 - INFO - [Round 4] 60/60 client tiep tuc model cuc bo (Algorithm 1 dong 10)
2026-08-19 16:56:51,079 - INFO - [Round 4] data-free KD 30 vong: gen_loss=39.5518 stu_loss=8.1835 (CE 7.3497)
2026-08-19 16:56:51,116 - INFO - [Round 34] luu checkpoint -> out_10shot/checkpoints/round_034.pth
2026-08-19 17:04:16,232 - INFO - [Round 34] loss=0.5767 acc=0.9935 | micro P/R/F1=0.9935/0.9935/0.9935 | macro P/R/F1=0.1656/0.1667/0.1661 | weighted P/R/F1=0.9871/0.9935/0.9903
2026-08-19 17:04:16,234 - INFO - fit progress: (4, 0.5767270999027825, {'accuracy': 0.993539724740034, 'micro_precision': 0.993539724740034, 'micro_recall': 0.993539724740034, 'micro_f1': 0.993539724740034, 'macro_precision': 0.16558995412333902, 'macro_recall': 0.16666666666666666, 'macro_f1': 0.1661265657948528, 'weighted_precision': 0.9871211846365026, 'weighted_recall': 0.993539724740034, 'weighted_f1': 0.9903200547109512}, 1871.809607773)
2026-08-19 17:04:16,234 - INFO - configure_evaluate: no clients selected, skipping evaluation
2026-08-19 17:04:16,234 - INFO - 
2026-08-19 17:04:16,234 - INFO - [ROUND 5]
2026-08-19 17:04:16,234 - INFO - configure_fit: strategy sampled 60 clients (out of 60)
2026-08-19 17:04:19,089 - INFO - aggregate_fit: received 60 results and 0 failures
2026-08-19 17:04:19,181 - INFO - [Round 5] 60/60 client tiep tuc model cuc bo (Algorithm 1 dong 10)
2026-08-19 17:04:33,142 - INFO - [Round 5] data-free KD 30 vong: gen_loss=39.4287 stu_loss=5.1495 (CE 3.6605)
2026-08-19 17:04:33,180 - INFO - [Round 35] luu checkpoint -> out_10shot/checkpoints/round_035.pth
2026-08-19 17:11:59,617 - INFO - [Round 35] loss=0.8424 acc=0.6627 | micro P/R/F1=0.6627/0.6627/0.6627 | macro P/R/F1=0.1666/0.1983/0.1346 | weighted P/R/F1=0.9877/0.6627/0.7920
2026-08-19 17:12:02,440 - INFO - Luu out_10shot/confusion_matrix_task1.csv
2026-08-19 17:12:02,440 - INFO - Luu out_10shot/confusion_matrix_task1_normalized.csv
2026-08-19 17:12:11,732 - INFO - Luu out_10shot/classification_report_task1.txt
               precision    recall  f1-score   support

       Benign     0.9942    0.6652    0.7971  41700592
          DoS     0.0054    0.5245    0.0107    145129
       double     0.0000    0.0000    0.0000     12413
force-neutral     0.0000    0.0000    0.0000      5744
      fuzzing     0.0000    0.0000    0.0000     67321
     interval     0.0000    0.0000    0.0000     40542

     accuracy                         0.6627  41971741
    macro avg     0.1666    0.1983    0.1346  41971741
 weighted avg     0.9877    0.6627    0.7920  41971741

2026-08-19 17:12:11,993 - INFO - Luu out_10shot/confusion_matrix_task1.png
2026-08-19 17:12:11,994 - INFO - fit progress: (5, 0.8423903100512439, {'accuracy': 0.6627219966882003, 'micro_precision': 0.6627219966882003, 'micro_recall': 0.6627219966882003, 'micro_f1': 0.6627219966882003, 'macro_precision': 0.16659353889740006, 'macro_recall': 0.19827953940535337, 'macro_f1': 0.13463064549586745, 'weighted_precision': 0.9877472814827445, 'weighted_recall': 0.6627219966882004, 'weighted_f1': 0.7919617259798014}, 2347.570313757)
2026-08-19 17:12:11,995 - INFO - configure_evaluate: no clients selected, skipping evaluation
2026-08-19 17:12:11,995 - INFO - 
2026-08-19 17:12:11,995 - INFO - [ROUND 6]
2026-08-19 17:12:11,995 - INFO - configure_fit: strategy sampled 60 clients (out of 60)
2026-08-19 17:12:14,281 - INFO - aggregate_fit: received 60 results and 0 failures
2026-08-19 17:12:14,376 - INFO - [Round 6] 60/60 client tiep tuc model cuc bo (Algorithm 1 dong 10)
2026-08-19 17:12:28,807 - INFO - [Round 6] data-free KD 30 vong: gen_loss=39.1434 stu_loss=3.4141 (CE 1.6593)
2026-08-19 17:12:28,847 - INFO - [Round 36] luu checkpoint -> out_10shot/checkpoints/round_036.pth
2026-08-19 17:19:54,829 - INFO - [Round 36] loss=1.7528 acc=0.0016 | micro P/R/F1=0.0016/0.0016/0.0016 | macro P/R/F1=0.0003/0.1667/0.0005 | weighted P/R/F1=0.0000/0.0016/0.0000
2026-08-19 17:19:54,831 - INFO - fit progress: (6, 1.7528075453106264, {'accuracy': 0.001603960150235369, 'micro_precision': 0.001603960150235369, 'micro_recall': 0.001603960150235369, 'micro_f1': 0.001603960150235369, 'macro_precision': 0.00026732669170589484, 'macro_recall': 0.16666666666666666, 'macro_f1': 0.0005337971939843313, 'weighted_precision': 2.5726881635430674e-06, 'weighted_recall': 0.001603960150235369, 'weighted_f1': 5.137136564749959e-06}, 2810.406594754)
2026-08-19 17:19:54,831 - INFO - configure_evaluate: no clients selected, skipping evaluation
2026-08-19 17:19:54,831 - INFO - 
2026-08-19 17:19:54,831 - INFO - [ROUND 7]
2026-08-19 17:19:54,831 - INFO - configure_fit: strategy sampled 60 clients (out of 60)
2026-08-19 17:19:57,086 - INFO - aggregate_fit: received 60 results and 0 failures
2026-08-19 17:19:57,179 - INFO - [Round 7] 60/60 client tiep tuc model cuc bo (Algorithm 1 dong 10)
2026-08-19 17:20:11,492 - INFO - [Round 7] data-free KD 30 vong: gen_loss=38.2719 stu_loss=2.4862 (CE 0.8095)
2026-08-19 17:20:11,541 - INFO - [Round 37] luu checkpoint -> out_10shot/checkpoints/round_037.pth
2026-08-19 17:27:37,665 - INFO - [Round 37] loss=1.7586 acc=0.0016 | micro P/R/F1=0.0016/0.0016/0.0016 | macro P/R/F1=0.0003/0.1667/0.0005 | weighted P/R/F1=0.0000/0.0016/0.0000
2026-08-19 17:27:37,666 - INFO - fit progress: (7, 1.7585655905184199, {'accuracy': 0.001603960150235369, 'micro_precision': 0.001603960150235369, 'micro_recall': 0.001603960150235369, 'micro_f1': 0.001603960150235369, 'macro_precision': 0.00026732669170589484, 'macro_recall': 0.16666666666666666, 'macro_f1': 0.0005337971939843313, 'weighted_precision': 2.5726881635430674e-06, 'weighted_recall': 0.001603960150235369, 'weighted_f1': 5.137136564749959e-06}, 3273.2422537049997)
2026-08-19 17:27:37,667 - INFO - configure_evaluate: no clients selected, skipping evaluation
2026-08-19 17:27:37,667 - INFO - 
2026-08-19 17:27:37,667 - INFO - [ROUND 8]
2026-08-19 17:27:37,667 - INFO - configure_fit: strategy sampled 60 clients (out of 60)
2026-08-19 17:27:40,457 - INFO - aggregate_fit: received 60 results and 0 failures
2026-08-19 17:27:40,549 - INFO - [Round 8] 60/60 client tiep tuc model cuc bo (Algorithm 1 dong 10)
2026-08-19 17:27:54,689 - INFO - [Round 8] data-free KD 30 vong: gen_loss=37.3488 stu_loss=2.1496 (CE 0.5904)
2026-08-19 17:27:54,726 - INFO - [Round 38] luu checkpoint -> out_10shot/checkpoints/round_038.pth
2026-08-19 17:35:18,457 - INFO - [Round 38] loss=1.8361 acc=0.0016 | micro P/R/F1=0.0016/0.0016/0.0016 | macro P/R/F1=0.0003/0.1667/0.0005 | weighted P/R/F1=0.0000/0.0016/0.0000
2026-08-19 17:35:18,458 - INFO - fit progress: (8, 1.836068700932135, {'accuracy': 0.001603960150235369, 'micro_precision': 0.001603960150235369, 'micro_recall': 0.001603960150235369, 'micro_f1': 0.001603960150235369, 'macro_precision': 0.00026732669170589484, 'macro_recall': 0.16666666666666666, 'macro_f1': 0.0005337971939843313, 'weighted_precision': 2.5726881635430674e-06, 'weighted_recall': 0.001603960150235369, 'weighted_f1': 5.137136564749959e-06}, 3734.0337182619996)
2026-08-19 17:35:18,458 - INFO - configure_evaluate: no clients selected, skipping evaluation
2026-08-19 17:35:18,458 - INFO - 
2026-08-19 17:35:18,458 - INFO - [ROUND 9]
2026-08-19 17:35:18,459 - INFO - configure_fit: strategy sampled 60 clients (out of 60)
2026-08-19 17:35:20,655 - INFO - aggregate_fit: received 60 results and 0 failures
2026-08-19 17:35:20,749 - INFO - [Round 9] 60/60 client tiep tuc model cuc bo (Algorithm 1 dong 10)
2026-08-19 17:35:34,850 - INFO - [Round 9] data-free KD 30 vong: gen_loss=36.8978 stu_loss=1.9528 (CE 0.4980)
2026-08-19 17:35:34,886 - INFO - [Round 39] luu checkpoint -> out_10shot/checkpoints/round_039.pth
2026-08-19 17:42:59,452 - INFO - [Round 39] loss=1.7094 acc=0.0016 | micro P/R/F1=0.0016/0.0016/0.0016 | macro P/R/F1=0.0003/0.1667/0.0005 | weighted P/R/F1=0.0000/0.0016/0.0000
2026-08-19 17:42:59,453 - INFO - fit progress: (9, 1.7094043422545613, {'accuracy': 0.001603960150235369, 'micro_precision': 0.001603960150235369, 'micro_recall': 0.001603960150235369, 'micro_f1': 0.001603960150235369, 'macro_precision': 0.00026732669170589484, 'macro_recall': 0.16666666666666666, 'macro_f1': 0.0005337971939843313, 'weighted_precision': 2.5726881635430674e-06, 'weighted_recall': 0.001603960150235369, 'weighted_f1': 5.137136564749959e-06}, 4195.028973602)
2026-08-19 17:42:59,453 - INFO - configure_evaluate: no clients selected, skipping evaluation
2026-08-19 17:42:59,453 - INFO - 
2026-08-19 17:42:59,453 - INFO - [ROUND 10]
2026-08-19 17:42:59,454 - INFO - configure_fit: strategy sampled 60 clients (out of 60)
2026-08-19 17:43:01,910 - INFO - aggregate_fit: received 60 results and 0 failures
2026-08-19 17:43:02,001 - INFO - [Round 10] 60/60 client tiep tuc model cuc bo (Algorithm 1 dong 10)
2026-08-19 17:43:16,188 - INFO - [Round 10] data-free KD 30 vong: gen_loss=36.2353 stu_loss=1.8241 (CE 0.4477)
2026-08-19 17:43:16,225 - INFO - [Round 40] luu checkpoint -> out_10shot/checkpoints/round_040.pth
2026-08-19 17:50:44,091 - INFO - [Round 40] loss=1.8056 acc=0.0016 | micro P/R/F1=0.0016/0.0016/0.0016 | macro P/R/F1=0.1669/0.1667/0.0005 | weighted P/R/F1=0.9935/0.0016/0.0000
2026-08-19 17:50:46,759 - INFO - Luu out_10shot/confusion_matrix_task1.csv
2026-08-19 17:50:46,759 - INFO - Luu out_10shot/confusion_matrix_task1_normalized.csv
2026-08-19 17:50:54,166 - INFO - Luu out_10shot/classification_report_task1.txt
               precision    recall  f1-score   support

       Benign     1.0000    0.0000    0.0000  41700592
          DoS     0.0000    0.0000    0.0000    145129
       double     0.0000    0.0000    0.0000     12413
force-neutral     0.0000    0.0000    0.0000      5744
      fuzzing     0.0016    1.0000    0.0032     67321
     interval     0.0000    0.0000    0.0000     40542

     accuracy                         0.0016  41971741
    macro avg     0.1669    0.1667    0.0005  41971741
 weighted avg     0.9935    0.0016    0.0000  41971741

2026-08-19 17:50:54,365 - INFO - Luu out_10shot/confusion_matrix_task1.png
2026-08-19 17:50:54,366 - INFO - fit progress: (10, 1.8056363989769901, {'accuracy': 0.0016240689181799726, 'micro_precision': 0.0016240689181799726, 'micro_recall': 0.0016240689181799726, 'micro_f1': 0.0016240689181799726, 'macro_precision': 0.16693399873409107, 'macro_recall': 0.1666700399201367, 'macro_f1': 0.0005405542814108256, 'weighted_precision': 0.9935422974799322, 'weighted_recall': 0.0016240689181799726, 'weighted_f1': 4.535396162490788e-05}, 4669.941922673001)
2026-08-19 17:50:54,366 - INFO - configure_evaluate: no clients selected, skipping evaluation
2026-08-19 17:50:54,366 - INFO - 
2026-08-19 17:50:54,366 - INFO - [ROUND 11]
2026-08-19 17:50:54,367 - INFO - configure_fit: strategy sampled 60 clients (out of 60)
2026-08-19 17:50:56,713 - INFO - aggregate_fit: received 60 results and 0 failures
2026-08-19 17:50:56,806 - INFO - [Round 11] 60/60 client tiep tuc model cuc bo (Algorithm 1 dong 10)
2026-08-19 17:51:11,069 - INFO - [Round 11] data-free KD 30 vong: gen_loss=35.1346 stu_loss=1.7375 (CE 0.4152)
2026-08-19 17:51:11,106 - INFO - [Round 41] luu checkpoint -> out_10shot/checkpoints/round_041.pth
2026-08-19 17:58:37,775 - INFO - [Round 41] loss=1.6291 acc=0.0418 | micro P/R/F1=0.0418/0.0418/0.0418 | macro P/R/F1=0.1669/0.1733/0.0135 | weighted P/R/F1=0.9935/0.0418/0.0774
2026-08-19 17:58:37,776 - INFO - fit progress: (11, 1.629116353988182, {'accuracy': 0.041843248770643084, 'micro_precision': 0.041843248770643084, 'micro_recall': 0.041843248770643084, 'micro_f1': 0.041843248770643084, 'macro_precision': 0.1669410893290483, 'macro_recall': 0.1733179544657187, 'macro_f1': 0.013530913670682208, 'weighted_precision': 0.9935188739507895, 'weighted_recall': 0.04184324877064309, 'weighted_f1': 0.0773530304072253}, 5133.352190988)
2026-08-19 17:58:37,777 - INFO - configure_evaluate: no clients selected, skipping evaluation
2026-08-19 17:58:37,777 - INFO - 
2026-08-19 17:58:37,777 - INFO - [ROUND 12]
2026-08-19 17:58:37,777 - INFO - configure_fit: strategy sampled 60 clients (out of 60)
2026-08-19 17:58:40,241 - INFO - aggregate_fit: received 60 results and 0 failures
2026-08-19 17:58:40,331 - INFO - [Round 12] 60/60 client tiep tuc model cuc bo (Algorithm 1 dong 10)
2026-08-19 17:58:54,591 - INFO - [Round 12] data-free KD 30 vong: gen_loss=34.1337 stu_loss=1.6777 (CE 0.3934)
2026-08-19 17:58:54,629 - INFO - [Round 42] luu checkpoint -> out_10shot/checkpoints/round_042.pth
2026-08-19 18:06:21,098 - INFO - [Round 42] loss=1.5021 acc=0.0472 | micro P/R/F1=0.0472/0.0472/0.0472 | macro P/R/F1=0.1669/0.1741/0.0152 | weighted P/R/F1=0.9935/0.0472/0.0873
2026-08-19 18:06:21,100 - INFO - fit progress: (12, 1.5020657588526385, {'accuracy': 0.04724400162480751, 'micro_precision': 0.04724400162480751, 'micro_recall': 0.04724400162480751, 'micro_f1': 0.04724400162480751, 'macro_precision': 0.16693684312740018, 'macro_recall': 0.1740533852177268, 'macro_f1': 0.015198903917599605, 'weighted_precision': 0.9934858886735188, 'weighted_recall': 0.04724400162480751, 'weighted_f1': 0.08728102951647337}, 5596.6755842640005)
2026-08-19 18:06:21,100 - INFO - configure_evaluate: no clients selected, skipping evaluation
2026-08-19 18:06:21,100 - INFO - 
2026-08-19 18:06:21,100 - INFO - [ROUND 13]
2026-08-19 18:06:21,100 - INFO - configure_fit: strategy sampled 60 clients (out of 60)
2026-08-19 18:06:23,566 - INFO - aggregate_fit: received 60 results and 0 failures
2026-08-19 18:06:23,659 - INFO - [Round 13] 60/60 client tiep tuc model cuc bo (Algorithm 1 dong 10)
2026-08-19 18:06:38,302 - INFO - [Round 13] data-free KD 30 vong: gen_loss=33.7055 stu_loss=1.6348 (CE 0.3755)
2026-08-19 18:06:38,341 - INFO - [Round 43] luu checkpoint -> out_10shot/checkpoints/round_043.pth
2026-08-19 18:14:04,950 - INFO - [Round 43] loss=1.4584 acc=0.0120 | micro P/R/F1=0.0120/0.0120/0.0120 | macro P/R/F1=0.1669/0.1684/0.0040 | weighted P/R/F1=0.9935/0.0120/0.0205
2026-08-19 18:14:04,952 - INFO - fit progress: (13, 1.4584164506494766, {'accuracy': 0.011980322665195137, 'micro_precision': 0.011980322665195137, 'micro_recall': 0.011980322665195137, 'micro_f1': 0.011980322665195137, 'macro_precision': 0.16693640963422784, 'macro_recall': 0.16840483372041584, 'macro_f1': 0.003984680275024678, 'weighted_precision': 0.9935400430714733, 'weighted_recall': 0.011980322665195138, 'weighted_f1': 0.020543464243946628}, 6060.527432822)
2026-08-19 18:14:04,952 - INFO - configure_evaluate: no clients selected, skipping evaluation
2026-08-19 18:14:04,952 - INFO - 
2026-08-19 18:14:04,952 - INFO - [ROUND 14]
2026-08-19 18:14:04,952 - INFO - configure_fit: strategy sampled 60 clients (out of 60)
2026-08-19 18:14:07,195 - INFO - aggregate_fit: received 60 results and 0 failures
2026-08-19 18:14:07,286 - INFO - [Round 14] 60/60 client tiep tuc model cuc bo (Algorithm 1 dong 10)
2026-08-19 18:14:21,191 - INFO - [Round 14] data-free KD 30 vong: gen_loss=32.5165 stu_loss=1.6015 (CE 0.3652)
2026-08-19 18:14:21,229 - INFO - [Round 44] luu checkpoint -> out_10shot/checkpoints/round_044.pth
2026-08-19 18:21:46,322 - INFO - [Round 44] loss=1.3904 acc=0.0390 | micro P/R/F1=0.0390/0.0390/0.0390 | macro P/R/F1=0.1669/0.1729/0.0127 | weighted P/R/F1=0.9935/0.0390/0.0721
2026-08-19 18:21:46,323 - INFO - fit progress: (14, 1.3903531598961045, {'accuracy': 0.03901699002669439, 'micro_precision': 0.03901699002669439, 'micro_recall': 0.03901699002669439, 'micro_f1': 0.03901699002669439, 'macro_precision': 0.16694284013003846, 'macro_recall': 0.17290811279707163, 'macro_f1': 0.012651082215938957, 'weighted_precision': 0.9935335390715704, 'weighted_recall': 0.03901699002669439, 'weighted_f1': 0.07211657147733726}, 6521.898825238)
2026-08-19 18:21:46,323 - INFO - configure_evaluate: no clients selected, skipping evaluation
2026-08-19 18:21:46,323 - INFO - 
2026-08-19 18:21:46,323 - INFO - [ROUND 15]
2026-08-19 18:21:46,324 - INFO - configure_fit: strategy sampled 60 clients (out of 60)
2026-08-19 18:21:49,055 - INFO - aggregate_fit: received 60 results and 0 failures
2026-08-19 18:21:49,146 - INFO - [Round 15] 60/60 client tiep tuc model cuc bo (Algorithm 1 dong 10)
2026-08-19 18:22:03,107 - INFO - [Round 15] data-free KD 30 vong: gen_loss=32.2328 stu_loss=1.5813 (CE 0.3588)
2026-08-19 18:22:03,144 - INFO - [Round 45] luu checkpoint -> out_10shot/checkpoints/round_045.pth
2026-08-19 18:29:29,230 - INFO - [Round 45] loss=1.3878 acc=0.0413 | micro P/R/F1=0.0413/0.0413/0.0413 | macro P/R/F1=0.1669/0.1733/0.0134 | weighted P/R/F1=0.9935/0.0413/0.0763
2026-08-19 18:29:31,918 - INFO - Luu out_10shot/confusion_matrix_task1.csv
2026-08-19 18:29:31,919 - INFO - Luu out_10shot/confusion_matrix_task1_normalized.csv
2026-08-19 18:29:39,516 - INFO - Luu out_10shot/classification_report_task1.txt
               precision    recall  f1-score   support

       Benign     1.0000    0.0399    0.0768  41700592
          DoS     0.0000    0.0000    0.0000    145129
       double     0.0000    0.0000    0.0000     12413
force-neutral     0.0000    0.0000    0.0000      5744
      fuzzing     0.0017    0.9997    0.0033     67321
     interval     0.0000    0.0000    0.0000     40542

     accuracy                         0.0413  41971741
    macro avg     0.1669    0.1733    0.0134  41971741
 weighted avg     0.9935    0.0413    0.0763  41971741

2026-08-19 18:29:39,726 - INFO - Luu out_10shot/confusion_matrix_task1.png
2026-08-19 18:29:39,727 - INFO - fit progress: (15, 1.3877706963228678, {'accuracy': 0.041285349587952526, 'micro_precision': 0.041285349587952526, 'micro_recall': 0.041285349587952526, 'micro_f1': 0.041285349587952526, 'macro_precision': 0.16694295580193685, 'macro_recall': 0.1732738007506326, 'macro_f1': 0.013357633306908147, 'weighted_precision': 0.9935304723779556, 'weighted_recall': 0.041285349587952526, 'weighted_f1': 0.07632100394679459}, 6995.303069179)
2026-08-19 18:29:39,727 - INFO - configure_evaluate: no clients selected, skipping evaluation
2026-08-19 18:29:39,728 - INFO - 
2026-08-19 18:29:39,728 - INFO - [ROUND 16]
2026-08-19 18:29:39,728 - INFO - configure_fit: strategy sampled 60 clients (out of 60)
2026-08-19 18:29:41,912 - INFO - aggregate_fit: received 60 results and 0 failures
2026-08-19 18:29:42,003 - INFO - [Round 16] 60/60 client tiep tuc model cuc bo (Algorithm 1 dong 10)
2026-08-19 18:29:56,177 - INFO - [Round 16] data-free KD 30 vong: gen_loss=32.2050 stu_loss=1.5696 (CE 0.3536)
2026-08-19 18:29:56,214 - INFO - [Round 46] luu checkpoint -> out_10shot/checkpoints/round_046.pth
2026-08-19 18:37:21,892 - INFO - [Round 46] loss=1.2223 acc=0.0472 | micro P/R/F1=0.0472/0.0472/0.0472 | macro P/R/F1=0.1669/0.1740/0.0152 | weighted P/R/F1=0.9935/0.0472/0.0872
2026-08-19 18:37:21,894 - INFO - fit progress: (16, 1.2223162415795825, {'accuracy': 0.047220914662558316, 'micro_precision': 0.047220914662558316, 'micro_recall': 0.047220914662558316, 'micro_f1': 0.047220914662558316, 'macro_precision': 0.16693591980971478, 'macro_recall': 0.1740247953285404, 'macro_f1': 0.015191796982612998, 'weighted_precision': 0.9934806716208808, 'weighted_recall': 0.047220914662558316, 'weighted_f1': 0.08723923641602065}, 7457.469503411)
2026-08-19 18:37:21,894 - INFO - configure_evaluate: no clients selected, skipping evaluation
2026-08-19 18:37:21,894 - INFO - 
2026-08-19 18:37:21,894 - INFO - [ROUND 17]
2026-08-19 18:37:21,894 - INFO - configure_fit: strategy sampled 60 clients (out of 60)
2026-08-19 18:37:24,403 - INFO - aggregate_fit: received 60 results and 0 failures
2026-08-19 18:37:24,493 - INFO - [Round 17] 60/60 client tiep tuc model cuc bo (Algorithm 1 dong 10)
2026-08-19 18:37:38,547 - INFO - [Round 17] data-free KD 30 vong: gen_loss=31.1530 stu_loss=1.5580 (CE 0.3511)
2026-08-19 18:37:38,583 - INFO - [Round 47] luu checkpoint -> out_10shot/checkpoints/round_047.pth
2026-08-19 18:45:04,100 - INFO - [Round 47] loss=1.1976 acc=0.0694 | micro P/R/F1=0.0694/0.0694/0.0694 | macro P/R/F1=0.1669/0.1752/0.0219 | weighted P/R/F1=0.9931/0.0694/0.1269
2026-08-19 18:45:04,101 - INFO - fit progress: (17, 1.1976171322254163, {'accuracy': 0.06937467759557556, 'micro_precision': 0.06937467759557556, 'micro_recall': 0.06937467759557556, 'micro_f1': 0.06937467759557556, 'macro_precision': 0.16688134272906063, 'macro_recall': 0.17519771381345595, 'macro_f1': 0.021855531181445193, 'weighted_precision': 0.993141776027438, 'weighted_recall': 0.06937467759557556, 'weighted_f1': 0.12693642637458308}, 7919.676953461)
2026-08-19 18:45:04,101 - INFO - configure_evaluate: no clients selected, skipping evaluation
2026-08-19 18:45:04,101 - INFO - 
2026-08-19 18:45:04,101 - INFO - [ROUND 18]
2026-08-19 18:45:04,102 - INFO - configure_fit: strategy sampled 60 clients (out of 60)
2026-08-19 18:45:06,731 - INFO - aggregate_fit: received 60 results and 0 failures
2026-08-19 18:45:06,826 - INFO - [Round 18] 60/60 client tiep tuc model cuc bo (Algorithm 1 dong 10)
2026-08-19 18:45:21,154 - INFO - [Round 18] data-free KD 30 vong: gen_loss=30.6748 stu_loss=1.5474 (CE 0.3478)
2026-08-19 18:45:21,192 - INFO - [Round 48] luu checkpoint -> out_10shot/checkpoints/round_048.pth
2026-08-19 18:52:58,027 - INFO - [Round 48] loss=1.3046 acc=0.0776 | micro P/R/F1=0.0776/0.0776/0.0776 | macro P/R/F1=0.1669/0.1759/0.0243 | weighted P/R/F1=0.9931/0.0776/0.1412
2026-08-19 18:52:58,028 - INFO - fit progress: (18, 1.3045660563738062, {'accuracy': 0.07759751972166225, 'micro_precision': 0.07759751972166225, 'micro_recall': 0.07759751972166225, 'micro_f1': 0.07759751972166225, 'macro_precision': 0.16687621519033305, 'macro_recall': 0.17592456878552573, 'macro_f1': 0.02425887958673634, 'weighted_precision': 0.9931030085609649, 'weighted_recall': 0.07759751972166226, 'weighted_f1': 0.1412470367890837}, 8393.603710882)
2026-08-19 18:52:58,028 - INFO - configure_evaluate: no clients selected, skipping evaluation
2026-08-19 18:52:58,028 - INFO - 
2026-08-19 18:52:58,028 - INFO - [ROUND 19]
2026-08-19 18:52:58,029 - INFO - configure_fit: strategy sampled 60 clients (out of 60)
2026-08-19 18:53:00,231 - INFO - aggregate_fit: received 60 results and 0 failures
2026-08-19 18:53:00,321 - INFO - [Round 19] 60/60 client tiep tuc model cuc bo (Algorithm 1 dong 10)
2026-08-19 18:53:14,768 - INFO - [Round 19] data-free KD 30 vong: gen_loss=30.0292 stu_loss=1.5380 (CE 0.3456)
2026-08-19 18:53:14,807 - INFO - [Round 49] luu checkpoint -> out_10shot/checkpoints/round_049.pth
2026-08-19 19:00:47,206 - INFO - [Round 49] loss=1.3054 acc=0.0634 | micro P/R/F1=0.0634/0.0634/0.0634 | macro P/R/F1=0.1669/0.1753/0.0201 | weighted P/R/F1=0.9933/0.0634/0.1164
2026-08-19 19:00:47,207 - INFO - fit progress: (19, 1.3054196809787102, {'accuracy': 0.06339138993543299, 'micro_precision': 0.06339138993543299, 'micro_recall': 0.06339138993543299, 'micro_f1': 0.06339138993543299, 'macro_precision': 0.166904982817344, 'macro_recall': 0.1753483009172778, 'macro_f1': 0.020083723363729582, 'weighted_precision': 0.9932816754698144, 'weighted_recall': 0.06339138993543299, 'weighted_f1': 0.11637217481558175}, 8862.783330951)
2026-08-19 19:00:47,208 - INFO - configure_evaluate: no clients selected, skipping evaluation
2026-08-19 19:00:47,208 - INFO - 
2026-08-19 19:00:47,208 - INFO - [ROUND 20]
2026-08-19 19:00:47,208 - INFO - configure_fit: strategy sampled 60 clients (out of 60)
2026-08-19 19:00:49,851 - INFO - aggregate_fit: received 60 results and 0 failures
2026-08-19 19:00:49,943 - INFO - [Round 20] 60/60 client tiep tuc model cuc bo (Algorithm 1 dong 10)
2026-08-19 19:01:04,485 - INFO - [Round 20] data-free KD 30 vong: gen_loss=29.4138 stu_loss=1.5324 (CE 0.3440)
2026-08-19 19:01:04,523 - INFO - [Round 50] luu checkpoint -> out_10shot/checkpoints/round_050.pth
2026-08-19 19:08:38,235 - INFO - [Round 50] loss=1.2910 acc=0.0872 | micro P/R/F1=0.0872/0.0872/0.0872 | macro P/R/F1=0.1669/0.1763/0.0270 | weighted P/R/F1=0.9930/0.0872/0.1577
2026-08-19 19:08:40,969 - INFO - Luu out_10shot/confusion_matrix_task1.csv
2026-08-19 19:08:40,970 - INFO - Luu out_10shot/confusion_matrix_task1_normalized.csv
2026-08-19 19:08:48,922 - INFO - Luu out_10shot/classification_report_task1.txt
               precision    recall  f1-score   support

       Benign     0.9995    0.0862    0.1587  41700592
          DoS     0.0000    0.0000    0.0000    145129
       double     0.0000    0.0000    0.0000     12413
force-neutral     0.0000    0.0000    0.0000      5744
      fuzzing     0.0017    0.9714    0.0034     67321
     interval     0.0000    0.0000    0.0000     40542

     accuracy                         0.0872  41971741
    macro avg     0.1669    0.1763    0.0270  41971741
 weighted avg     0.9930    0.0872    0.1577  41971741

2026-08-19 19:08:49,128 - INFO - Luu out_10shot/confusion_matrix_task1.png
2026-08-19 19:08:49,129 - INFO - fit progress: (20, 1.2909927578943954, {'accuracy': 0.08722018464757038, 'micro_precision': 0.08722018464757038, 'micro_recall': 0.08722018464757038, 'micro_f1': 0.08722018464757038, 'macro_precision': 0.16686155625474555, 'macro_recall': 0.1762732619108839, 'macro_f1': 0.02702440584723194, 'weighted_precision': 0.9930110693276611, 'weighted_recall': 0.08722018464757036, 'weighted_f1': 0.1577239678343964}, 9344.704895908)
2026-08-19 19:08:49,129 - INFO - configure_evaluate: no clients selected, skipping evaluation
2026-08-19 19:08:49,129 - INFO - 
2026-08-19 19:08:49,129 - INFO - [ROUND 21]
2026-08-19 19:08:49,130 - INFO - configure_fit: strategy sampled 60 clients (out of 60)
2026-08-19 19:08:51,398 - INFO - aggregate_fit: received 60 results and 0 failures
2026-08-19 19:08:51,490 - INFO - [Round 21] 60/60 client tiep tuc model cuc bo (Algorithm 1 dong 10)
2026-08-19 19:09:06,127 - INFO - [Round 21] data-free KD 30 vong: gen_loss=29.3832 stu_loss=1.5310 (CE 0.3438)
2026-08-19 19:09:06,165 - INFO - [Round 51] luu checkpoint -> out_10shot/checkpoints/round_051.pth
2026-08-19 19:16:38,628 - INFO - [Round 51] loss=1.2810 acc=0.0726 | micro P/R/F1=0.0726/0.0726/0.0726 | macro P/R/F1=0.1669/0.1758/0.0228 | weighted P/R/F1=0.9932/0.0726/0.1326
2026-08-19 19:16:38,630 - INFO - fit progress: (21, 1.2810262105050354, {'accuracy': 0.07260487478944463, 'micro_precision': 0.07260487478944463, 'micro_recall': 0.07260487478944463, 'micro_f1': 0.07260487478944463, 'macro_precision': 0.16688585917242724, 'macro_recall': 0.17575935425515754, 'macro_f1': 0.022804295370367763, 'weighted_precision': 0.9931626630124567, 'weighted_recall': 0.07260487478944465, 'weighted_f1': 0.13258020343526147}, 9814.205403947)
2026-08-19 19:16:38,630 - INFO - configure_evaluate: no clients selected, skipping evaluation
2026-08-19 19:16:38,630 - INFO - 
2026-08-19 19:16:38,630 - INFO - [ROUND 22]
2026-08-19 19:16:38,630 - INFO - configure_fit: strategy sampled 60 clients (out of 60)
2026-08-19 19:16:41,227 - INFO - aggregate_fit: received 60 results and 0 failures
2026-08-19 19:16:41,318 - INFO - [Round 22] 60/60 client tiep tuc model cuc bo (Algorithm 1 dong 10)
2026-08-19 19:16:55,351 - INFO - [Round 22] data-free KD 30 vong: gen_loss=28.4770 stu_loss=1.5266 (CE 0.3433)
2026-08-19 19:16:55,388 - INFO - [Round 52] luu checkpoint -> out_10shot/checkpoints/round_052.pth
2026-08-19 19:24:29,459 - INFO - [Round 52] loss=1.1227 acc=0.2258 | micro P/R/F1=0.2258/0.2258/0.2258 | macro P/R/F1=0.1665/0.1711/0.0620 | weighted P/R/F1=0.9912/0.2258/0.3661
2026-08-19 19:24:29,461 - INFO - fit progress: (22, 1.1226952958918939, {'accuracy': 0.22580321364319864, 'micro_precision': 0.22580321364319864, 'micro_recall': 0.22580321364319864, 'micro_f1': 0.22580321364319864, 'macro_precision': 0.16654811746679202, 'macro_recall': 0.17113062272471438, 'macro_f1': 0.0619661734917828, 'weighted_precision': 0.9911889130513046, 'weighted_recall': 0.22580321364319864, 'weighted_f1': 0.36611369821117606}, 10285.036613654)
2026-08-19 19:24:29,461 - INFO - configure_evaluate: no clients selected, skipping evaluation
2026-08-19 19:24:29,461 - INFO - 
2026-08-19 19:24:29,461 - INFO - [ROUND 23]
2026-08-19 19:24:29,461 - INFO - configure_fit: strategy sampled 60 clients (out of 60)
2026-08-19 19:24:31,959 - INFO - aggregate_fit: received 60 results and 0 failures
2026-08-19 19:24:32,054 - INFO - [Round 23] 60/60 client tiep tuc model cuc bo (Algorithm 1 dong 10)
2026-08-19 19:24:46,179 - INFO - [Round 23] data-free KD 30 vong: gen_loss=27.8703 stu_loss=1.5303 (CE 0.3449)
2026-08-19 19:24:46,217 - INFO - [Round 53] luu checkpoint -> out_10shot/checkpoints/round_053.pth
2026-08-19 19:32:16,828 - INFO - [Round 53] loss=1.2702 acc=0.1024 | micro P/R/F1=0.1024/0.1024/0.1024 | macro P/R/F1=0.1668/0.1768/0.0313 | weighted P/R/F1=0.9924/0.1024/0.1831
2026-08-19 19:32:16,829 - INFO - fit progress: (23, 1.2701563191462735, {'accuracy': 0.10237442854705503, 'micro_precision': 0.10237442854705503, 'micro_recall': 0.10237442854705503, 'micro_f1': 0.10237442854705503, 'macro_precision': 0.16675796040386906, 'macro_recall': 0.17684791550601694, 'macro_f1': 0.031279546794661044, 'weighted_precision': 0.9923857700557714, 'weighted_recall': 0.10237442854705503, 'weighted_f1': 0.18307452558734552}, 10752.405343331)
2026-08-19 19:32:16,830 - INFO - configure_evaluate: no clients selected, skipping evaluation
2026-08-19 19:32:16,830 - INFO - 
2026-08-19 19:32:16,830 - INFO - [ROUND 24]
2026-08-19 19:32:16,830 - INFO - configure_fit: strategy sampled 60 clients (out of 60)
2026-08-19 19:32:19,344 - INFO - aggregate_fit: received 60 results and 0 failures
2026-08-19 19:32:19,433 - INFO - [Round 24] 60/60 client tiep tuc model cuc bo (Algorithm 1 dong 10)
2026-08-19 19:32:33,609 - INFO - [Round 24] data-free KD 30 vong: gen_loss=27.2513 stu_loss=1.5169 (CE 0.3415)
2026-08-19 19:32:33,649 - INFO - [Round 54] luu checkpoint -> out_10shot/checkpoints/round_054.pth
2026-08-19 19:40:04,691 - INFO - [Round 54] loss=1.2719 acc=0.0792 | micro P/R/F1=0.0792/0.0792/0.0792 | macro P/R/F1=0.1669/0.1771/0.0247 | weighted P/R/F1=0.9932/0.0792/0.1440
2026-08-19 19:40:04,692 - INFO - fit progress: (24, 1.271895090232921, {'accuracy': 0.07918613621484036, 'micro_precision': 0.07918613621484036, 'micro_recall': 0.07918613621484036, 'micro_f1': 0.07918613621484036, 'macro_precision': 0.16689859726648815, 'macro_recall': 0.17710064697000683, 'macro_f1': 0.024719879811403542, 'weighted_precision': 0.993224132765858, 'weighted_recall': 0.07918613621484036, 'weighted_f1': 0.14397062027752747}, 11220.267917431)
2026-08-19 19:40:04,692 - INFO - configure_evaluate: no clients selected, skipping evaluation
2026-08-19 19:40:04,692 - INFO - 
2026-08-19 19:40:04,692 - INFO - [ROUND 25]
2026-08-19 19:40:04,693 - INFO - configure_fit: strategy sampled 60 clients (out of 60)
2026-08-19 19:40:06,924 - INFO - aggregate_fit: received 60 results and 0 failures
2026-08-19 19:40:07,013 - INFO - [Round 25] 60/60 client tiep tuc model cuc bo (Algorithm 1 dong 10)
2026-08-19 19:40:21,334 - INFO - [Round 25] data-free KD 30 vong: gen_loss=25.9844 stu_loss=1.5213 (CE 0.3430)
2026-08-19 19:40:21,373 - INFO - [Round 55] luu checkpoint -> out_10shot/checkpoints/round_055.pth
2026-08-19 19:47:54,925 - INFO - [Round 55] loss=1.0775 acc=0.2425 | micro P/R/F1=0.2425/0.2425/0.2425 | macro P/R/F1=0.1665/0.1691/0.0656 | weighted P/R/F1=0.9912/0.2425/0.3881
2026-08-19 19:47:57,726 - INFO - Luu out_10shot/confusion_matrix_task1.csv
2026-08-19 19:47:57,727 - INFO - Luu out_10shot/confusion_matrix_task1_normalized.csv
2026-08-19 19:48:06,517 - INFO - Luu out_10shot/classification_report_task1.txt
               precision    recall  f1-score   support

       Benign     0.9976    0.2428    0.3906  41700592
          DoS     0.0000    0.0000    0.0000    145129
       double     0.0000    0.0000    0.0000     12413
force-neutral     0.0000    0.0000    0.0000      5744
      fuzzing     0.0016    0.7720    0.0033     67321
     interval     0.0000    0.0000    0.0000     40542

     accuracy                         0.2425  41971741
    macro avg     0.1665    0.1691    0.0656  41971741
 weighted avg     0.9912    0.2425    0.3881  41971741

2026-08-19 19:48:06,744 - INFO - Luu out_10shot/confusion_matrix_task1.png
2026-08-19 19:48:06,745 - INFO - fit progress: (25, 1.077495073174053, {'accuracy': 0.2424877729041547, 'micro_precision': 0.2424877729041547, 'micro_recall': 0.2424877729041547, 'micro_f1': 0.2424877729041547, 'macro_precision': 0.16653960312882646, 'macro_recall': 0.16913435764294726, 'macro_f1': 0.06563840464965752, 'weighted_precision': 0.9911622486701805, 'weighted_recall': 0.2424877729041547, 'weighted_f1': 0.38805297490118784}, 11702.320816497)
2026-08-19 19:48:06,745 - INFO - configure_evaluate: no clients selected, skipping evaluation
2026-08-19 19:48:06,745 - INFO - 
2026-08-19 19:48:06,745 - INFO - [ROUND 26]
2026-08-19 19:48:06,746 - INFO - configure_fit: strategy sampled 60 clients (out of 60)
2026-08-19 19:48:08,955 - INFO - aggregate_fit: received 60 results and 0 failures
2026-08-19 19:48:09,047 - INFO - [Round 26] 60/60 client tiep tuc model cuc bo (Algorithm 1 dong 10)
2026-08-19 19:48:23,259 - INFO - [Round 26] data-free KD 30 vong: gen_loss=24.8931 stu_loss=1.5219 (CE 0.3492)
2026-08-19 19:48:23,298 - INFO - [Round 56] luu checkpoint -> out_10shot/checkpoints/round_056.pth
2026-08-19 19:55:55,191 - INFO - [Round 56] loss=0.9949 acc=0.2549 | micro P/R/F1=0.2549/0.2549/0.2549 | macro P/R/F1=0.1665/0.1638/0.0683 | weighted P/R/F1=0.9910/0.2549/0.4040
2026-08-19 19:55:55,192 - INFO - fit progress: (26, 0.9949458133280975, {'accuracy': 0.25486398098187063, 'micro_precision': 0.25486398098187063, 'micro_recall': 0.25486398098187063, 'micro_f1': 0.25486398098187063, 'macro_precision': 0.1664931428670328, 'macro_recall': 0.16380524532487414, 'macro_f1': 0.06828694474719182, 'weighted_precision': 0.9909530217588143, 'weighted_recall': 0.2548639809818706, 'weighted_f1': 0.4039768451888125}, 12170.768317326001)
2026-08-19 19:55:55,193 - INFO - configure_evaluate: no clients selected, skipping evaluation
2026-08-19 19:55:55,193 - INFO - 
2026-08-19 19:55:55,193 - INFO - [ROUND 27]
2026-08-19 19:55:55,193 - INFO - configure_fit: strategy sampled 60 clients (out of 60)
2026-08-19 19:55:57,935 - INFO - aggregate_fit: received 60 results and 0 failures
2026-08-19 19:55:58,024 - INFO - [Round 27] 60/60 client tiep tuc model cuc bo (Algorithm 1 dong 10)
2026-08-19 19:56:12,123 - INFO - [Round 27] data-free KD 30 vong: gen_loss=23.3695 stu_loss=1.5102 (CE 0.3420)
2026-08-19 19:56:12,162 - INFO - [Round 57] luu checkpoint -> out_10shot/checkpoints/round_057.pth
2026-08-19 20:03:46,111 - INFO - [Round 57] loss=0.9532 acc=0.2110 | micro P/R/F1=0.2110/0.2110/0.2110 | macro P/R/F1=0.1665/0.1643/0.0586 | weighted P/R/F1=0.9908/0.2110/0.3462
2026-08-19 20:03:46,113 - INFO - fit progress: (27, 0.9532415244050737, {'accuracy': 0.21099167651873196, 'micro_precision': 0.21099167651873196, 'micro_recall': 0.21099167651873196, 'micro_f1': 0.21099167651873196, 'macro_precision': 0.16647374085173974, 'macro_recall': 0.16434768805041158, 'macro_f1': 0.05860019528362969, 'weighted_precision': 0.9908282462299456, 'weighted_recall': 0.21099167651873196, 'weighted_f1': 0.3462132579202527}, 12641.688657078)
2026-08-19 20:03:46,113 - INFO - configure_evaluate: no clients selected, skipping evaluation
2026-08-19 20:03:46,113 - INFO - 
2026-08-19 20:03:46,113 - INFO - [ROUND 28]
2026-08-19 20:03:46,113 - INFO - configure_fit: strategy sampled 60 clients (out of 60)
2026-08-19 20:03:48,439 - INFO - aggregate_fit: received 60 results and 0 failures
2026-08-19 20:03:48,530 - INFO - [Round 28] 60/60 client tiep tuc model cuc bo (Algorithm 1 dong 10)
2026-08-19 20:04:02,682 - INFO - [Round 28] data-free KD 30 vong: gen_loss=22.9223 stu_loss=1.4931 (CE 0.3400)
2026-08-19 20:04:02,720 - INFO - [Round 58] luu checkpoint -> out_10shot/checkpoints/round_058.pth
2026-08-19 20:11:35,621 - INFO - [Round 58] loss=0.8251 acc=0.3189 | micro P/R/F1=0.3189/0.3189/0.3189 | macro P/R/F1=0.1658/0.1385/0.0811 | weighted P/R/F1=0.9871/0.3189/0.4811
2026-08-19 20:11:35,622 - INFO - fit progress: (28, 0.8250781195899828, {'accuracy': 0.31886332758986574, 'micro_precision': 0.31886332758986574, 'micro_recall': 0.31886332758986574, 'micro_f1': 0.31886332758986574, 'macro_precision': 0.16579427691272583, 'macro_recall': 0.1385037121079716, 'macro_f1': 0.08110346361430985, 'weighted_precision': 0.9871436172869683, 'weighted_recall': 0.3188633275898658, 'weighted_f1': 0.4810915368950017}, 13111.197841753)
2026-08-19 20:11:35,622 - INFO - configure_evaluate: no clients selected, skipping evaluation
2026-08-19 20:11:35,622 - INFO - 
2026-08-19 20:11:35,622 - INFO - [ROUND 29]
2026-08-19 20:11:35,623 - INFO - configure_fit: strategy sampled 60 clients (out of 60)
2026-08-19 20:11:38,305 - INFO - aggregate_fit: received 60 results and 0 failures
2026-08-19 20:11:38,395 - INFO - [Round 29] 60/60 client tiep tuc model cuc bo (Algorithm 1 dong 10)
2026-08-19 20:11:52,806 - INFO - [Round 29] data-free KD 30 vong: gen_loss=22.2888 stu_loss=1.4861 (CE 0.3373)
2026-08-19 20:11:52,844 - INFO - [Round 59] luu checkpoint -> out_10shot/checkpoints/round_059.pth
2026-08-19 20:19:26,638 - INFO - [Round 59] loss=0.7769 acc=0.4192 | micro P/R/F1=0.4192/0.4192/0.4192 | macro P/R/F1=0.1659/0.1391/0.0990 | weighted P/R/F1=0.9880/0.4192/0.5880
2026-08-19 20:19:26,639 - INFO - fit progress: (29, 0.7768729554836774, {'accuracy': 0.41921508569301424, 'micro_precision': 0.41921508569301424, 'micro_recall': 0.41921508569301424, 'micro_f1': 0.41921508569301424, 'macro_precision': 0.1659355810906053, 'macro_recall': 0.13913573634171902, 'macro_f1': 0.09901995258671052, 'weighted_precision': 0.9880454213719735, 'weighted_recall': 0.41921508569301424, 'weighted_f1': 0.5880155586022394}, 13582.21487113)
2026-08-19 20:19:26,639 - INFO - configure_evaluate: no clients selected, skipping evaluation
2026-08-19 20:19:26,639 - INFO - 
2026-08-19 20:19:26,639 - INFO - [ROUND 30]
2026-08-19 20:19:26,640 - INFO - configure_fit: strategy sampled 60 clients (out of 60)
2026-08-19 20:19:29,091 - INFO - aggregate_fit: received 60 results and 0 failures
2026-08-19 20:19:29,180 - INFO - [Round 30] 60/60 client tiep tuc model cuc bo (Algorithm 1 dong 10)
2026-08-19 20:19:43,285 - INFO - [Round 30] data-free KD 30 vong: gen_loss=22.0654 stu_loss=1.4807 (CE 0.3358)
2026-08-19 20:19:43,323 - INFO - [Round 60] luu checkpoint -> out_10shot/checkpoints/round_060.pth
2026-08-19 20:27:13,597 - INFO - [Round 60] loss=0.6315 acc=0.9258 | micro P/R/F1=0.9258/0.9258/0.9258 | macro P/R/F1=0.1658/0.1608/0.1606 | weighted P/R/F1=0.9877/0.9258/0.9557
2026-08-19 20:27:16,275 - INFO - Luu out_10shot/confusion_matrix_task1.csv
2026-08-19 20:27:16,276 - INFO - Luu out_10shot/confusion_matrix_task1_normalized.csv
2026-08-19 20:27:24,529 - INFO - Luu out_10shot/classification_report_task1.txt
               precision    recall  f1-score   support

       Benign     0.9941    0.9318    0.9620  41700592
          DoS     0.0000    0.0000    0.0000    145129
       double     0.0000    0.0000    0.0000     12413
force-neutral     0.0000    0.0000    0.0000      5744
      fuzzing     0.0008    0.0332    0.0015     67321
     interval     0.0000    0.0000    0.0000     40542

     accuracy                         0.9258  41971741
    macro avg     0.1658    0.1608    0.1606  41971741
 weighted avg     0.9877    0.9258    0.9557  41971741

2026-08-19 20:27:24,728 - INFO - Luu out_10shot/confusion_matrix_task1.png
2026-08-19 20:27:24,729 - INFO - fit progress: (30, 0.6315148526237031, {'accuracy': 0.925829571854072, 'micro_precision': 0.925829571854072, 'micro_recall': 0.925829571854072, 'micro_f1': 0.925829571854072, 'macro_precision': 0.16581791460725975, 'macro_recall': 0.1608325217663207, 'macro_f1': 0.1605782059948905, 'weighted_precision': 0.9877119237876512, 'weighted_recall': 0.925829571854072, 'weighted_f1': 0.9557436061458169}, 14060.304980764)
2026-08-19 20:27:24,729 - INFO - configure_evaluate: no clients selected, skipping evaluation
2026-08-19 20:27:24,730 - INFO - 
2026-08-19 20:27:24,730 - INFO - [SUMMARY]
2026-08-19 20:27:24,730 - INFO - Run finished 30 round(s) in 14060.31s
2026-08-19 20:27:24,734 - INFO - 	History (loss, centralized):
2026-08-19 20:27:24,735 - INFO - 		round 1: 0.14742796491012908
2026-08-19 20:27:24,735 - INFO - 		round 2: 0.16617728809402219
2026-08-19 20:27:24,735 - INFO - 		round 3: 0.35190112174871746
2026-08-19 20:27:24,735 - INFO - 		round 4: 0.5767270999027825
2026-08-19 20:27:24,735 - INFO - 		round 5: 0.8423903100512439
2026-08-19 20:27:24,735 - INFO - 		round 6: 1.7528075453106264
2026-08-19 20:27:24,735 - INFO - 		round 7: 1.7585655905184199
2026-08-19 20:27:24,735 - INFO - 		round 8: 1.836068700932135
2026-08-19 20:27:24,735 - INFO - 		round 9: 1.7094043422545613
2026-08-19 20:27:24,735 - INFO - 		round 10: 1.8056363989769901
2026-08-19 20:27:24,735 - INFO - 		round 11: 1.629116353988182
2026-08-19 20:27:24,735 - INFO - 		round 12: 1.5020657588526385
2026-08-19 20:27:24,735 - INFO - 		round 13: 1.4584164506494766
2026-08-19 20:27:24,735 - INFO - 		round 14: 1.3903531598961045
2026-08-19 20:27:24,736 - INFO - 		round 15: 1.3877706963228678
2026-08-19 20:27:24,736 - INFO - 		round 16: 1.2223162415795825
2026-08-19 20:27:24,736 - INFO - 		round 17: 1.1976171322254163
2026-08-19 20:27:24,736 - INFO - 		round 18: 1.3045660563738062
2026-08-19 20:27:24,736 - INFO - 		round 19: 1.3054196809787102
2026-08-19 20:27:24,736 - INFO - 		round 20: 1.2909927578943954
2026-08-19 20:27:24,736 - INFO - 		round 21: 1.2810262105050354
2026-08-19 20:27:24,736 - INFO - 		round 22: 1.1226952958918939
2026-08-19 20:27:24,736 - INFO - 		round 23: 1.2701563191462735
2026-08-19 20:27:24,736 - INFO - 		round 24: 1.271895090232921
2026-08-19 20:27:24,736 - INFO - 		round 25: 1.077495073174053
2026-08-19 20:27:24,736 - INFO - 		round 26: 0.9949458133280975
2026-08-19 20:27:24,736 - INFO - 		round 27: 0.9532415244050737
2026-08-19 20:27:24,736 - INFO - 		round 28: 0.8250781195899828
2026-08-19 20:27:24,736 - INFO - 		round 29: 0.7768729554836774
2026-08-19 20:27:24,736 - INFO - 		round 30: 0.6315148526237031
2026-08-19 20:27:24,736 - INFO - 	History (metrics, distributed, fit):
2026-08-19 20:27:24,736 - INFO - 	{'gen_loss': [(1, 43.7355899810791),
2026-08-19 20:27:24,736 - INFO - 	              (2, 40.88463567097982),
2026-08-19 20:27:24,736 - INFO - 	              (3, 40.03390248616537),
2026-08-19 20:27:24,736 - INFO - 	              (4, 39.55183804829915),
2026-08-19 20:27:24,736 - INFO - 	              (5, 39.428689829508464),
2026-08-19 20:27:24,736 - INFO - 	              (6, 39.14339370727539),
2026-08-19 20:27:24,736 - INFO - 	              (7, 38.27192713419596),
2026-08-19 20:27:24,736 - INFO - 	              (8, 37.348759206136066),
2026-08-19 20:27:24,736 - INFO - 	              (9, 36.897766494750975),
2026-08-19 20:27:24,737 - INFO - 	              (10, 36.235260264078775),
2026-08-19 20:27:24,737 - INFO - 	              (11, 35.13461049397787),
2026-08-19 20:27:24,737 - INFO - 	              (12, 34.13366864522298),
2026-08-19 20:27:24,737 - INFO - 	              (13, 33.70552469889323),
2026-08-19 20:27:24,737 - INFO - 	              (14, 32.51652749379476),
2026-08-19 20:27:24,737 - INFO - 	              (15, 32.23280118306478),
2026-08-19 20:27:24,737 - INFO - 	              (16, 32.20502554575602),
2026-08-19 20:27:24,737 - INFO - 	              (17, 31.153014437357584),
2026-08-19 20:27:24,737 - INFO - 	              (18, 30.67484753926595),
2026-08-19 20:27:24,737 - INFO - 	              (19, 30.029166412353515),
2026-08-19 20:27:24,737 - INFO - 	              (20, 29.41383501688639),
2026-08-19 20:27:24,737 - INFO - 	              (21, 29.383189074198405),
2026-08-19 20:27:24,737 - INFO - 	              (22, 28.47696444193522),
2026-08-19 20:27:24,737 - INFO - 	              (23, 27.870308621724448),
2026-08-19 20:27:24,737 - INFO - 	              (24, 27.25133056640625),
2026-08-19 20:27:24,737 - INFO - 	              (25, 25.984401194254556),
2026-08-19 20:27:24,737 - INFO - 	              (26, 24.893051783243816),
2026-08-19 20:27:24,737 - INFO - 	              (27, 23.369503466288247),
2026-08-19 20:27:24,737 - INFO - 	              (28, 22.922271664937337),
2026-08-19 20:27:24,737 - INFO - 	              (29, 22.288798268636068),
2026-08-19 20:27:24,737 - INFO - 	              (30, 22.065419578552245)],
2026-08-19 20:27:24,737 - INFO - 	 'kd_loss_client': [(1, 0.06695883358436976),
2026-08-19 20:27:24,737 - INFO - 	                    (2, 0.10737607736051792),
2026-08-19 20:27:24,737 - INFO - 	                    (3, 1.2926829603751975),
2026-08-19 20:27:24,737 - INFO - 	                    (4, 12.810074160874837),
2026-08-19 20:27:24,737 - INFO - 	                    (5, 41.659984313117135),
2026-08-19 20:27:24,737 - INFO - 	                    (6, 60.89487067109063),
2026-08-19 20:27:24,737 - INFO - 	                    (7, 79.09292589762853),
2026-08-19 20:27:24,738 - INFO - 	                    (8, 82.87375187495398),
2026-08-19 20:27:24,738 - INFO - 	                    (9, 82.18758022444588),
2026-08-19 20:27:24,738 - INFO - 	                    (10, 77.99411005110969),
2026-08-19 20:27:24,738 - INFO - 	                    (11, 77.7966154875831),
2026-08-19 20:27:24,738 - INFO - 	                    (12, 74.0696924874896),
2026-08-19 20:27:24,738 - INFO - 	                    (13, 70.97941710752156),
2026-08-19 20:27:24,738 - INFO - 	                    (14, 68.7526424303509),
2026-08-19 20:27:24,738 - INFO - 	                    (15, 66.87039932659694),
2026-08-19 20:27:24,738 - INFO - 	                    (16, 66.13199362974318),
2026-08-19 20:27:24,738 - INFO - 	                    (17, 62.467007741852406),
2026-08-19 20:27:24,738 - INFO - 	                    (18, 61.984471170107525),
2026-08-19 20:27:24,738 - INFO - 	                    (19, 62.90533742609479),
2026-08-19 20:27:24,738 - INFO - 	                    (20, 61.570218020545106),
2026-08-19 20:27:24,738 - INFO - 	                    (21, 60.982903396288556),
2026-08-19 20:27:24,738 - INFO - 	                    (22, 59.941000934479725),
2026-08-19 20:27:24,738 - INFO - 	                    (23, 57.636216483873035),
2026-08-19 20:27:24,738 - INFO - 	                    (24, 58.81442175728934),
2026-08-19 20:27:24,738 - INFO - 	                    (25, 58.002470332705784),
2026-08-19 20:27:24,738 - INFO - 	                    (26, 54.59527149435074),
2026-08-19 20:27:24,738 - INFO - 	                    (27, 52.56896105039687),
2026-08-19 20:27:24,738 - INFO - 	                    (28, 50.0224635758854),
2026-08-19 20:27:24,738 - INFO - 	                    (29, 46.716906111391765),
2026-08-19 20:27:24,738 - INFO - 	                    (30, 44.49579748638093)],
2026-08-19 20:27:24,738 - INFO - 	 'num_clients': [(1, 60),
2026-08-19 20:27:24,738 - INFO - 	                 (2, 60),
2026-08-19 20:27:24,738 - INFO - 	                 (3, 60),
2026-08-19 20:27:24,738 - INFO - 	                 (4, 60),
2026-08-19 20:27:24,739 - INFO - 	                 (5, 60),
2026-08-19 20:27:24,739 - INFO - 	                 (6, 60),
2026-08-19 20:27:24,739 - INFO - 	                 (7, 60),
2026-08-19 20:27:24,739 - INFO - 	                 (8, 60),
2026-08-19 20:27:24,739 - INFO - 	                 (9, 60),
2026-08-19 20:27:24,739 - INFO - 	                 (10, 60),
2026-08-19 20:27:24,739 - INFO - 	                 (11, 60),
2026-08-19 20:27:24,739 - INFO - 	                 (12, 60),
2026-08-19 20:27:24,739 - INFO - 	                 (13, 60),
2026-08-19 20:27:24,739 - INFO - 	                 (14, 60),
2026-08-19 20:27:24,739 - INFO - 	                 (15, 60),
2026-08-19 20:27:24,739 - INFO - 	                 (16, 60),
2026-08-19 20:27:24,739 - INFO - 	                 (17, 60),
2026-08-19 20:27:24,739 - INFO - 	                 (18, 60),
2026-08-19 20:27:24,739 - INFO - 	                 (19, 60),
2026-08-19 20:27:24,739 - INFO - 	                 (20, 60),
2026-08-19 20:27:24,739 - INFO - 	                 (21, 60),
2026-08-19 20:27:24,739 - INFO - 	                 (22, 60),
2026-08-19 20:27:24,739 - INFO - 	                 (23, 60),
2026-08-19 20:27:24,739 - INFO - 	                 (24, 60),
2026-08-19 20:27:24,739 - INFO - 	                 (25, 60),
2026-08-19 20:27:24,739 - INFO - 	                 (26, 60),
2026-08-19 20:27:24,739 - INFO - 	                 (27, 60),
2026-08-19 20:27:24,739 - INFO - 	                 (28, 60),
2026-08-19 20:27:24,739 - INFO - 	                 (29, 60),
2026-08-19 20:27:24,739 - INFO - 	                 (30, 60)],
2026-08-19 20:27:24,739 - INFO - 	 'resumed_local': [(1, 0),
2026-08-19 20:27:24,739 - INFO - 	                   (2, 60),
2026-08-19 20:27:24,740 - INFO - 	                   (3, 60),
2026-08-19 20:27:24,740 - INFO - 	                   (4, 60),
2026-08-19 20:27:24,740 - INFO - 	                   (5, 60),
2026-08-19 20:27:24,740 - INFO - 	                   (6, 60),
2026-08-19 20:27:24,740 - INFO - 	                   (7, 60),
2026-08-19 20:27:24,740 - INFO - 	                   (8, 60),
2026-08-19 20:27:24,740 - INFO - 	                   (9, 60),
2026-08-19 20:27:24,740 - INFO - 	                   (10, 60),
2026-08-19 20:27:24,740 - INFO - 	                   (11, 60),
2026-08-19 20:27:24,740 - INFO - 	                   (12, 60),
2026-08-19 20:27:24,740 - INFO - 	                   (13, 60),
2026-08-19 20:27:24,740 - INFO - 	                   (14, 60),
2026-08-19 20:27:24,740 - INFO - 	                   (15, 60),
2026-08-19 20:27:24,740 - INFO - 	                   (16, 60),
2026-08-19 20:27:24,740 - INFO - 	                   (17, 60),
2026-08-19 20:27:24,740 - INFO - 	                   (18, 60),
2026-08-19 20:27:24,740 - INFO - 	                   (19, 60),
2026-08-19 20:27:24,740 - INFO - 	                   (20, 60),
2026-08-19 20:27:24,740 - INFO - 	                   (21, 60),
2026-08-19 20:27:24,740 - INFO - 	                   (22, 60),
2026-08-19 20:27:24,741 - INFO - 	                   (23, 60),
2026-08-19 20:27:24,741 - INFO - 	                   (24, 60),
2026-08-19 20:27:24,741 - INFO - 	                   (25, 60),
2026-08-19 20:27:24,741 - INFO - 	                   (26, 60),
2026-08-19 20:27:24,741 - INFO - 	                   (27, 60),
2026-08-19 20:27:24,741 - INFO - 	                   (28, 60),
2026-08-19 20:27:24,741 - INFO - 	                   (29, 60),
2026-08-19 20:27:24,741 - INFO - 	                   (30, 60)],
2026-08-19 20:27:24,741 - INFO - 	 'stu_ce': [(1, 43.643080724080406),
2026-08-19 20:27:24,741 - INFO - 	            (2, 25.67074307759603),
2026-08-19 20:27:24,741 - INFO - 	            (3, 13.847868359883627),
2026-08-19 20:27:24,741 - INFO - 	            (4, 7.349711720148722),
2026-08-19 20:27:24,741 - INFO - 	            (5, 3.6605279048283896),
2026-08-19 20:27:24,741 - INFO - 	            (6, 1.6592994757493338),
2026-08-19 20:27:24,741 - INFO - 	            (7, 0.8094939080874125),
2026-08-19 20:27:24,741 - INFO - 	            (8, 0.5904245642820994),
2026-08-19 20:27:24,742 - INFO - 	            (9, 0.49797651429971057),
2026-08-19 20:27:24,742 - INFO - 	            (10, 0.4476924588282903),
2026-08-19 20:27:24,742 - INFO - 	            (11, 0.41516678035259247),
2026-08-19 20:27:24,742 - INFO - 	            (12, 0.3934318353732427),
2026-08-19 20:27:24,742 - INFO - 	            (13, 0.3755122621854146),
2026-08-19 20:27:24,742 - INFO - 	            (14, 0.3652123459180196),
2026-08-19 20:27:24,742 - INFO - 	            (15, 0.3587703839937846),
2026-08-19 20:27:24,742 - INFO - 	            (16, 0.35363511979579926),
2026-08-19 20:27:24,742 - INFO - 	            (17, 0.35114803512891135),
2026-08-19 20:27:24,742 - INFO - 	            (18, 0.3477664271990458),
2026-08-19 20:27:24,742 - INFO - 	            (19, 0.3455963613589605),
2026-08-19 20:27:24,742 - INFO - 	            (20, 0.3439577736457189),
2026-08-19 20:27:24,742 - INFO - 	            (21, 0.3437981502215068),
2026-08-19 20:27:24,742 - INFO - 	            (22, 0.34327617307504016),
2026-08-19 20:27:24,742 - INFO - 	            (23, 0.3449220889806747),
2026-08-19 20:27:24,742 - INFO - 	            (24, 0.3415405035018921),
2026-08-19 20:27:24,742 - INFO - 	            (25, 0.34302078942457837),
2026-08-19 20:27:24,742 - INFO - 	            (26, 0.34924344937006635),
2026-08-19 20:27:24,742 - INFO - 	            (27, 0.3420237362384796),
2026-08-19 20:27:24,742 - INFO - 	            (28, 0.33998361925284065),
2026-08-19 20:27:24,743 - INFO - 	            (29, 0.3372893297672272),
2026-08-19 20:27:24,743 - INFO - 	            (30, 0.3358150907357534)],
2026-08-19 20:27:24,743 - INFO - 	 'stu_loss': [(1, 43.66435910542806),
2026-08-19 20:27:24,743 - INFO - 	              (2, 25.76236156463623),
2026-08-19 20:27:24,743 - INFO - 	              (3, 14.174419002532959),
2026-08-19 20:27:24,743 - INFO - 	              (4, 8.183453502655029),
2026-08-19 20:27:24,743 - INFO - 	              (5, 5.149495935440063),
2026-08-19 20:27:24,743 - INFO - 	              (6, 3.4140579907099404),
2026-08-19 20:27:24,743 - INFO - 	              (7, 2.4862087774276733),
2026-08-19 20:27:24,743 - INFO - 	              (8, 2.1495704817771912),
2026-08-19 20:27:24,743 - INFO - 	              (9, 1.952803335984548),
2026-08-19 20:27:24,743 - INFO - 	              (10, 1.8241424481074016),
2026-08-19 20:27:24,743 - INFO - 	              (11, 1.7374899117151896),
2026-08-19 20:27:24,743 - INFO - 	              (12, 1.677714405854543),
2026-08-19 20:27:24,743 - INFO - 	              (13, 1.6347983010609946),
2026-08-19 20:27:24,743 - INFO - 	              (14, 1.6014541395505268),
2026-08-19 20:27:24,743 - INFO - 	              (15, 1.581297299861908),
2026-08-19 20:27:24,743 - INFO - 	              (16, 1.5696372493108113),
2026-08-19 20:27:24,743 - INFO - 	              (17, 1.5579606850941976),
2026-08-19 20:27:24,743 - INFO - 	              (18, 1.5473976198832193),
2026-08-19 20:27:24,743 - INFO - 	              (19, 1.5379660487174989),
2026-08-19 20:27:24,743 - INFO - 	              (20, 1.5323779670397442),
2026-08-19 20:27:24,743 - INFO - 	              (21, 1.5310279591878255),
2026-08-19 20:27:24,743 - INFO - 	              (22, 1.526616926987966),
2026-08-19 20:27:24,743 - INFO - 	              (23, 1.5303215233484904),
2026-08-19 20:27:24,743 - INFO - 	              (24, 1.5169001094500223),
2026-08-19 20:27:24,744 - INFO - 	              (25, 1.5212628412246705),
2026-08-19 20:27:24,744 - INFO - 	              (26, 1.5218664566675821),
2026-08-19 20:27:24,744 - INFO - 	              (27, 1.5102412112553913),
2026-08-19 20:27:24,744 - INFO - 	              (28, 1.4930520566304524),
2026-08-19 20:27:24,744 - INFO - 	              (29, 1.4861162606875102),
2026-08-19 20:27:24,744 - INFO - 	              (30, 1.480732646783193)],
2026-08-19 20:27:24,744 - INFO - 	 'train_loss': [(1, 56.92598230558864),
2026-08-19 20:27:24,744 - INFO - 	                (2, 55.78880528129413),
2026-08-19 20:27:24,744 - INFO - 	                (3, 54.71931484224496),
2026-08-19 20:27:24,744 - INFO - 	                (4, 53.665118572760214),
2026-08-19 20:27:24,744 - INFO - 	                (5, 52.65276106816386),
2026-08-19 20:27:24,744 - INFO - 	                (6, 51.67955566370029),
2026-08-19 20:27:24,744 - INFO - 	                (7, 50.73652795456594),
2026-08-19 20:27:24,744 - INFO - 	                (8, 49.83708477761978),
2026-08-19 20:27:24,744 - INFO - 	                (9, 49.014589874351756),
2026-08-19 20:27:24,744 - INFO - 	                (10, 48.138914992479094),
2026-08-19 20:27:24,744 - INFO - 	                (11, 47.31579748127167),
2026-08-19 20:27:24,744 - INFO - 	                (12, 46.54301739018946),
2026-08-19 20:27:24,744 - INFO - 	                (13, 45.768183611205984),
2026-08-19 20:27:24,745 - INFO - 	                (14, 45.03189624613839),
2026-08-19 20:27:24,745 - INFO - 	                (15, 44.29920894344563),
2026-08-19 20:27:24,745 - INFO - 	                (16, 43.60933221079037),
2026-08-19 20:27:24,745 - INFO - 	                (17, 42.89175003072874),
2026-08-19 20:27:24,745 - INFO - 	                (18, 42.22562395456604),
2026-08-19 20:27:24,745 - INFO - 	                (19, 41.58040292598766),
2026-08-19 20:27:24,745 - INFO - 	                (20, 40.949450971611434),
2026-08-19 20:27:24,745 - INFO - 	                (21, 40.32803786613885),
2026-08-19 20:27:24,745 - INFO - 	                (22, 39.74380335880988),
2026-08-19 20:27:24,745 - INFO - 	                (23, 39.14140227251683),
2026-08-19 20:27:24,745 - INFO - 	                (24, 38.55276439622285),
2026-08-19 20:27:24,745 - INFO - 	                (25, 37.9970735793922),
2026-08-19 20:27:24,745 - INFO - 	                (26, 37.46699693651979),
2026-08-19 20:27:24,745 - INFO - 	                (27, 36.93162916764033),
2026-08-19 20:27:24,745 - INFO - 	                (28, 36.383395183723856),
2026-08-19 20:27:24,745 - INFO - 	                (29, 35.85593162129771),
2026-08-19 20:27:24,746 - INFO - 	                (30, 35.37015510690739)]}
2026-08-19 20:27:24,746 - INFO - 	History (metrics, centralized):
2026-08-19 20:27:24,746 - INFO - 	{'accuracy': [(1, 0.993539724740034),
2026-08-19 20:27:24,746 - INFO - 	              (2, 0.993539724740034),
2026-08-19 20:27:24,746 - INFO - 	              (3, 0.993539724740034),
2026-08-19 20:27:24,746 - INFO - 	              (4, 0.993539724740034),
2026-08-19 20:27:24,746 - INFO - 	              (5, 0.6627219966882003),
2026-08-19 20:27:24,746 - INFO - 	              (6, 0.001603960150235369),
2026-08-19 20:27:24,746 - INFO - 	              (7, 0.001603960150235369),
2026-08-19 20:27:24,746 - INFO - 	              (8, 0.001603960150235369),
2026-08-19 20:27:24,746 - INFO - 	              (9, 0.001603960150235369),
2026-08-19 20:27:24,746 - INFO - 	              (10, 0.0016240689181799726),
2026-08-19 20:27:24,746 - INFO - 	              (11, 0.041843248770643084),
2026-08-19 20:27:24,746 - INFO - 	              (12, 0.04724400162480751),
2026-08-19 20:27:24,746 - INFO - 	              (13, 0.011980322665195137),
2026-08-19 20:27:24,746 - INFO - 	              (14, 0.03901699002669439),
2026-08-19 20:27:24,746 - INFO - 	              (15, 0.041285349587952526),
2026-08-19 20:27:24,747 - INFO - 	              (16, 0.047220914662558316),
2026-08-19 20:27:24,747 - INFO - 	              (17, 0.06937467759557556),
2026-08-19 20:27:24,747 - INFO - 	              (18, 0.07759751972166225),
2026-08-19 20:27:24,747 - INFO - 	              (19, 0.06339138993543299),
2026-08-19 20:27:24,747 - INFO - 	              (20, 0.08722018464757038),
2026-08-19 20:27:24,747 - INFO - 	              (21, 0.07260487478944463),
2026-08-19 20:27:24,747 - INFO - 	              (22, 0.22580321364319864),
2026-08-19 20:27:24,747 - INFO - 	              (23, 0.10237442854705503),
2026-08-19 20:27:24,747 - INFO - 	              (24, 0.07918613621484036),
2026-08-19 20:27:24,747 - INFO - 	              (25, 0.2424877729041547),
2026-08-19 20:27:24,747 - INFO - 	              (26, 0.25486398098187063),
2026-08-19 20:27:24,747 - INFO - 	              (27, 0.21099167651873196),
2026-08-19 20:27:24,747 - INFO - 	              (28, 0.31886332758986574),
2026-08-19 20:27:24,747 - INFO - 	              (29, 0.41921508569301424),
2026-08-19 20:27:24,747 - INFO - 	              (30, 0.925829571854072)],
2026-08-19 20:27:24,747 - INFO - 	 'macro_f1': [(1, 0.1661265657948528),
2026-08-19 20:27:24,747 - INFO - 	              (2, 0.1661265657948528),
2026-08-19 20:27:24,748 - INFO - 	              (3, 0.1661265657948528),
2026-08-19 20:27:24,748 - INFO - 	              (4, 0.1661265657948528),
2026-08-19 20:27:24,748 - INFO - 	              (5, 0.13463064549586745),
2026-08-19 20:27:24,748 - INFO - 	              (6, 0.0005337971939843313),
2026-08-19 20:27:24,748 - INFO - 	              (7, 0.0005337971939843313),
2026-08-19 20:27:24,748 - INFO - 	              (8, 0.0005337971939843313),
2026-08-19 20:27:24,748 - INFO - 	              (9, 0.0005337971939843313),
2026-08-19 20:27:24,748 - INFO - 	              (10, 0.0005405542814108256),
2026-08-19 20:27:24,748 - INFO - 	              (11, 0.013530913670682208),
2026-08-19 20:27:24,748 - INFO - 	              (12, 0.015198903917599605),
2026-08-19 20:27:24,748 - INFO - 	              (13, 0.003984680275024678),
2026-08-19 20:27:24,748 - INFO - 	              (14, 0.012651082215938957),
2026-08-19 20:27:24,748 - INFO - 	              (15, 0.013357633306908147),
2026-08-19 20:27:24,748 - INFO - 	              (16, 0.015191796982612998),
2026-08-19 20:27:24,748 - INFO - 	              (17, 0.021855531181445193),
2026-08-19 20:27:24,748 - INFO - 	              (18, 0.02425887958673634),
2026-08-19 20:27:24,748 - INFO - 	              (19, 0.020083723363729582),
2026-08-19 20:27:24,748 - INFO - 	              (20, 0.02702440584723194),
2026-08-19 20:27:24,749 - INFO - 	              (21, 0.022804295370367763),
2026-08-19 20:27:24,749 - INFO - 	              (22, 0.0619661734917828),
2026-08-19 20:27:24,749 - INFO - 	              (23, 0.031279546794661044),
2026-08-19 20:27:24,749 - INFO - 	              (24, 0.024719879811403542),
2026-08-19 20:27:24,749 - INFO - 	              (25, 0.06563840464965752),
2026-08-19 20:27:24,749 - INFO - 	              (26, 0.06828694474719182),
2026-08-19 20:27:24,749 - INFO - 	              (27, 0.05860019528362969),
2026-08-19 20:27:24,749 - INFO - 	              (28, 0.08110346361430985),
2026-08-19 20:27:24,749 - INFO - 	              (29, 0.09901995258671052),
2026-08-19 20:27:24,749 - INFO - 	              (30, 0.1605782059948905)],
2026-08-19 20:27:24,749 - INFO - 	 'macro_precision': [(1, 0.16558995412333902),
2026-08-19 20:27:24,749 - INFO - 	                     (2, 0.16558995412333902),
2026-08-19 20:27:24,749 - INFO - 	                     (3, 0.16558995412333902),
2026-08-19 20:27:24,749 - INFO - 	                     (4, 0.16558995412333902),
2026-08-19 20:27:24,749 - INFO - 	                     (5, 0.16659353889740006),
2026-08-19 20:27:24,749 - INFO - 	                     (6, 0.00026732669170589484),
2026-08-19 20:27:24,749 - INFO - 	                     (7, 0.00026732669170589484),
2026-08-19 20:27:24,749 - INFO - 	                     (8, 0.00026732669170589484),
2026-08-19 20:27:24,750 - INFO - 	                     (9, 0.00026732669170589484),
2026-08-19 20:27:24,750 - INFO - 	                     (10, 0.16693399873409107),
2026-08-19 20:27:24,750 - INFO - 	                     (11, 0.1669410893290483),
2026-08-19 20:27:24,750 - INFO - 	                     (12, 0.16693684312740018),
2026-08-19 20:27:24,750 - INFO - 	                     (13, 0.16693640963422784),
2026-08-19 20:27:24,750 - INFO - 	                     (14, 0.16694284013003846),
2026-08-19 20:27:24,750 - INFO - 	                     (15, 0.16694295580193685),
2026-08-19 20:27:24,750 - INFO - 	                     (16, 0.16693591980971478),
2026-08-19 20:27:24,750 - INFO - 	                     (17, 0.16688134272906063),
2026-08-19 20:27:24,750 - INFO - 	                     (18, 0.16687621519033305),
2026-08-19 20:27:24,750 - INFO - 	                     (19, 0.166904982817344),
2026-08-19 20:27:24,750 - INFO - 	                     (20, 0.16686155625474555),
2026-08-19 20:27:24,750 - INFO - 	                     (21, 0.16688585917242724),
2026-08-19 20:27:24,750 - INFO - 	                     (22, 0.16654811746679202),
2026-08-19 20:27:24,750 - INFO - 	                     (23, 0.16675796040386906),
2026-08-19 20:27:24,750 - INFO - 	                     (24, 0.16689859726648815),
2026-08-19 20:27:24,751 - INFO - 	                     (25, 0.16653960312882646),
2026-08-19 20:27:24,751 - INFO - 	                     (26, 0.1664931428670328),
2026-08-19 20:27:24,751 - INFO - 	                     (27, 0.16647374085173974),
2026-08-19 20:27:24,751 - INFO - 	                     (28, 0.16579427691272583),
2026-08-19 20:27:24,751 - INFO - 	                     (29, 0.1659355810906053),
2026-08-19 20:27:24,751 - INFO - 	                     (30, 0.16581791460725975)],
2026-08-19 20:27:24,751 - INFO - 	 'macro_recall': [(1, 0.16666666666666666),
2026-08-19 20:27:24,751 - INFO - 	                  (2, 0.16666666666666666),
2026-08-19 20:27:24,751 - INFO - 	                  (3, 0.16666666666666666),
2026-08-19 20:27:24,751 - INFO - 	                  (4, 0.16666666666666666),
2026-08-19 20:27:24,751 - INFO - 	                  (5, 0.19827953940535337),
2026-08-19 20:27:24,751 - INFO - 	                  (6, 0.16666666666666666),
2026-08-19 20:27:24,751 - INFO - 	                  (7, 0.16666666666666666),
2026-08-19 20:27:24,751 - INFO - 	                  (8, 0.16666666666666666),
2026-08-19 20:27:24,751 - INFO - 	                  (9, 0.16666666666666666),
2026-08-19 20:27:24,751 - INFO - 	                  (10, 0.1666700399201367),
2026-08-19 20:27:24,751 - INFO - 	                  (11, 0.1733179544657187),
2026-08-19 20:27:24,751 - INFO - 	                  (12, 0.1740533852177268),
2026-08-19 20:27:24,752 - INFO - 	                  (13, 0.16840483372041584),
2026-08-19 20:27:24,752 - INFO - 	                  (14, 0.17290811279707163),
2026-08-19 20:27:24,752 - INFO - 	                  (15, 0.1732738007506326),
2026-08-19 20:27:24,752 - INFO - 	                  (16, 0.1740247953285404),
2026-08-19 20:27:24,752 - INFO - 	                  (17, 0.17519771381345595),
2026-08-19 20:27:24,752 - INFO - 	                  (18, 0.17592456878552573),
2026-08-19 20:27:24,752 - INFO - 	                  (19, 0.1753483009172778),
2026-08-19 20:27:24,752 - INFO - 	                  (20, 0.1762732619108839),
2026-08-19 20:27:24,752 - INFO - 	                  (21, 0.17575935425515754),
2026-08-19 20:27:24,752 - INFO - 	                  (22, 0.17113062272471438),
2026-08-19 20:27:24,752 - INFO - 	                  (23, 0.17684791550601694),
2026-08-19 20:27:24,752 - INFO - 	                  (24, 0.17710064697000683),
2026-08-19 20:27:24,752 - INFO - 	                  (25, 0.16913435764294726),
2026-08-19 20:27:24,752 - INFO - 	                  (26, 0.16380524532487414),
2026-08-19 20:27:24,752 - INFO - 	                  (27, 0.16434768805041158),
2026-08-19 20:27:24,752 - INFO - 	                  (28, 0.1385037121079716),
2026-08-19 20:27:24,752 - INFO - 	                  (29, 0.13913573634171902),
2026-08-19 20:27:24,752 - INFO - 	                  (30, 0.1608325217663207)],
2026-08-19 20:27:24,753 - INFO - 	 'micro_f1': [(1, 0.993539724740034),
2026-08-19 20:27:24,753 - INFO - 	              (2, 0.993539724740034),
2026-08-19 20:27:24,753 - INFO - 	              (3, 0.993539724740034),
2026-08-19 20:27:24,753 - INFO - 	              (4, 0.993539724740034),
2026-08-19 20:27:24,753 - INFO - 	              (5, 0.6627219966882003),
2026-08-19 20:27:24,753 - INFO - 	              (6, 0.001603960150235369),
2026-08-19 20:27:24,753 - INFO - 	              (7, 0.001603960150235369),
2026-08-19 20:27:24,753 - INFO - 	              (8, 0.001603960150235369),
2026-08-19 20:27:24,753 - INFO - 	              (9, 0.001603960150235369),
2026-08-19 20:27:24,753 - INFO - 	              (10, 0.0016240689181799726),
2026-08-19 20:27:24,753 - INFO - 	              (11, 0.041843248770643084),
2026-08-19 20:27:24,753 - INFO - 	              (12, 0.04724400162480751),
2026-08-19 20:27:24,753 - INFO - 	              (13, 0.011980322665195137),
2026-08-19 20:27:24,753 - INFO - 	              (14, 0.03901699002669439),
2026-08-19 20:27:24,753 - INFO - 	              (15, 0.041285349587952526),
2026-08-19 20:27:24,753 - INFO - 	              (16, 0.047220914662558316),
2026-08-19 20:27:24,754 - INFO - 	              (17, 0.06937467759557556),
2026-08-19 20:27:24,754 - INFO - 	              (18, 0.07759751972166225),
2026-08-19 20:27:24,754 - INFO - 	              (19, 0.06339138993543299),
2026-08-19 20:27:24,754 - INFO - 	              (20, 0.08722018464757038),
2026-08-19 20:27:24,754 - INFO - 	              (21, 0.07260487478944463),
2026-08-19 20:27:24,754 - INFO - 	              (22, 0.22580321364319864),
2026-08-19 20:27:24,754 - INFO - 	              (23, 0.10237442854705503),
2026-08-19 20:27:24,754 - INFO - 	              (24, 0.07918613621484036),
2026-08-19 20:27:24,754 - INFO - 	              (25, 0.2424877729041547),
2026-08-19 20:27:24,754 - INFO - 	              (26, 0.25486398098187063),
2026-08-19 20:27:24,754 - INFO - 	              (27, 0.21099167651873196),
2026-08-19 20:27:24,754 - INFO - 	              (28, 0.31886332758986574),
2026-08-19 20:27:24,754 - INFO - 	              (29, 0.41921508569301424),
2026-08-19 20:27:24,755 - INFO - 	              (30, 0.925829571854072)],
2026-08-19 20:27:24,755 - INFO - 	 'micro_precision': [(1, 0.993539724740034),
2026-08-19 20:27:24,755 - INFO - 	                     (2, 0.993539724740034),
2026-08-19 20:27:24,755 - INFO - 	                     (3, 0.993539724740034),
2026-08-19 20:27:24,755 - INFO - 	                     (4, 0.993539724740034),
2026-08-19 20:27:24,755 - INFO - 	                     (5, 0.6627219966882003),
2026-08-19 20:27:24,755 - INFO - 	                     (6, 0.001603960150235369),
2026-08-19 20:27:24,755 - INFO - 	                     (7, 0.001603960150235369),
2026-08-19 20:27:24,755 - INFO - 	                     (8, 0.001603960150235369),
2026-08-19 20:27:24,755 - INFO - 	                     (9, 0.001603960150235369),
2026-08-19 20:27:24,755 - INFO - 	                     (10, 0.0016240689181799726),
2026-08-19 20:27:24,755 - INFO - 	                     (11, 0.041843248770643084),
2026-08-19 20:27:24,755 - INFO - 	                     (12, 0.04724400162480751),
2026-08-19 20:27:24,755 - INFO - 	                     (13, 0.011980322665195137),
2026-08-19 20:27:24,756 - INFO - 	                     (14, 0.03901699002669439),
2026-08-19 20:27:24,756 - INFO - 	                     (15, 0.041285349587952526),
2026-08-19 20:27:24,756 - INFO - 	                     (16, 0.047220914662558316),
2026-08-19 20:27:24,756 - INFO - 	                     (17, 0.06937467759557556),
2026-08-19 20:27:24,756 - INFO - 	                     (18, 0.07759751972166225),
2026-08-19 20:27:24,756 - INFO - 	                     (19, 0.06339138993543299),
2026-08-19 20:27:24,756 - INFO - 	                     (20, 0.08722018464757038),
2026-08-19 20:27:24,756 - INFO - 	                     (21, 0.07260487478944463),
2026-08-19 20:27:24,756 - INFO - 	                     (22, 0.22580321364319864),
2026-08-19 20:27:24,756 - INFO - 	                     (23, 0.10237442854705503),
2026-08-19 20:27:24,756 - INFO - 	                     (24, 0.07918613621484036),
2026-08-19 20:27:24,756 - INFO - 	                     (25, 0.2424877729041547),
2026-08-19 20:27:24,756 - INFO - 	                     (26, 0.25486398098187063),
2026-08-19 20:27:24,756 - INFO - 	                     (27, 0.21099167651873196),
2026-08-19 20:27:24,756 - INFO - 	                     (28, 0.31886332758986574),
2026-08-19 20:27:24,756 - INFO - 	                     (29, 0.41921508569301424),
2026-08-19 20:27:24,756 - INFO - 	                     (30, 0.925829571854072)],
2026-08-19 20:27:24,756 - INFO - 	 'micro_recall': [(1, 0.993539724740034),
2026-08-19 20:27:24,756 - INFO - 	                  (2, 0.993539724740034),
2026-08-19 20:27:24,756 - INFO - 	                  (3, 0.993539724740034),
2026-08-19 20:27:24,757 - INFO - 	                  (4, 0.993539724740034),
2026-08-19 20:27:24,757 - INFO - 	                  (5, 0.6627219966882003),
2026-08-19 20:27:24,757 - INFO - 	                  (6, 0.001603960150235369),
2026-08-19 20:27:24,757 - INFO - 	                  (7, 0.001603960150235369),
2026-08-19 20:27:24,757 - INFO - 	                  (8, 0.001603960150235369),
2026-08-19 20:27:24,757 - INFO - 	                  (9, 0.001603960150235369),
2026-08-19 20:27:24,757 - INFO - 	                  (10, 0.0016240689181799726),
2026-08-19 20:27:24,757 - INFO - 	                  (11, 0.041843248770643084),
2026-08-19 20:27:24,757 - INFO - 	                  (12, 0.04724400162480751),
2026-08-19 20:27:24,757 - INFO - 	                  (13, 0.011980322665195137),
2026-08-19 20:27:24,757 - INFO - 	                  (14, 0.03901699002669439),
2026-08-19 20:27:24,757 - INFO - 	                  (15, 0.041285349587952526),
2026-08-19 20:27:24,757 - INFO - 	                  (16, 0.047220914662558316),
2026-08-19 20:27:24,757 - INFO - 	                  (17, 0.06937467759557556),
2026-08-19 20:27:24,757 - INFO - 	                  (18, 0.07759751972166225),
2026-08-19 20:27:24,757 - INFO - 	                  (19, 0.06339138993543299),
2026-08-19 20:27:24,757 - INFO - 	                  (20, 0.08722018464757038),
2026-08-19 20:27:24,757 - INFO - 	                  (21, 0.07260487478944463),
2026-08-19 20:27:24,758 - INFO - 	                  (22, 0.22580321364319864),
2026-08-19 20:27:24,758 - INFO - 	                  (23, 0.10237442854705503),
2026-08-19 20:27:24,758 - INFO - 	                  (24, 0.07918613621484036),
2026-08-19 20:27:24,758 - INFO - 	                  (25, 0.2424877729041547),
2026-08-19 20:27:24,758 - INFO - 	                  (26, 0.25486398098187063),
2026-08-19 20:27:24,758 - INFO - 	                  (27, 0.21099167651873196),
2026-08-19 20:27:24,758 - INFO - 	                  (28, 0.31886332758986574),
2026-08-19 20:27:24,758 - INFO - 	                  (29, 0.41921508569301424),
2026-08-19 20:27:24,758 - INFO - 	                  (30, 0.925829571854072)],
2026-08-19 20:27:24,758 - INFO - 	 'weighted_f1': [(1, 0.9903200547109512),
2026-08-19 20:27:24,758 - INFO - 	                 (2, 0.9903200547109512),
2026-08-19 20:27:24,758 - INFO - 	                 (3, 0.9903200547109512),
2026-08-19 20:27:24,758 - INFO - 	                 (4, 0.9903200547109512),
2026-08-19 20:27:24,758 - INFO - 	                 (5, 0.7919617259798014),
2026-08-19 20:27:24,758 - INFO - 	                 (6, 5.137136564749959e-06),
2026-08-19 20:27:24,758 - INFO - 	                 (7, 5.137136564749959e-06),
2026-08-19 20:27:24,758 - INFO - 	                 (8, 5.137136564749959e-06),
2026-08-19 20:27:24,759 - INFO - 	                 (9, 5.137136564749959e-06),
2026-08-19 20:27:24,759 - INFO - 	                 (10, 4.535396162490788e-05),
2026-08-19 20:27:24,759 - INFO - 	                 (11, 0.0773530304072253),
2026-08-19 20:27:24,759 - INFO - 	                 (12, 0.08728102951647337),
2026-08-19 20:27:24,759 - INFO - 	                 (13, 0.020543464243946628),
2026-08-19 20:27:24,759 - INFO - 	                 (14, 0.07211657147733726),
2026-08-19 20:27:24,759 - INFO - 	                 (15, 0.07632100394679459),
2026-08-19 20:27:24,759 - INFO - 	                 (16, 0.08723923641602065),
2026-08-19 20:27:24,759 - INFO - 	                 (17, 0.12693642637458308),
2026-08-19 20:27:24,759 - INFO - 	                 (18, 0.1412470367890837),
2026-08-19 20:27:24,759 - INFO - 	                 (19, 0.11637217481558175),
2026-08-19 20:27:24,759 - INFO - 	                 (20, 0.1577239678343964),
2026-08-19 20:27:24,759 - INFO - 	                 (21, 0.13258020343526147),
2026-08-19 20:27:24,759 - INFO - 	                 (22, 0.36611369821117606),
2026-08-19 20:27:24,759 - INFO - 	                 (23, 0.18307452558734552),
2026-08-19 20:27:24,760 - INFO - 	                 (24, 0.14397062027752747),
2026-08-19 20:27:24,760 - INFO - 	                 (25, 0.38805297490118784),
2026-08-19 20:27:24,760 - INFO - 	                 (26, 0.4039768451888125),
2026-08-19 20:27:24,760 - INFO - 	                 (27, 0.3462132579202527),
2026-08-19 20:27:24,760 - INFO - 	                 (28, 0.4810915368950017),
2026-08-19 20:27:24,760 - INFO - 	                 (29, 0.5880155586022394),
2026-08-19 20:27:24,760 - INFO - 	                 (30, 0.9557436061458169)],
2026-08-19 20:27:24,760 - INFO - 	 'weighted_precision': [(1, 0.9871211846365026),
2026-08-19 20:27:24,760 - INFO - 	                        (2, 0.9871211846365026),
2026-08-19 20:27:24,760 - INFO - 	                        (3, 0.9871211846365026),
2026-08-19 20:27:24,760 - INFO - 	                        (4, 0.9871211846365026),
2026-08-19 20:27:24,760 - INFO - 	                        (5, 0.9877472814827445),
2026-08-19 20:27:24,760 - INFO - 	                        (6, 2.5726881635430674e-06),
2026-08-19 20:27:24,760 - INFO - 	                        (7, 2.5726881635430674e-06),
2026-08-19 20:27:24,760 - INFO - 	                        (8, 2.5726881635430674e-06),
2026-08-19 20:27:24,760 - INFO - 	                        (9, 2.5726881635430674e-06),
2026-08-19 20:27:24,760 - INFO - 	                        (10, 0.9935422974799322),
2026-08-19 20:27:24,760 - INFO - 	                        (11, 0.9935188739507895),
2026-08-19 20:27:24,760 - INFO - 	                        (12, 0.9934858886735188),
2026-08-19 20:27:24,761 - INFO - 	                        (13, 0.9935400430714733),
2026-08-19 20:27:24,761 - INFO - 	                        (14, 0.9935335390715704),
2026-08-19 20:27:24,761 - INFO - 	                        (15, 0.9935304723779556),
2026-08-19 20:27:24,761 - INFO - 	                        (16, 0.9934806716208808),
2026-08-19 20:27:24,761 - INFO - 	                        (17, 0.993141776027438),
2026-08-19 20:27:24,761 - INFO - 	                        (18, 0.9931030085609649),
2026-08-19 20:27:24,761 - INFO - 	                        (19, 0.9932816754698144),
2026-08-19 20:27:24,761 - INFO - 	                        (20, 0.9930110693276611),
2026-08-19 20:27:24,761 - INFO - 	                        (21, 0.9931626630124567),
2026-08-19 20:27:24,761 - INFO - 	                        (22, 0.9911889130513046),
2026-08-19 20:27:24,761 - INFO - 	                        (23, 0.9923857700557714),
2026-08-19 20:27:24,761 - INFO - 	                        (24, 0.993224132765858),
2026-08-19 20:27:24,761 - INFO - 	                        (25, 0.9911622486701805),
2026-08-19 20:27:24,761 - INFO - 	                        (26, 0.9909530217588143),
2026-08-19 20:27:24,761 - INFO - 	                        (27, 0.9908282462299456),
2026-08-19 20:27:24,761 - INFO - 	                        (28, 0.9871436172869683),
2026-08-19 20:27:24,761 - INFO - 	                        (29, 0.9880454213719735),
2026-08-19 20:27:24,762 - INFO - 	                        (30, 0.9877119237876512)],
2026-08-19 20:27:24,762 - INFO - 	 'weighted_recall': [(1, 0.993539724740034),
2026-08-19 20:27:24,762 - INFO - 	                     (2, 0.993539724740034),
2026-08-19 20:27:24,762 - INFO - 	                     (3, 0.993539724740034),
2026-08-19 20:27:24,762 - INFO - 	                     (4, 0.993539724740034),
2026-08-19 20:27:24,762 - INFO - 	                     (5, 0.6627219966882004),
2026-08-19 20:27:24,762 - INFO - 	                     (6, 0.001603960150235369),
2026-08-19 20:27:24,762 - INFO - 	                     (7, 0.001603960150235369),
2026-08-19 20:27:24,762 - INFO - 	                     (8, 0.001603960150235369),
2026-08-19 20:27:24,762 - INFO - 	                     (9, 0.001603960150235369),
2026-08-19 20:27:24,762 - INFO - 	                     (10, 0.0016240689181799726),
2026-08-19 20:27:24,762 - INFO - 	                     (11, 0.04184324877064309),
2026-08-19 20:27:24,762 - INFO - 	                     (12, 0.04724400162480751),
2026-08-19 20:27:24,762 - INFO - 	                     (13, 0.011980322665195138),
2026-08-19 20:27:24,762 - INFO - 	                     (14, 0.03901699002669439),
2026-08-19 20:27:24,762 - INFO - 	                     (15, 0.041285349587952526),
2026-08-19 20:27:24,762 - INFO - 	                     (16, 0.047220914662558316),
2026-08-19 20:27:24,763 - INFO - 	                     (17, 0.06937467759557556),
2026-08-19 20:27:24,763 - INFO - 	                     (18, 0.07759751972166226),
2026-08-19 20:27:24,763 - INFO - 	                     (19, 0.06339138993543299),
2026-08-19 20:27:24,763 - INFO - 	                     (20, 0.08722018464757036),
2026-08-19 20:27:24,763 - INFO - 	                     (21, 0.07260487478944465),
2026-08-19 20:27:24,763 - INFO - 	                     (22, 0.22580321364319864),
2026-08-19 20:27:24,763 - INFO - 	                     (23, 0.10237442854705503),
2026-08-19 20:27:24,763 - INFO - 	                     (24, 0.07918613621484036),
2026-08-19 20:27:24,763 - INFO - 	                     (25, 0.2424877729041547),
2026-08-19 20:27:24,763 - INFO - 	                     (26, 0.2548639809818706),
2026-08-19 20:27:24,763 - INFO - 	                     (27, 0.21099167651873196),
2026-08-19 20:27:24,763 - INFO - 	                     (28, 0.3188633275898658),
2026-08-19 20:27:24,763 - INFO - 	                     (29, 0.41921508569301424),
2026-08-19 20:27:24,763 - INFO - 	                     (30, 0.925829571854072)]}
2026-08-19 20:27:24,763 - INFO - 
2026-08-19 20:27:24,768 - INFO - Nap global test: /kaggle/input/datasets/tongxuanvu/100clientiov/global_test_data.pt
2026-08-19 20:27:26,611 - INFO - Global test goc: n=42048683
2026-08-19 20:27:28,300 - INFO - Task 2: loc ve lop 0-8 -> n=41987401
2026-08-19 20:27:28,300 - INFO - Danh gia moi round tren n=41987401 mau (dtype=float16)
2026-08-19 20:27:28,347 - INFO - ===== Task 2: 70 client, 30 round =====
2026-08-19 20:27:28,347 - WARNING - DEPRECATED FEATURE: flwr.simulation.start_simulation() is deprecated.
	Instead, use the `flwr run` CLI command to start a local simulation in your Flower app, as shown for example below:

		$ flwr new  # Create a new Flower app from a template

		$ flwr run  # Run the Flower app in Simulation Mode

	Using `start_simulation()` is deprecated.

            This is a deprecated feature. It will be removed
            entirely in future versions of Flower.
        
2026-08-19 20:27:28,347 - INFO - Starting Flower simulation, config: num_rounds=30, no round_timeout
2026-08-19 20:27:38,589 - INFO - Flower VCE: Ray initialized with resources: {'node:172.19.2.2': 1.0, 'GPU': 2.0, 'object_store_memory': 8091693465.0, 'CPU': 4.0, 'memory': 18880618087.0, 'node:__internal_head__': 1.0, 'accelerator_type:T4': 1.0}
2026-08-19 20:27:38,590 - INFO - Optimize your simulation with Flower VCE: https://flower.ai/docs/framework/how-to-run-simulations.html
2026-08-19 20:27:38,590 - INFO - Flower VCE: Resources for each Virtual Client: {'num_cpus': 1.0, 'num_gpus': 0.5}
2026-08-19 20:27:38,608 - INFO - Flower VCE: Creating VirtualClientEngineActorPool with 4 actors
2026-08-19 20:27:38,610 - INFO - [INIT]
2026-08-19 20:27:38,610 - INFO - Using initial global parameters provided by strategy
2026-08-19 20:27:38,610 - INFO - Starting evaluation of initial global parameters
2026-08-19 20:27:38,613 - INFO - Evaluation returned no results (`None`)
2026-08-19 20:27:38,613 - INFO - 
2026-08-19 20:27:38,613 - INFO - [ROUND 1]
2026-08-19 20:27:38,613 - INFO - configure_fit: strategy sampled 70 clients (out of 70)
2026-08-19 20:27:55,899 - INFO - aggregate_fit: received 70 results and 0 failures
2026-08-19 20:27:56,003 - WARNING - No fit_metrics_aggregation_fn provided
2026-08-19 20:27:56,004 - INFO - Eq.9 p(y) tu client: 0.000 0.000 0.000 0.000 0.000 0.000 0.322 0.201 0.477 0.000 0.000 0.000 0.000
2026-08-19 20:28:11,940 - INFO - [Round 1] data-free KD 30 vong: gen_loss=16.2624 stu_loss=16.0122 (CE 15.5830)
2026-08-19 20:28:11,980 - INFO - [Round 61] luu checkpoint -> out_10shot/checkpoints/round_061.pth
2026-08-19 20:35:51,155 - INFO - [Round 61] loss=0.9345 acc=0.5709 | micro P/R/F1=0.5709/0.5709/0.5709 | macro P/R/F1=0.1106/0.0967/0.0812 | weighted P/R/F1=0.9874/0.5709/0.7231
2026-08-19 20:35:51,156 - INFO - fit progress: (1, 0.9344875613325061, {'accuracy': 0.5709270502358553, 'micro_precision': 0.5709270502358553, 'micro_recall': 0.5709270502358553, 'micro_f1': 0.5709270502358553, 'macro_precision': 0.11059824861839657, 'macro_recall': 0.09668698799223982, 'macro_f1': 0.08116251670142241, 'weighted_precision': 0.987412035122313, 'weighted_recall': 0.5709270502358553, 'weighted_f1': 0.7231365293335555}, 492.543347625)
2026-08-19 20:35:51,157 - INFO - configure_evaluate: no clients selected, skipping evaluation
2026-08-19 20:35:51,157 - INFO - 
2026-08-19 20:35:51,157 - INFO - [ROUND 2]
2026-08-19 20:35:51,157 - INFO - configure_fit: strategy sampled 70 clients (out of 70)
2026-08-19 20:35:52,637 - INFO - aggregate_fit: received 70 results and 0 failures
2026-08-19 20:35:52,745 - INFO - [Round 2] 70/70 client tiep tuc model cuc bo (Algorithm 1 dong 10)
2026-08-19 20:36:08,934 - INFO - [Round 2] data-free KD 30 vong: gen_loss=12.0062 stu_loss=8.4897 (CE 8.1086)
2026-08-19 20:36:08,975 - INFO - [Round 62] luu checkpoint -> out_10shot/checkpoints/round_062.pth
2026-08-19 20:43:44,406 - INFO - [Round 62] loss=0.5592 acc=0.9902 | micro P/R/F1=0.9902/0.9902/0.9902 | macro P/R/F1=0.1166/0.1108/0.1107 | weighted P/R/F1=0.9865/0.9902/0.9883
2026-08-19 20:43:44,408 - INFO - fit progress: (2, 0.5592497203503803, {'accuracy': 0.9901572378819066, 'micro_precision': 0.9901572378819066, 'micro_recall': 0.9901572378819066, 'micro_f1': 0.9901572378819066, 'macro_precision': 0.116570418703102, 'macro_recall': 0.11082193708237102, 'macro_f1': 0.11065658235157194, 'weighted_precision': 0.986454937645351, 'weighted_recall': 0.9901572378819066, 'weighted_f1': 0.9882585951736736}, 965.7945760969997)
2026-08-19 20:43:44,408 - INFO - configure_evaluate: no clients selected, skipping evaluation
2026-08-19 20:43:44,408 - INFO - 
2026-08-19 20:43:44,408 - INFO - [ROUND 3]
2026-08-19 20:43:44,408 - INFO - configure_fit: strategy sampled 70 clients (out of 70)
2026-08-19 20:43:45,858 - INFO - aggregate_fit: received 70 results and 0 failures
2026-08-19 20:43:45,964 - INFO - [Round 3] 70/70 client tiep tuc model cuc bo (Algorithm 1 dong 10)
2026-08-19 20:44:01,928 - INFO - [Round 3] data-free KD 30 vong: gen_loss=11.3127 stu_loss=5.0858 (CE 4.1882)
2026-08-19 20:44:01,968 - INFO - [Round 63] luu checkpoint -> out_10shot/checkpoints/round_063.pth
2026-08-19 20:51:37,779 - INFO - [Round 63] loss=0.5968 acc=0.9705 | micro P/R/F1=0.9705/0.9705/0.9705 | macro P/R/F1=0.1103/0.1086/0.1094 | weighted P/R/F1=0.9862/0.9705/0.9783
2026-08-19 20:51:37,781 - INFO - fit progress: (3, 0.5967843179969762, {'accuracy': 0.9704883853134897, 'micro_precision': 0.9704883853134897, 'micro_recall': 0.9704883853134897, 'micro_f1': 0.9704883853134897, 'macro_precision': 0.11033456407445724, 'macro_recall': 0.1085736917649088, 'macro_f1': 0.10944704579461961, 'weighted_precision': 0.9862279820487386, 'weighted_recall': 0.9704883853134897, 'weighted_f1': 0.9782948799469807}, 1439.1676106689993)
2026-08-19 20:51:37,781 - INFO - configure_evaluate: no clients selected, skipping evaluation
2026-08-19 20:51:37,781 - INFO - 
2026-08-19 20:51:37,781 - INFO - [ROUND 4]
2026-08-19 20:51:37,781 - INFO - configure_fit: strategy sampled 70 clients (out of 70)
2026-08-19 20:51:39,231 - INFO - aggregate_fit: received 70 results and 0 failures
2026-08-19 20:51:39,339 - INFO - [Round 4] 70/70 client tiep tuc model cuc bo (Algorithm 1 dong 10)
2026-08-19 20:51:55,282 - INFO - [Round 4] data-free KD 30 vong: gen_loss=10.7398 stu_loss=4.1167 (CE 2.9934)
2026-08-19 20:51:55,325 - INFO - [Round 64] luu checkpoint -> out_10shot/checkpoints/round_064.pth
2026-08-19 20:59:29,486 - INFO - [Round 64] loss=0.6437 acc=0.9865 | micro P/R/F1=0.9865/0.9865/0.9865 | macro P/R/F1=0.1103/0.1104/0.1104 | weighted P/R/F1=0.9863/0.9865/0.9864
2026-08-19 20:59:29,487 - INFO - fit progress: (4, 0.64370513135614, {'accuracy': 0.9864806826219131, 'micro_precision': 0.9864806826219131, 'micro_recall': 0.9864806826219131, 'micro_f1': 0.9864806826219131, 'macro_precision': 0.11034701884865081, 'macro_recall': 0.11036283503014911, 'macro_f1': 0.11035492637270211, 'weighted_precision': 0.9863393093279357, 'weighted_recall': 0.9864806826219131, 'weighted_f1': 0.986409990909483}, 1910.874167594)
2026-08-19 20:59:29,487 - INFO - configure_evaluate: no clients selected, skipping evaluation
2026-08-19 20:59:29,487 - INFO - 
2026-08-19 20:59:29,488 - INFO - [ROUND 5]
2026-08-19 20:59:29,488 - INFO - configure_fit: strategy sampled 70 clients (out of 70)
2026-08-19 20:59:30,897 - INFO - aggregate_fit: received 70 results and 0 failures
2026-08-19 20:59:31,008 - INFO - [Round 5] 70/70 client tiep tuc model cuc bo (Algorithm 1 dong 10)
2026-08-19 20:59:47,062 - INFO - [Round 5] data-free KD 30 vong: gen_loss=10.4152 stu_loss=3.5803 (CE 2.4537)
2026-08-19 20:59:47,107 - INFO - [Round 65] luu checkpoint -> out_10shot/checkpoints/round_065.pth
2026-08-19 21:07:21,049 - INFO - [Round 65] loss=0.7044 acc=0.9932 | micro P/R/F1=0.9932/0.9932/0.9932 | macro P/R/F1=0.1104/0.1111/0.1107 | weighted P/R/F1=0.9864/0.9932/0.9898
2026-08-19 21:07:23,688 - INFO - Luu out_10shot/confusion_matrix_task2.csv
2026-08-19 21:07:23,688 - INFO - Luu out_10shot/confusion_matrix_task2_normalized.csv
2026-08-19 21:07:31,490 - INFO - Luu out_10shot/classification_report_task2.txt
               precision    recall  f1-score   support

       Benign     0.9932    1.0000    0.9966  41700592
          DoS     0.0000    0.0000    0.0000    145129
       double     0.0000    0.0000    0.0000     12413
force-neutral     0.0000    0.0000    0.0000      5744
      fuzzing     0.0000    0.0000    0.0000     67321
     interval     0.0000    0.0000    0.0000     40542
          rpm     0.0000    0.0000    0.0000      5043
rpm-accessory     0.0000    0.0000    0.0000      3146
        speed     0.0000    0.0000    0.0000      7471

     accuracy                         0.9932  41987401
    macro avg     0.1104    0.1111    0.1107  41987401
 weighted avg     0.9864    0.9932    0.9898  41987401

2026-08-19 21:07:31,805 - INFO - Luu out_10shot/confusion_matrix_task2.png
2026-08-19 21:07:31,806 - INFO - fit progress: (5, 0.7044040769754346, {'accuracy': 0.9931691651979125, 'micro_precision': 0.9931691651979125, 'micro_recall': 0.9931691651979125, 'micro_f1': 0.9931691651979125, 'macro_precision': 0.11035212946643473, 'macro_recall': 0.1111111111111111, 'macro_f1': 0.11073031972725433, 'weighted_precision': 0.9863849906999185, 'weighted_recall': 0.9931691651979125, 'weighted_f1': 0.9897654528505363}, 2393.1929827500007)
2026-08-19 21:07:31,806 - INFO - configure_evaluate: no clients selected, skipping evaluation
2026-08-19 21:07:31,806 - INFO - 
2026-08-19 21:07:31,806 - INFO - [ROUND 6]
2026-08-19 21:07:31,806 - INFO - configure_fit: strategy sampled 70 clients (out of 70)
2026-08-19 21:07:33,223 - INFO - aggregate_fit: received 70 results and 0 failures
2026-08-19 21:07:33,328 - INFO - [Round 6] 70/70 client tiep tuc model cuc bo (Algorithm 1 dong 10)
2026-08-19 21:07:49,360 - INFO - [Round 6] data-free KD 30 vong: gen_loss=10.3866 stu_loss=3.0666 (CE 1.9759)
2026-08-19 21:07:49,401 - INFO - [Round 66] luu checkpoint -> out_10shot/checkpoints/round_066.pth
2026-08-19 21:15:27,113 - INFO - [Round 66] loss=0.8679 acc=0.9932 | micro P/R/F1=0.9932/0.9932/0.9932 | macro P/R/F1=0.1104/0.1111/0.1107 | weighted P/R/F1=0.9864/0.9932/0.9898
2026-08-19 21:15:27,114 - INFO - fit progress: (6, 0.8678717948776166, {'accuracy': 0.9931691651979125, 'micro_precision': 0.9931691651979125, 'micro_recall': 0.9931691651979125, 'micro_f1': 0.9931691651979125, 'macro_precision': 0.11035212946643473, 'macro_recall': 0.1111111111111111, 'macro_f1': 0.11073031972725433, 'weighted_precision': 0.9863849906999185, 'weighted_recall': 0.9931691651979125, 'weighted_f1': 0.9897654528505363}, 2868.5015264640006)
2026-08-19 21:15:27,115 - INFO - configure_evaluate: no clients selected, skipping evaluation
2026-08-19 21:15:27,115 - INFO - 
2026-08-19 21:15:27,115 - INFO - [ROUND 7]
2026-08-19 21:15:27,115 - INFO - configure_fit: strategy sampled 70 clients (out of 70)
2026-08-19 21:15:28,878 - INFO - aggregate_fit: received 70 results and 0 failures
2026-08-19 21:15:28,986 - INFO - [Round 7] 70/70 client tiep tuc model cuc bo (Algorithm 1 dong 10)
2026-08-19 21:15:45,957 - INFO - [Round 7] data-free KD 30 vong: gen_loss=10.5669 stu_loss=2.4915 (CE 1.4273)
2026-08-19 21:15:45,999 - INFO - [Round 67] luu checkpoint -> out_10shot/checkpoints/round_067.pth
2026-08-19 21:23:22,170 - INFO - [Round 67] loss=0.9053 acc=0.8478 | micro P/R/F1=0.8478/0.8478/0.8478 | macro P/R/F1=0.1103/0.1012/0.1020 | weighted P/R/F1=0.9861/0.8478/0.9117
2026-08-19 21:23:22,171 - INFO - fit progress: (7, 0.905303224966289, {'accuracy': 0.8478201830115658, 'micro_precision': 0.8478201830115658, 'micro_recall': 0.8478201830115658, 'micro_f1': 0.8478201830115658, 'macro_precision': 0.1103275581568793, 'macro_recall': 0.10115488265989435, 'macro_f1': 0.10201649486605387, 'weighted_precision': 0.9860967294222678, 'weighted_recall': 0.8478201830115658, 'weighted_f1': 0.9117396401878903}, 3343.5584808779986)
2026-08-19 21:23:22,172 - INFO - configure_evaluate: no clients selected, skipping evaluation
2026-08-19 21:23:22,172 - INFO - 
2026-08-19 21:23:22,172 - INFO - [ROUND 8]
2026-08-19 21:23:22,172 - INFO - configure_fit: strategy sampled 70 clients (out of 70)
2026-08-19 21:23:23,604 - INFO - aggregate_fit: received 70 results and 0 failures
2026-08-19 21:23:23,707 - INFO - [Round 8] 70/70 client tiep tuc model cuc bo (Algorithm 1 dong 10)
2026-08-19 21:23:39,789 - INFO - [Round 8] data-free KD 30 vong: gen_loss=10.7522 stu_loss=1.9934 (CE 0.9270)
2026-08-19 21:23:39,831 - INFO - [Round 68] luu checkpoint -> out_10shot/checkpoints/round_068.pth
2026-08-19 21:31:16,497 - INFO - [Round 68] loss=1.0977 acc=0.3558 | micro P/R/F1=0.3558/0.3558/0.3558 | macro P/R/F1=0.1108/0.1363/0.0586 | weighted P/R/F1=0.9904/0.3558/0.5233
2026-08-19 21:31:16,498 - INFO - fit progress: (8, 1.0976517446366023, {'accuracy': 0.3557716992294903, 'micro_precision': 0.3557716992294903, 'micro_recall': 0.3557716992294903, 'micro_f1': 0.3557716992294903, 'macro_precision': 0.11083132559811378, 'macro_recall': 0.13632101132840013, 'macro_f1': 0.05860115440255582, 'weighted_precision': 0.9904297032247227, 'weighted_recall': 0.3557716992294903, 'weighted_f1': 0.5233306825619175}, 3817.8851298960017)
2026-08-19 21:31:16,498 - INFO - configure_evaluate: no clients selected, skipping evaluation
2026-08-19 21:31:16,499 - INFO - 
2026-08-19 21:31:16,499 - INFO - [ROUND 9]
2026-08-19 21:31:16,499 - INFO - configure_fit: strategy sampled 70 clients (out of 70)
2026-08-19 21:31:17,936 - INFO - aggregate_fit: received 70 results and 0 failures
2026-08-19 21:31:18,041 - INFO - [Round 9] 70/70 client tiep tuc model cuc bo (Algorithm 1 dong 10)
2026-08-19 21:31:34,523 - INFO - [Round 9] data-free KD 30 vong: gen_loss=11.0656 stu_loss=1.6761 (CE 0.5785)
2026-08-19 21:31:34,567 - INFO - [Round 69] luu checkpoint -> out_10shot/checkpoints/round_069.pth
2026-08-19 21:39:05,351 - INFO - [Round 69] loss=1.2486 acc=0.2222 | micro P/R/F1=0.2222/0.2222/0.2222 | macro P/R/F1=0.1110/0.1357/0.0406 | weighted P/R/F1=0.9916/0.2222/0.3628
2026-08-19 21:39:05,352 - INFO - fit progress: (9, 1.2485726695446349, {'accuracy': 0.22218353072151334, 'micro_precision': 0.22218353072151334, 'micro_recall': 0.22218353072151334, 'micro_f1': 0.22218353072151334, 'macro_precision': 0.11096303020854084, 'macro_recall': 0.13571014216532526, 'macro_f1': 0.04063794052024712, 'weighted_precision': 0.9916188197912279, 'weighted_recall': 0.22218353072151334, 'weighted_f1': 0.36278980702715513}, 4286.739407155999)
2026-08-19 21:39:05,353 - INFO - configure_evaluate: no clients selected, skipping evaluation
2026-08-19 21:39:05,353 - INFO - 
2026-08-19 21:39:05,353 - INFO - [ROUND 10]
2026-08-19 21:39:05,353 - INFO - configure_fit: strategy sampled 70 clients (out of 70)
2026-08-19 21:39:06,834 - INFO - aggregate_fit: received 70 results and 0 failures
2026-08-19 21:39:06,939 - INFO - [Round 10] 70/70 client tiep tuc model cuc bo (Algorithm 1 dong 10)
2026-08-19 21:39:23,158 - INFO - [Round 10] data-free KD 30 vong: gen_loss=11.4361 stu_loss=1.4921 (CE 0.3951)
2026-08-19 21:39:23,198 - INFO - [Round 70] luu checkpoint -> out_10shot/checkpoints/round_070.pth
2026-08-19 21:46:52,360 - INFO - [Round 70] loss=1.5701 acc=0.0116 | micro P/R/F1=0.0116/0.0116/0.0116 | macro P/R/F1=0.1111/0.1124/0.0026 | weighted P/R/F1=0.9932/0.0116/0.0225
2026-08-19 21:46:55,088 - INFO - Luu out_10shot/confusion_matrix_task2.csv
2026-08-19 21:46:55,088 - INFO - Luu out_10shot/confusion_matrix_task2_normalized.csv
2026-08-19 21:47:02,821 - INFO - Luu out_10shot/classification_report_task2.txt
               precision    recall  f1-score   support

       Benign     1.0000    0.0115    0.0227  41700592
          DoS     0.0000    0.0000    0.0000    145129
       double     0.0000    0.0000    0.0000     12413
force-neutral     0.0000    0.0000    0.0000      5744
      fuzzing     0.0000    0.0000    0.0000     67321
     interval     0.0000    0.0000    0.0000     40542
          rpm     0.0000    0.0000    0.0000      5043
rpm-accessory     0.0000    0.0000    0.0000      3146
        speed     0.0002    1.0000    0.0004      7471

     accuracy                         0.0116  41987401
    macro avg     0.1111    0.1124    0.0026  41987401
 weighted avg     0.9932    0.0116    0.0225  41987401

2026-08-19 21:47:03,151 - INFO - Luu out_10shot/confusion_matrix_task2.png
2026-08-19 21:47:03,152 - INFO - fit progress: (10, 1.570133056934607, {'accuracy': 0.011572471465904736, 'micro_precision': 0.011572471465904736, 'micro_recall': 0.011572471465904736, 'micro_f1': 0.011572471465904736, 'macro_precision': 0.11112901932464195, 'macro_recall': 0.11238587851862311, 'macro_f1': 0.0025606050017882294, 'weighted_precision': 0.9931505144268344, 'weighted_recall': 0.011572471465904736, 'weighted_f1': 0.02253064223108997}, 4764.539153706)
2026-08-19 21:47:03,152 - INFO - configure_evaluate: no clients selected, skipping evaluation
2026-08-19 21:47:03,152 - INFO - 
2026-08-19 21:47:03,152 - INFO - [ROUND 11]
2026-08-19 21:47:03,153 - INFO - configure_fit: strategy sampled 70 clients (out of 70)
2026-08-19 21:47:04,698 - INFO - aggregate_fit: received 70 results and 0 failures
2026-08-19 21:47:04,806 - INFO - [Round 11] 70/70 client tiep tuc model cuc bo (Algorithm 1 dong 10)
2026-08-19 21:47:20,849 - INFO - [Round 11] data-free KD 30 vong: gen_loss=11.7440 stu_loss=1.4090 (CE 0.3451)
2026-08-19 21:47:20,889 - INFO - [Round 71] luu checkpoint -> out_10shot/checkpoints/round_071.pth
2026-08-19 21:54:49,567 - INFO - [Round 71] loss=1.7833 acc=0.0242 | micro P/R/F1=0.0242/0.0242/0.0242 | macro P/R/F1=0.1111/0.1138/0.0053 | weighted P/R/F1=0.9931/0.0242/0.0469
2026-08-19 21:54:49,569 - INFO - fit progress: (11, 1.783327665390381, {'accuracy': 0.02420602313536863, 'micro_precision': 0.02420602313536863, 'micro_recall': 0.02420602313536863, 'micro_f1': 0.02420602313536863, 'macro_precision': 0.11112894546207827, 'macro_recall': 0.11379926106458045, 'macro_f1': 0.005289806094816182, 'weighted_precision': 0.9931475406420022, 'weighted_recall': 0.02420602313536863, 'weighted_f1': 0.04692104212272981}, 5230.955618533999)
2026-08-19 21:54:49,569 - INFO - configure_evaluate: no clients selected, skipping evaluation
2026-08-19 21:54:49,569 - INFO - 
2026-08-19 21:54:49,569 - INFO - [ROUND 12]
2026-08-19 21:54:49,569 - INFO - configure_fit: strategy sampled 70 clients (out of 70)
2026-08-19 21:54:50,930 - INFO - aggregate_fit: received 70 results and 0 failures
2026-08-19 21:54:51,036 - INFO - [Round 12] 70/70 client tiep tuc model cuc bo (Algorithm 1 dong 10)
2026-08-19 21:55:06,908 - INFO - [Round 12] data-free KD 30 vong: gen_loss=12.0604 stu_loss=1.3679 (CE 0.3273)
2026-08-19 21:55:06,950 - INFO - [Round 72] luu checkpoint -> out_10shot/checkpoints/round_072.pth
2026-08-19 22:02:34,669 - INFO - [Round 72] loss=1.7891 acc=0.0288 | micro P/R/F1=0.0288/0.0288/0.0288 | macro P/R/F1=0.1111/0.1143/0.0063 | weighted P/R/F1=0.9931/0.0288/0.0556
2026-08-19 22:02:34,670 - INFO - fit progress: (12, 1.789086726534926, {'accuracy': 0.028789660022062333, 'micro_precision': 0.028789660022062333, 'micro_recall': 0.028789660022062333, 'micro_f1': 0.028789660022062333, 'macro_precision': 0.11112119854286148, 'macro_recall': 0.11431205687546221, 'macro_f1': 0.00626330908352773, 'weighted_precision': 0.9930774399821579, 'weighted_recall': 0.028789660022062333, 'weighted_f1': 0.05562101180639404}, 5696.057395801001)
2026-08-19 22:02:34,671 - INFO - configure_evaluate: no clients selected, skipping evaluation
2026-08-19 22:02:34,671 - INFO - 
2026-08-19 22:02:34,671 - INFO - [ROUND 13]
2026-08-19 22:02:34,671 - INFO - configure_fit: strategy sampled 70 clients (out of 70)
2026-08-19 22:02:36,040 - INFO - aggregate_fit: received 70 results and 0 failures
2026-08-19 22:02:36,142 - INFO - [Round 13] 70/70 client tiep tuc model cuc bo (Algorithm 1 dong 10)
2026-08-19 22:02:52,261 - INFO - [Round 13] data-free KD 30 vong: gen_loss=12.6109 stu_loss=1.3684 (CE 0.3228)
2026-08-19 22:02:52,303 - INFO - [Round 73] luu checkpoint -> out_10shot/checkpoints/round_073.pth
2026-08-19 22:10:19,324 - INFO - [Round 73] loss=1.9360 acc=0.0172 | micro P/R/F1=0.0172/0.0172/0.0172 | macro P/R/F1=0.1111/0.1130/0.0038 | weighted P/R/F1=0.9932/0.0172/0.0334
2026-08-19 22:10:19,326 - INFO - fit progress: (13, 1.9359772644465336, {'accuracy': 0.017185607654067465, 'micro_precision': 0.017185607654067465, 'micro_recall': 0.017185607654067465, 'micro_f1': 0.017185607654067465, 'macro_precision': 0.11113013451392101, 'macro_recall': 0.1130138498859787, 'macro_f1': 0.0037816244702688945, 'weighted_precision': 0.9931594620217575, 'weighted_recall': 0.017185607654067465, 'weighted_f1': 0.033442711844485815}, 6160.712729174002)
2026-08-19 22:10:19,326 - INFO - configure_evaluate: no clients selected, skipping evaluation
2026-08-19 22:10:19,326 - INFO - 
2026-08-19 22:10:19,326 - INFO - [ROUND 14]
2026-08-19 22:10:19,326 - INFO - configure_fit: strategy sampled 70 clients (out of 70)
2026-08-19 22:10:20,699 - INFO - aggregate_fit: received 70 results and 0 failures
2026-08-19 22:10:20,805 - INFO - [Round 14] 70/70 client tiep tuc model cuc bo (Algorithm 1 dong 10)
2026-08-19 22:10:36,725 - INFO - [Round 14] data-free KD 30 vong: gen_loss=12.9381 stu_loss=1.3533 (CE 0.3197)
2026-08-19 22:10:36,765 - INFO - [Round 74] luu checkpoint -> out_10shot/checkpoints/round_074.pth
2026-08-19 22:18:04,989 - INFO - [Round 74] loss=1.7151 acc=0.0094 | micro P/R/F1=0.0094/0.0094/0.0094 | macro P/R/F1=0.1086/0.1121/0.0021 | weighted P/R/F1=0.9706/0.0094/0.0182
2026-08-19 22:18:04,990 - INFO - fit progress: (14, 1.7150614900410368, {'accuracy': 0.009362570452979455, 'micro_precision': 0.009362570452979455, 'micro_recall': 0.009362570452979455, 'micro_f1': 0.009362570452979455, 'macro_precision': 0.10860536228208707, 'macro_recall': 0.11213864515134195, 'macro_f1': 0.0020757123888446995, 'weighted_precision': 0.970593109406672, 'weighted_recall': 0.009362570452979455, 'weighted_f1': 0.01819713885490177}, 6626.377499726999)
2026-08-19 22:18:04,991 - INFO - configure_evaluate: no clients selected, skipping evaluation
2026-08-19 22:18:04,991 - INFO - 
2026-08-19 22:18:04,991 - INFO - [ROUND 15]
2026-08-19 22:18:04,991 - INFO - configure_fit: strategy sampled 70 clients (out of 70)
2026-08-19 22:18:06,350 - INFO - aggregate_fit: received 70 results and 0 failures
2026-08-19 22:18:06,462 - INFO - [Round 15] 70/70 client tiep tuc model cuc bo (Algorithm 1 dong 10)
2026-08-19 22:18:22,367 - INFO - [Round 15] data-free KD 30 vong: gen_loss=13.3906 stu_loss=1.3340 (CE 0.3137)
2026-08-19 22:18:22,409 - INFO - [Round 75] luu checkpoint -> out_10shot/checkpoints/round_075.pth
2026-08-19 22:25:50,025 - INFO - [Round 75] loss=1.6387 acc=0.0264 | micro P/R/F1=0.0264/0.0264/0.0264 | macro P/R/F1=0.1078/0.1138/0.0057 | weighted P/R/F1=0.9631/0.0264/0.0510
2026-08-19 22:25:52,718 - INFO - Luu out_10shot/confusion_matrix_task2.csv
2026-08-19 22:25:52,718 - INFO - Luu out_10shot/confusion_matrix_task2_normalized.csv
2026-08-19 22:26:00,478 - INFO - Luu out_10shot/classification_report_task2.txt
               precision    recall  f1-score   support

       Benign     0.9697    0.0264    0.0513  41700592
          DoS     0.0000    0.0000    0.0000    145129
       double     0.0000    0.0000    0.0000     12413
force-neutral     0.0000    0.0000    0.0000      5744
      fuzzing     0.0000    0.0000    0.0000     67321
     interval     0.0000    0.0000    0.0000     40542
          rpm     0.0000    0.0000    0.0000      5043
rpm-accessory     0.0000    0.0000    0.0000      3146
        speed     0.0002    0.9981    0.0004      7471

     accuracy                         0.0264  41987401
    macro avg     0.1078    0.1138    0.0057  41987401
 weighted avg     0.9631    0.0264    0.0510  41987401

2026-08-19 22:26:00,792 - INFO - Luu out_10shot/confusion_matrix_task2.png
2026-08-19 22:26:00,793 - INFO - fit progress: (15, 1.6387458798850691, {'accuracy': 0.026357049344397383, 'micro_precision': 0.026357049344397383, 'micro_recall': 0.026357049344397383, 'micro_f1': 0.026357049344397383, 'macro_precision': 0.10776583526076809, 'macro_recall': 0.11383173260199099, 'macro_f1': 0.005743207961851418, 'weighted_precision': 0.963086092429754, 'weighted_recall': 0.026357049344397383, 'weighted_f1': 0.05097336108101203}, 7102.180196522999)
2026-08-19 22:26:00,793 - INFO - configure_evaluate: no clients selected, skipping evaluation
2026-08-19 22:26:00,793 - INFO - 
2026-08-19 22:26:00,793 - INFO - [ROUND 16]
2026-08-19 22:26:00,794 - INFO - configure_fit: strategy sampled 70 clients (out of 70)
2026-08-19 22:26:02,168 - INFO - aggregate_fit: received 70 results and 0 failures
2026-08-19 22:26:02,275 - INFO - [Round 16] 70/70 client tiep tuc model cuc bo (Algorithm 1 dong 10)
2026-08-19 22:26:17,958 - INFO - [Round 16] data-free KD 30 vong: gen_loss=13.8800 stu_loss=1.3222 (CE 0.3114)
2026-08-19 22:26:17,998 - INFO - [Round 76] luu checkpoint -> out_10shot/checkpoints/round_076.pth
2026-08-19 22:33:46,702 - INFO - [Round 76] loss=1.5681 acc=0.1000 | micro P/R/F1=0.1000/0.1000/0.1000 | macro P/R/F1=0.1093/0.1209/0.0203 | weighted P/R/F1=0.9765/0.1000/0.1811
2026-08-19 22:33:46,703 - INFO - fit progress: (16, 1.5680921885830263, {'accuracy': 0.10000595178539391, 'micro_precision': 0.10000595178539391, 'micro_recall': 0.10000595178539391, 'micro_f1': 0.10000595178539391, 'macro_precision': 0.1092696126512716, 'macro_recall': 0.12086678442002145, 'macro_f1': 0.02030877877338597, 'weighted_precision': 0.9765147363415008, 'weighted_recall': 0.10000595178539391, 'weighted_f1': 0.18114224570334778}, 7568.089702979001)
2026-08-19 22:33:46,703 - INFO - configure_evaluate: no clients selected, skipping evaluation
2026-08-19 22:33:46,703 - INFO - 
2026-08-19 22:33:46,703 - INFO - [ROUND 17]
2026-08-19 22:33:46,703 - INFO - configure_fit: strategy sampled 70 clients (out of 70)
2026-08-19 22:33:48,076 - INFO - aggregate_fit: received 70 results and 0 failures
2026-08-19 22:33:48,180 - INFO - [Round 17] 70/70 client tiep tuc model cuc bo (Algorithm 1 dong 10)
2026-08-19 22:34:03,799 - INFO - [Round 17] data-free KD 30 vong: gen_loss=14.4083 stu_loss=1.3209 (CE 0.3102)
2026-08-19 22:34:03,838 - INFO - [Round 77] luu checkpoint -> out_10shot/checkpoints/round_077.pth
2026-08-19 22:41:36,373 - INFO - [Round 77] loss=1.3890 acc=0.3034 | micro P/R/F1=0.3034/0.3034/0.3034 | macro P/R/F1=0.1102/0.1267/0.0519 | weighted P/R/F1=0.9850/0.3034/0.4637
2026-08-19 22:41:36,375 - INFO - fit progress: (17, 1.3889807739928575, {'accuracy': 0.30340256116352615, 'micro_precision': 0.30340256116352615, 'micro_recall': 0.30340256116352615, 'micro_f1': 0.30340256116352615, 'macro_precision': 0.11022275675568746, 'macro_recall': 0.12671504415165252, 'macro_f1': 0.051928410302824815, 'weighted_precision': 0.9850160529312422, 'weighted_recall': 0.30340256116352615, 'weighted_f1': 0.4637382983451333}, 8037.761703482001)
2026-08-19 22:41:36,375 - INFO - configure_evaluate: no clients selected, skipping evaluation
2026-08-19 22:41:36,375 - INFO - 
2026-08-19 22:41:36,375 - INFO - [ROUND 18]
2026-08-19 22:41:36,375 - INFO - configure_fit: strategy sampled 70 clients (out of 70)
2026-08-19 22:41:37,800 - INFO - aggregate_fit: received 70 results and 0 failures
2026-08-19 22:41:37,909 - INFO - [Round 18] 70/70 client tiep tuc model cuc bo (Algorithm 1 dong 10)
2026-08-19 22:41:53,667 - INFO - [Round 18] data-free KD 30 vong: gen_loss=15.0839 stu_loss=1.3322 (CE 0.3107)
2026-08-19 22:41:53,706 - INFO - [Round 78] luu checkpoint -> out_10shot/checkpoints/round_078.pth
2026-08-19 22:49:23,339 - INFO - [Round 78] loss=1.2615 acc=0.3853 | micro P/R/F1=0.3853/0.3853/0.3853 | macro P/R/F1=0.1103/0.1321/0.0620 | weighted P/R/F1=0.9854/0.3853/0.5538
2026-08-19 22:49:23,340 - INFO - fit progress: (18, 1.261502152767987, {'accuracy': 0.3852802891991338, 'micro_precision': 0.3852802891991338, 'micro_recall': 0.3852802891991338, 'micro_f1': 0.3852802891991338, 'macro_precision': 0.11026886703496226, 'macro_recall': 0.13206850849827248, 'macro_f1': 0.062010556227696606, 'weighted_precision': 0.9854094798274824, 'weighted_recall': 0.3852802891991338, 'weighted_f1': 0.5538203502233062}, 8504.727514290998)
2026-08-19 22:49:23,341 - INFO - configure_evaluate: no clients selected, skipping evaluation
2026-08-19 22:49:23,341 - INFO - 
2026-08-19 22:49:23,341 - INFO - [ROUND 19]
2026-08-19 22:49:23,341 - INFO - configure_fit: strategy sampled 70 clients (out of 70)
2026-08-19 22:49:24,700 - INFO - aggregate_fit: received 70 results and 0 failures
2026-08-19 22:49:24,806 - INFO - [Round 19] 70/70 client tiep tuc model cuc bo (Algorithm 1 dong 10)
2026-08-19 22:49:40,425 - INFO - [Round 19] data-free KD 30 vong: gen_loss=15.7736 stu_loss=1.3346 (CE 0.3124)
2026-08-19 22:49:40,465 - INFO - [Round 79] luu checkpoint -> out_10shot/checkpoints/round_079.pth
2026-08-19 22:57:10,622 - INFO - [Round 79] loss=1.1033 acc=0.5117 | micro P/R/F1=0.5117/0.5117/0.5117 | macro P/R/F1=0.1103/0.1123/0.0754 | weighted P/R/F1=0.9860/0.5117/0.6737
2026-08-19 22:57:10,624 - INFO - fit progress: (19, 1.103339337323447, {'accuracy': 0.5117163836837627, 'micro_precision': 0.5117163836837627, 'micro_recall': 0.5117163836837627, 'micro_f1': 0.5117163836837627, 'macro_precision': 0.11032911467499099, 'macro_recall': 0.11225129039591053, 'macro_f1': 0.07540916174321245, 'weighted_precision': 0.9859987706368399, 'weighted_recall': 0.5117163836837627, 'weighted_f1': 0.6736856167764741}, 8972.010670655001)
2026-08-19 22:57:10,624 - INFO - configure_evaluate: no clients selected, skipping evaluation
2026-08-19 22:57:10,624 - INFO - 
2026-08-19 22:57:10,624 - INFO - [ROUND 20]
2026-08-19 22:57:10,624 - INFO - configure_fit: strategy sampled 70 clients (out of 70)
2026-08-19 22:57:12,024 - INFO - aggregate_fit: received 70 results and 0 failures
2026-08-19 22:57:12,129 - INFO - [Round 20] 70/70 client tiep tuc model cuc bo (Algorithm 1 dong 10)
2026-08-19 22:57:27,804 - INFO - [Round 20] data-free KD 30 vong: gen_loss=16.3073 stu_loss=1.3195 (CE 0.3084)
2026-08-19 22:57:27,844 - INFO - [Round 80] luu checkpoint -> out_10shot/checkpoints/round_080.pth
2026-08-19 23:04:59,394 - INFO - [Round 80] loss=1.0752 acc=0.5170 | micro P/R/F1=0.5170/0.5170/0.5170 | macro P/R/F1=0.1103/0.1180/0.0759 | weighted P/R/F1=0.9861/0.5170/0.6783
2026-08-19 23:05:02,276 - INFO - Luu out_10shot/confusion_matrix_task2.csv
2026-08-19 23:05:02,277 - INFO - Luu out_10shot/confusion_matrix_task2_normalized.csv
2026-08-19 23:05:12,233 - INFO - Luu out_10shot/classification_report_task2.txt
               precision    recall  f1-score   support

       Benign     0.9928    0.5205    0.6829  41700592
          DoS     0.0000    0.0000    0.0000    145129
       double     0.0000    0.0000    0.0000     12413
force-neutral     0.0000    0.0000    0.0000      5744
      fuzzing     0.0000    0.0000    0.0000     67321
     interval     0.0000    0.0000    0.0000     40542
          rpm     0.0000    0.0000    0.0000      5043
rpm-accessory     0.0000    0.0000    0.0000      3146
        speed     0.0002    0.5416    0.0004      7471

     accuracy                         0.5170  41987401
    macro avg     0.1103    0.1180    0.0759  41987401
 weighted avg     0.9861    0.5170    0.6783  41987401

2026-08-19 23:05:12,561 - INFO - Luu out_10shot/confusion_matrix_task2.png
2026-08-19 23:05:12,562 - INFO - fit progress: (20, 1.0752349982039775, {'accuracy': 0.5170188314346963, 'micro_precision': 0.5170188314346963, 'micro_recall': 0.5170188314346963, 'micro_f1': 0.5170188314346963, 'macro_precision': 0.11033894703653388, 'macro_recall': 0.11800427424634247, 'macro_f1': 0.07592691263826525, 'weighted_precision': 0.9860675369938031, 'weighted_recall': 0.5170188314346963, 'weighted_f1': 0.6782753195964282}, 9453.948730244001)
2026-08-19 23:05:12,562 - INFO - configure_evaluate: no clients selected, skipping evaluation
2026-08-19 23:05:12,562 - INFO - 
2026-08-19 23:05:12,562 - INFO - [ROUND 21]
2026-08-19 23:05:12,562 - INFO - configure_fit: strategy sampled 70 clients (out of 70)
2026-08-19 23:05:13,946 - INFO - aggregate_fit: received 70 results and 0 failures
2026-08-19 23:05:14,052 - INFO - [Round 21] 70/70 client tiep tuc model cuc bo (Algorithm 1 dong 10)
2026-08-19 23:05:29,999 - INFO - [Round 21] data-free KD 30 vong: gen_loss=17.0729 stu_loss=1.3305 (CE 0.3086)
2026-08-19 23:05:30,040 - INFO - [Round 81] luu checkpoint -> out_10shot/checkpoints/round_081.pth
2026-08-19 23:13:04,308 - INFO - [Round 81] loss=1.2263 acc=0.3679 | micro P/R/F1=0.3679/0.3679/0.3679 | macro P/R/F1=0.1102/0.1305/0.0600 | weighted P/R/F1=0.9852/0.3679/0.5356
2026-08-19 23:13:04,309 - INFO - fit progress: (21, 1.2262678265734401, {'accuracy': 0.36789881326543644, 'micro_precision': 0.36789881326543644, 'micro_recall': 0.36789881326543644, 'micro_f1': 0.36789881326543644, 'macro_precision': 0.11024674285232969, 'macro_recall': 0.1305403008251934, 'macro_f1': 0.05996980968228996, 'weighted_precision': 0.985217081898571, 'weighted_recall': 0.36789881326543644, 'weighted_f1': 0.5355898037300624}, 9925.696105785)
2026-08-19 23:13:04,309 - INFO - configure_evaluate: no clients selected, skipping evaluation
2026-08-19 23:13:04,309 - INFO - 
2026-08-19 23:13:04,310 - INFO - [ROUND 22]
2026-08-19 23:13:04,310 - INFO - configure_fit: strategy sampled 70 clients (out of 70)
2026-08-19 23:13:05,700 - INFO - aggregate_fit: received 70 results and 0 failures
2026-08-19 23:13:05,809 - INFO - [Round 22] 70/70 client tiep tuc model cuc bo (Algorithm 1 dong 10)
2026-08-19 23:13:21,605 - INFO - [Round 22] data-free KD 30 vong: gen_loss=17.5834 stu_loss=1.3378 (CE 0.3108)
2026-08-19 23:13:21,645 - INFO - [Round 82] luu checkpoint -> out_10shot/checkpoints/round_082.pth
2026-08-19 23:20:53,818 - INFO - [Round 82] loss=1.2329 acc=0.3933 | micro P/R/F1=0.3933/0.3933/0.3933 | macro P/R/F1=0.1102/0.1310/0.0629 | weighted P/R/F1=0.9846/0.3933/0.5619
2026-08-19 23:20:53,819 - INFO - fit progress: (22, 1.232913574240008, {'accuracy': 0.39330498213023474, 'micro_precision': 0.39330498213023474, 'micro_recall': 0.39330498213023474, 'micro_f1': 0.39330498213023474, 'macro_precision': 0.11017977988361347, 'macro_recall': 0.1309737395429241, 'macro_f1': 0.06291879301733744, 'weighted_precision': 0.9846152006445075, 'weighted_recall': 0.39330498213023474, 'weighted_f1': 0.5619427025141109}, 10395.206113953)
2026-08-19 23:20:53,819 - INFO - configure_evaluate: no clients selected, skipping evaluation
2026-08-19 23:20:53,819 - INFO - 
2026-08-19 23:20:53,820 - INFO - [ROUND 23]
2026-08-19 23:20:53,820 - INFO - configure_fit: strategy sampled 70 clients (out of 70)
2026-08-19 23:20:55,208 - INFO - aggregate_fit: received 70 results and 0 failures
2026-08-19 23:20:55,315 - INFO - [Round 23] 70/70 client tiep tuc model cuc bo (Algorithm 1 dong 10)
2026-08-19 23:21:11,170 - INFO - [Round 23] data-free KD 30 vong: gen_loss=18.3653 stu_loss=1.3480 (CE 0.3131)
2026-08-19 23:21:11,210 - INFO - [Round 83] luu checkpoint -> out_10shot/checkpoints/round_083.pth
2026-08-19 23:28:51,117 - INFO - [Round 83] loss=1.1959 acc=0.3369 | micro P/R/F1=0.3369/0.3369/0.3369 | macro P/R/F1=0.1103/0.1296/0.0562 | weighted P/R/F1=0.9855/0.3369/0.5020
2026-08-19 23:28:51,118 - INFO - fit progress: (23, 1.1959120943399537, {'accuracy': 0.33690339633072314, 'micro_precision': 0.33690339633072314, 'micro_recall': 0.33690339633072314, 'micro_f1': 0.33690339633072314, 'macro_precision': 0.11027814589018216, 'macro_recall': 0.12964512945369588, 'macro_f1': 0.05620874720246802, 'weighted_precision': 0.9855023052331404, 'weighted_recall': 0.33690339633072314, 'weighted_f1': 0.5019805068324505}, 10872.504839365001)
2026-08-19 23:28:51,118 - INFO - configure_evaluate: no clients selected, skipping evaluation
2026-08-19 23:28:51,118 - INFO - 
2026-08-19 23:28:51,118 - INFO - [ROUND 24]
2026-08-19 23:28:51,118 - INFO - configure_fit: strategy sampled 70 clients (out of 70)
2026-08-19 23:28:52,511 - INFO - aggregate_fit: received 70 results and 0 failures
2026-08-19 23:28:52,617 - INFO - [Round 24] 70/70 client tiep tuc model cuc bo (Algorithm 1 dong 10)
2026-08-19 23:29:08,913 - INFO - [Round 24] data-free KD 30 vong: gen_loss=18.6289 stu_loss=1.3608 (CE 0.3146)
2026-08-19 23:29:08,956 - INFO - [Round 84] luu checkpoint -> out_10shot/checkpoints/round_084.pth
2026-08-19 23:36:49,680 - INFO - [Round 84] loss=1.3139 acc=0.0118 | micro P/R/F1=0.0118/0.0118/0.0118 | macro P/R/F1=0.1090/0.1124/0.0026 | weighted P/R/F1=0.9741/0.0118/0.0229
2026-08-19 23:36:49,681 - INFO - fit progress: (24, 1.3139477604692151, {'accuracy': 0.011779986096305413, 'micro_precision': 0.011779986096305413, 'micro_recall': 0.011779986096305413, 'micro_f1': 0.011779986096305413, 'macro_precision': 0.10900001919773879, 'macro_recall': 0.11240909428282883, 'macro_f1': 0.0026054186408934524, 'weighted_precision': 0.9741203203913714, 'weighted_recall': 0.011779986096305413, 'weighted_f1': 0.022931052954919814}, 11351.068088543)
2026-08-19 23:36:49,681 - INFO - configure_evaluate: no clients selected, skipping evaluation
2026-08-19 23:36:49,681 - INFO - 
2026-08-19 23:36:49,682 - INFO - [ROUND 25]
2026-08-19 23:36:49,682 - INFO - configure_fit: strategy sampled 70 clients (out of 70)
2026-08-19 23:36:51,077 - INFO - aggregate_fit: received 70 results and 0 failures
2026-08-19 23:36:51,188 - INFO - [Round 25] 70/70 client tiep tuc model cuc bo (Algorithm 1 dong 10)
2026-08-19 23:37:07,469 - INFO - [Round 25] data-free KD 30 vong: gen_loss=19.0598 stu_loss=1.3570 (CE 0.3136)
2026-08-19 23:37:07,511 - INFO - [Round 85] luu checkpoint -> out_10shot/checkpoints/round_085.pth
2026-08-19 23:44:45,152 - INFO - [Round 85] loss=1.5174 acc=0.0211 | micro P/R/F1=0.0211/0.0211/0.0211 | macro P/R/F1=0.1048/0.1129/0.0046 | weighted P/R/F1=0.9362/0.0211/0.0410
2026-08-19 23:44:47,855 - INFO - Luu out_10shot/confusion_matrix_task2.csv
2026-08-19 23:44:47,855 - INFO - Luu out_10shot/confusion_matrix_task2_normalized.csv
2026-08-19 23:44:55,592 - INFO - Luu out_10shot/classification_report_task2.txt
               precision    recall  f1-score   support

       Benign     0.9426    0.0211    0.0413  41700592
          DoS     0.0000    0.0000    0.0000    145129
       double     0.0000    0.0000    0.0000     12413
force-neutral     0.0000    0.0000    0.0000      5744
      fuzzing     0.0000    0.0000    0.0000     67321
     interval     0.0000    0.0000    0.0000     40542
          rpm     0.0000    0.0000    0.0000      5043
rpm-accessory     0.0000    0.0000    0.0000      3146
        speed     0.0002    0.9952    0.0004      7471

     accuracy                         0.0211  41987401
    macro avg     0.1048    0.1129    0.0046  41987401
 weighted avg     0.9362    0.0211    0.0410  41987401

2026-08-19 23:44:55,913 - INFO - Luu out_10shot/confusion_matrix_task2.png
2026-08-19 23:44:55,914 - INFO - fit progress: (25, 1.5174441974973134, {'accuracy': 0.02113753123228561, 'micro_precision': 0.02113753123228561, 'micro_recall': 0.02113753123228561, 'micro_f1': 0.02113753123228561, 'macro_precision': 0.10475867407197685, 'macro_recall': 0.11292066493428271, 'macro_f1': 0.004627451133535621, 'weighted_precision': 0.9362079292851364, 'weighted_recall': 0.02113753123228561, 'weighted_f1': 0.04100297226934327}, 11837.30060824)
2026-08-19 23:44:55,914 - INFO - configure_evaluate: no clients selected, skipping evaluation
2026-08-19 23:44:55,914 - INFO - 
2026-08-19 23:44:55,914 - INFO - [ROUND 26]
2026-08-19 23:44:55,914 - INFO - configure_fit: strategy sampled 70 clients (out of 70)
2026-08-19 23:44:57,374 - INFO - aggregate_fit: received 70 results and 0 failures
2026-08-19 23:44:57,478 - INFO - [Round 26] 70/70 client tiep tuc model cuc bo (Algorithm 1 dong 10)
2026-08-19 23:45:13,000 - INFO - [Round 26] data-free KD 30 vong: gen_loss=19.4954 stu_loss=1.3459 (CE 0.3146)
2026-08-19 23:45:13,039 - INFO - [Round 86] luu checkpoint -> out_10shot/checkpoints/round_086.pth
2026-08-19 23:52:40,978 - INFO - [Round 86] loss=1.6508 acc=0.0511 | micro P/R/F1=0.0511/0.0511/0.0511 | macro P/R/F1=0.1075/0.1148/0.0109 | weighted P/R/F1=0.9611/0.0511/0.0967
2026-08-19 23:52:40,979 - INFO - fit progress: (26, 1.6508375780952929, {'accuracy': 0.05106131717940818, 'micro_precision': 0.05106131717940818, 'micro_recall': 0.05106131717940818, 'micro_f1': 0.05106131717940818, 'macro_precision': 0.10753903613477153, 'macro_recall': 0.11476656253080697, 'macro_f1': 0.010854328660113231, 'weighted_precision': 0.9610570181540685, 'weighted_recall': 0.05106131717940818, 'weighted_f1': 0.09665558047441832}, 12302.366150389002)
2026-08-19 23:52:40,979 - INFO - configure_evaluate: no clients selected, skipping evaluation
2026-08-19 23:52:40,979 - INFO - 
2026-08-19 23:52:40,980 - INFO - [ROUND 27]
2026-08-19 23:52:40,980 - INFO - configure_fit: strategy sampled 70 clients (out of 70)
2026-08-19 23:52:42,346 - INFO - aggregate_fit: received 70 results and 0 failures
2026-08-19 23:52:42,452 - INFO - [Round 27] 70/70 client tiep tuc model cuc bo (Algorithm 1 dong 10)
2026-08-19 23:52:58,207 - INFO - [Round 27] data-free KD 30 vong: gen_loss=20.1150 stu_loss=1.3427 (CE 0.3122)
2026-08-19 23:52:58,248 - INFO - [Round 87] luu checkpoint -> out_10shot/checkpoints/round_087.pth
2026-08-20 00:00:33,550 - INFO - [Round 87] loss=1.6526 acc=0.1877 | micro P/R/F1=0.1877/0.1877/0.1877 | macro P/R/F1=0.1098/0.1141/0.0353 | weighted P/R/F1=0.9814/0.1877/0.3150
2026-08-20 00:00:33,551 - INFO - fit progress: (27, 1.6526497206028794, {'accuracy': 0.18772962394123893, 'micro_precision': 0.18772962394123893, 'micro_recall': 0.18772962394123893, 'micro_f1': 0.18772962394123893, 'macro_precision': 0.1098142438089727, 'macro_recall': 0.1141458395224318, 'macro_f1': 0.03527720378122893, 'weighted_precision': 0.9813942344481653, 'weighted_recall': 0.18772962394123893, 'weighted_f1': 0.3149604531559299}, 12774.938549525)
2026-08-20 00:00:33,552 - INFO - configure_evaluate: no clients selected, skipping evaluation
2026-08-20 00:00:33,552 - INFO - 
2026-08-20 00:00:33,552 - INFO - [ROUND 28]
2026-08-20 00:00:33,552 - INFO - configure_fit: strategy sampled 70 clients (out of 70)
2026-08-20 00:00:34,933 - INFO - aggregate_fit: received 70 results and 0 failures
2026-08-20 00:00:35,043 - INFO - [Round 28] 70/70 client tiep tuc model cuc bo (Algorithm 1 dong 10)
2026-08-20 00:00:51,177 - INFO - [Round 28] data-free KD 30 vong: gen_loss=20.5420 stu_loss=1.3368 (CE 0.3120)
2026-08-20 00:00:51,219 - INFO - [Round 88] luu checkpoint -> out_10shot/checkpoints/round_088.pth
2026-08-20 00:08:30,662 - INFO - [Round 88] loss=1.7474 acc=0.1015 | micro P/R/F1=0.1015/0.1015/0.1015 | macro P/R/F1=0.1090/0.1046/0.0206 | weighted P/R/F1=0.9738/0.1015/0.1836
2026-08-20 00:08:30,663 - INFO - fit progress: (28, 1.747389033484745, {'accuracy': 0.1014762737993714, 'micro_precision': 0.1014762737993714, 'micro_recall': 0.1014762737993714, 'micro_f1': 0.1014762737993714, 'macro_precision': 0.10896524908870246, 'macro_recall': 0.1045556976138389, 'macro_f1': 0.020572257948053847, 'weighted_precision': 0.9738230084182854, 'weighted_recall': 0.1014762737993714, 'weighted_f1': 0.1835550141948748}, 13252.049894197002)
2026-08-20 00:08:30,663 - INFO - configure_evaluate: no clients selected, skipping evaluation
2026-08-20 00:08:30,663 - INFO - 
2026-08-20 00:08:30,663 - INFO - [ROUND 29]
2026-08-20 00:08:30,663 - INFO - configure_fit: strategy sampled 70 clients (out of 70)
2026-08-20 00:08:32,058 - INFO - aggregate_fit: received 70 results and 0 failures
2026-08-20 00:08:32,166 - INFO - [Round 29] 70/70 client tiep tuc model cuc bo (Algorithm 1 dong 10)
2026-08-20 00:08:48,450 - INFO - [Round 29] data-free KD 30 vong: gen_loss=21.0056 stu_loss=1.3302 (CE 0.3108)
2026-08-20 00:08:48,492 - INFO - [Round 89] luu checkpoint -> out_10shot/checkpoints/round_089.pth
2026-08-20 00:16:27,699 - INFO - [Round 89] loss=1.7663 acc=0.0553 | micro P/R/F1=0.0553/0.0553/0.0553 | macro P/R/F1=0.1077/0.1124/0.0117 | weighted P/R/F1=0.9625/0.0553/0.1042
2026-08-20 00:16:27,701 - INFO - fit progress: (29, 1.7663415907859896, {'accuracy': 0.055257028173760984, 'micro_precision': 0.055257028173760984, 'micro_recall': 0.055257028173760984, 'micro_f1': 0.055257028173760984, 'macro_precision': 0.10770035461057183, 'macro_recall': 0.11239585459554852, 'macro_f1': 0.011698555961434024, 'weighted_precision': 0.9625029303676113, 'weighted_recall': 0.055257028173760984, 'weighted_f1': 0.10420965078632341}, 13729.087724258)
2026-08-20 00:16:27,701 - INFO - configure_evaluate: no clients selected, skipping evaluation
2026-08-20 00:16:27,701 - INFO - 
2026-08-20 00:16:27,701 - INFO - [ROUND 30]
2026-08-20 00:16:27,701 - INFO - configure_fit: strategy sampled 70 clients (out of 70)
2026-08-20 00:16:29,081 - INFO - aggregate_fit: received 70 results and 0 failures
2026-08-20 00:16:29,189 - INFO - [Round 30] 70/70 client tiep tuc model cuc bo (Algorithm 1 dong 10)
2026-08-20 00:16:45,315 - INFO - [Round 30] data-free KD 30 vong: gen_loss=21.6831 stu_loss=1.3364 (CE 0.3105)
2026-08-20 00:16:45,356 - INFO - [Round 90] luu checkpoint -> out_10shot/checkpoints/round_090.pth
2026-08-20 00:24:26,752 - INFO - [Round 90] loss=1.5778 acc=0.2315 | micro P/R/F1=0.2315/0.2315/0.2315 | macro P/R/F1=0.1100/0.1190/0.0419 | weighted P/R/F1=0.9829/0.2315/0.3746
2026-08-20 00:24:29,564 - INFO - Luu out_10shot/confusion_matrix_task2.csv
2026-08-20 00:24:29,564 - INFO - Luu out_10shot/confusion_matrix_task2_normalized.csv
2026-08-20 00:24:38,481 - INFO - Luu out_10shot/classification_report_task2.txt
               precision    recall  f1-score   support

       Benign     0.9896    0.2330    0.3772  41700592
          DoS     0.0000    0.0000    0.0000    145129
       double     0.0000    0.0000    0.0000     12413
force-neutral     0.0000    0.0000    0.0000      5744
      fuzzing     0.0000    0.0000    0.0000     67321
     interval     0.0000    0.0000    0.0000     40542
          rpm     0.0000    0.0000    0.0000      5043
rpm-accessory     0.0000    0.0000    0.0000      3146
        speed     0.0002    0.8384    0.0004      7471

     accuracy                         0.2315  41987401
    macro avg     0.1100    0.1190    0.0419  41987401
 weighted avg     0.9829    0.2315    0.3746  41987401

2026-08-20 00:24:38,817 - INFO - Luu out_10shot/confusion_matrix_task2.png
2026-08-20 00:24:38,818 - INFO - fit progress: (30, 1.5777844698437713, {'accuracy': 0.2315292389733768, 'micro_precision': 0.2315292389733768, 'micro_recall': 0.2315292389733768, 'micro_f1': 0.2315292389733768, 'macro_precision': 0.10998017313070418, 'macro_recall': 0.11904593515869734, 'macro_f1': 0.04194941842438296, 'weighted_precision': 0.9828669029091931, 'weighted_recall': 0.2315292389733768, 'weighted_f1': 0.3745792142362556}, 14220.20550876)
2026-08-20 00:24:38,819 - INFO - configure_evaluate: no clients selected, skipping evaluation
2026-08-20 00:24:38,819 - INFO - 
2026-08-20 00:24:38,819 - INFO - [SUMMARY]
2026-08-20 00:24:38,819 - INFO - Run finished 30 round(s) in 14220.21s
2026-08-20 00:24:38,824 - INFO - 	History (loss, centralized):
2026-08-20 00:24:38,825 - INFO - 		round 1: 0.9344875613325061
2026-08-20 00:24:38,825 - INFO - 		round 2: 0.5592497203503803
2026-08-20 00:24:38,825 - INFO - 		round 3: 0.5967843179969762
2026-08-20 00:24:38,825 - INFO - 		round 4: 0.64370513135614
2026-08-20 00:24:38,825 - INFO - 		round 5: 0.7044040769754346
2026-08-20 00:24:38,825 - INFO - 		round 6: 0.8678717948776166
2026-08-20 00:24:38,825 - INFO - 		round 7: 0.905303224966289
2026-08-20 00:24:38,825 - INFO - 		round 8: 1.0976517446366023
2026-08-20 00:24:38,825 - INFO - 		round 9: 1.2485726695446349
2026-08-20 00:24:38,825 - INFO - 		round 10: 1.570133056934607
2026-08-20 00:24:38,825 - INFO - 		round 11: 1.783327665390381
2026-08-20 00:24:38,825 - INFO - 		round 12: 1.789086726534926
2026-08-20 00:24:38,825 - INFO - 		round 13: 1.9359772644465336
2026-08-20 00:24:38,826 - INFO - 		round 14: 1.7150614900410368
2026-08-20 00:24:38,826 - INFO - 		round 15: 1.6387458798850691
2026-08-20 00:24:38,826 - INFO - 		round 16: 1.5680921885830263
2026-08-20 00:24:38,826 - INFO - 		round 17: 1.3889807739928575
2026-08-20 00:24:38,826 - INFO - 		round 18: 1.261502152767987
2026-08-20 00:24:38,826 - INFO - 		round 19: 1.103339337323447
2026-08-20 00:24:38,826 - INFO - 		round 20: 1.0752349982039775
2026-08-20 00:24:38,826 - INFO - 		round 21: 1.2262678265734401
2026-08-20 00:24:38,826 - INFO - 		round 22: 1.232913574240008
2026-08-20 00:24:38,826 - INFO - 		round 23: 1.1959120943399537
2026-08-20 00:24:38,826 - INFO - 		round 24: 1.3139477604692151
2026-08-20 00:24:38,826 - INFO - 		round 25: 1.5174441974973134
2026-08-20 00:24:38,826 - INFO - 		round 26: 1.6508375780952929
2026-08-20 00:24:38,826 - INFO - 		round 27: 1.6526497206028794
2026-08-20 00:24:38,826 - INFO - 		round 28: 1.747389033484745
2026-08-20 00:24:38,826 - INFO - 		round 29: 1.7663415907859896
2026-08-20 00:24:38,826 - INFO - 		round 30: 1.5777844698437713
2026-08-20 00:24:38,827 - INFO - 	History (metrics, distributed, fit):
2026-08-20 00:24:38,827 - INFO - 	{'gen_loss': [(1, 16.262369283040364),
2026-08-20 00:24:38,827 - INFO - 	              (2, 12.006235186258952),
2026-08-20 00:24:38,827 - INFO - 	              (3, 11.312722905476887),
2026-08-20 00:24:38,827 - INFO - 	              (4, 10.73980967203776),
2026-08-20 00:24:38,827 - INFO - 	              (5, 10.415192794799804),
2026-08-20 00:24:38,827 - INFO - 	              (6, 10.386649068196615),
2026-08-20 00:24:38,827 - INFO - 	              (7, 10.566881243387858),
2026-08-20 00:24:38,827 - INFO - 	              (8, 10.752171484629313),
2026-08-20 00:24:38,827 - INFO - 	              (9, 11.065626780192057),
2026-08-20 00:24:38,827 - INFO - 	              (10, 11.43614746729533),
2026-08-20 00:24:38,827 - INFO - 	              (11, 11.744045734405518),
2026-08-20 00:24:38,827 - INFO - 	              (12, 12.060390917460124),
2026-08-20 00:24:38,827 - INFO - 	              (13, 12.610948085784912),
2026-08-20 00:24:38,827 - INFO - 	              (14, 12.938094806671142),
2026-08-20 00:24:38,827 - INFO - 	              (15, 13.390572293599446),
2026-08-20 00:24:38,828 - INFO - 	              (16, 13.8799986521403),
2026-08-20 00:24:38,828 - INFO - 	              (17, 14.408328183492024),
2026-08-20 00:24:38,828 - INFO - 	              (18, 15.083858553568522),
2026-08-20 00:24:38,828 - INFO - 	              (19, 15.77357972462972),
2026-08-20 00:24:38,828 - INFO - 	              (20, 16.307346153259278),
2026-08-20 00:24:38,828 - INFO - 	              (21, 17.072863070170083),
2026-08-20 00:24:38,828 - INFO - 	              (22, 17.583434549967446),
2026-08-20 00:24:38,828 - INFO - 	              (23, 18.365341504414875),
2026-08-20 00:24:38,828 - INFO - 	              (24, 18.628949292500813),
2026-08-20 00:24:38,828 - INFO - 	              (25, 19.05983695983887),
2026-08-20 00:24:38,828 - INFO - 	              (26, 19.49542973836263),
2026-08-20 00:24:38,828 - INFO - 	              (27, 20.115009943644207),
2026-08-20 00:24:38,828 - INFO - 	              (28, 20.54203592936198),
2026-08-20 00:24:38,828 - INFO - 	              (29, 21.00564842224121),
2026-08-20 00:24:38,828 - INFO - 	              (30, 21.683051363627115)],
2026-08-20 00:24:38,828 - INFO - 	 'kd_loss_client': [(1, 3.217757184164865),
2026-08-20 00:24:38,828 - INFO - 	                    (2, 1.2970742430005755),
2026-08-20 00:24:38,829 - INFO - 	                    (3, 1.6754686403842198),
2026-08-20 00:24:38,829 - INFO - 	                    (4, 7.209724696477254),
2026-08-20 00:24:38,829 - INFO - 	                    (5, 14.18915797642299),
2026-08-20 00:24:38,829 - INFO - 	                    (6, 16.998051675160728),
2026-08-20 00:24:38,829 - INFO - 	                    (7, 19.9882388705299),
2026-08-20 00:24:38,829 - INFO - 	                    (8, 19.56391670590355),
2026-08-20 00:24:38,829 - INFO - 	                    (9, 20.39378793807257),
2026-08-20 00:24:38,829 - INFO - 	                    (10, 19.853693090166363),
2026-08-20 00:24:38,829 - INFO - 	                    (11, 21.64132953825451),
2026-08-20 00:24:38,829 - INFO - 	                    (12, 22.861388033912295),
2026-08-20 00:24:38,829 - INFO - 	                    (13, 22.21845199040004),
2026-08-20 00:24:38,829 - INFO - 	                    (14, 23.69819730122884),
2026-08-20 00:24:38,829 - INFO - 	                    (15, 21.343068213689897),
2026-08-20 00:24:38,829 - INFO - 	                    (16, 21.079787772042412),
2026-08-20 00:24:38,829 - INFO - 	                    (17, 20.935342756907144),
2026-08-20 00:24:38,829 - INFO - 	                    (18, 19.304303419022336),
2026-08-20 00:24:38,829 - INFO - 	                    (19, 18.202863116491407),
2026-08-20 00:24:38,829 - INFO - 	                    (20, 16.2104777608599),
2026-08-20 00:24:38,829 - INFO - 	                    (21, 16.17318639755249),
2026-08-20 00:24:38,829 - INFO - 	                    (22, 18.664697242918468),
2026-08-20 00:24:38,829 - INFO - 	                    (23, 18.239080456324984),
2026-08-20 00:24:38,829 - INFO - 	                    (24, 18.827201711563838),
2026-08-20 00:24:38,830 - INFO - 	                    (25, 19.851604557037355),
2026-08-20 00:24:38,830 - INFO - 	                    (26, 21.328342955453056),
2026-08-20 00:24:38,830 - INFO - 	                    (27, 21.870331673395064),
2026-08-20 00:24:38,830 - INFO - 	                    (28, 20.852097956339517),
2026-08-20 00:24:38,830 - INFO - 	                    (29, 21.51521392095657),
2026-08-20 00:24:38,830 - INFO - 	                    (30, 21.35060406185332)],
2026-08-20 00:24:38,830 - INFO - 	 'num_clients': [(1, 70),
2026-08-20 00:24:38,830 - INFO - 	                 (2, 70),
2026-08-20 00:24:38,830 - INFO - 	                 (3, 70),
2026-08-20 00:24:38,830 - INFO - 	                 (4, 70),
2026-08-20 00:24:38,830 - INFO - 	                 (5, 70),
2026-08-20 00:24:38,830 - INFO - 	                 (6, 70),
2026-08-20 00:24:38,830 - INFO - 	                 (7, 70),
2026-08-20 00:24:38,830 - INFO - 	                 (8, 70),
2026-08-20 00:24:38,830 - INFO - 	                 (9, 70),
2026-08-20 00:24:38,830 - INFO - 	                 (10, 70),
2026-08-20 00:24:38,830 - INFO - 	                 (11, 70),
2026-08-20 00:24:38,830 - INFO - 	                 (12, 70),
2026-08-20 00:24:38,830 - INFO - 	                 (13, 70),
2026-08-20 00:24:38,830 - INFO - 	                 (14, 70),
2026-08-20 00:24:38,830 - INFO - 	                 (15, 70),
2026-08-20 00:24:38,830 - INFO - 	                 (16, 70),
2026-08-20 00:24:38,831 - INFO - 	                 (17, 70),
2026-08-20 00:24:38,831 - INFO - 	                 (18, 70),
2026-08-20 00:24:38,831 - INFO - 	                 (19, 70),
2026-08-20 00:24:38,831 - INFO - 	                 (20, 70),
2026-08-20 00:24:38,831 - INFO - 	                 (21, 70),
2026-08-20 00:24:38,831 - INFO - 	                 (22, 70),
2026-08-20 00:24:38,831 - INFO - 	                 (23, 70),
2026-08-20 00:24:38,831 - INFO - 	                 (24, 70),
2026-08-20 00:24:38,831 - INFO - 	                 (25, 70),
2026-08-20 00:24:38,831 - INFO - 	                 (26, 70),
2026-08-20 00:24:38,831 - INFO - 	                 (27, 70),
2026-08-20 00:24:38,831 - INFO - 	                 (28, 70),
2026-08-20 00:24:38,831 - INFO - 	                 (29, 70),
2026-08-20 00:24:38,831 - INFO - 	                 (30, 70)],
2026-08-20 00:24:38,831 - INFO - 	 'resumed_local': [(1, 0),
2026-08-20 00:24:38,831 - INFO - 	                   (2, 70),
2026-08-20 00:24:38,831 - INFO - 	                   (3, 70),
2026-08-20 00:24:38,831 - INFO - 	                   (4, 70),
2026-08-20 00:24:38,831 - INFO - 	                   (5, 70),
2026-08-20 00:24:38,831 - INFO - 	                   (6, 70),
2026-08-20 00:24:38,831 - INFO - 	                   (7, 70),
2026-08-20 00:24:38,831 - INFO - 	                   (8, 70),
2026-08-20 00:24:38,831 - INFO - 	                   (9, 70),
2026-08-20 00:24:38,831 - INFO - 	                   (10, 70),
2026-08-20 00:24:38,831 - INFO - 	                   (11, 70),
2026-08-20 00:24:38,832 - INFO - 	                   (12, 70),
2026-08-20 00:24:38,832 - INFO - 	                   (13, 70),
2026-08-20 00:24:38,832 - INFO - 	                   (14, 70),
2026-08-20 00:24:38,832 - INFO - 	                   (15, 70),
2026-08-20 00:24:38,832 - INFO - 	                   (16, 70),
2026-08-20 00:24:38,832 - INFO - 	                   (17, 70),
2026-08-20 00:24:38,832 - INFO - 	                   (18, 70),
2026-08-20 00:24:38,832 - INFO - 	                   (19, 70),
2026-08-20 00:24:38,832 - INFO - 	                   (20, 70),
2026-08-20 00:24:38,832 - INFO - 	                   (21, 70),
2026-08-20 00:24:38,832 - INFO - 	                   (22, 70),
2026-08-20 00:24:38,832 - INFO - 	                   (23, 70),
2026-08-20 00:24:38,832 - INFO - 	                   (24, 70),
2026-08-20 00:24:38,832 - INFO - 	                   (25, 70),
2026-08-20 00:24:38,832 - INFO - 	                   (26, 70),
2026-08-20 00:24:38,832 - INFO - 	                   (27, 70),
2026-08-20 00:24:38,832 - INFO - 	                   (28, 70),
2026-08-20 00:24:38,832 - INFO - 	                   (29, 70),
2026-08-20 00:24:38,832 - INFO - 	                   (30, 70)],
2026-08-20 00:24:38,832 - INFO - 	 'stu_ce': [(1, 15.582960567474366),
2026-08-20 00:24:38,832 - INFO - 	            (2, 8.108574902216594),
2026-08-20 00:24:38,832 - INFO - 	            (3, 4.188247373898824),
2026-08-20 00:24:38,832 - INFO - 	            (4, 2.993400225639343),
2026-08-20 00:24:38,832 - INFO - 	            (5, 2.453698477745056),
2026-08-20 00:24:38,832 - INFO - 	            (6, 1.9758560911814371),
2026-08-20 00:24:38,832 - INFO - 	            (7, 1.4272929565111796),
2026-08-20 00:24:38,833 - INFO - 	            (8, 0.9269591371218363),
2026-08-20 00:24:38,833 - INFO - 	            (9, 0.5785339679320654),
2026-08-20 00:24:38,833 - INFO - 	            (10, 0.3951378756761551),
2026-08-20 00:24:38,833 - INFO - 	            (11, 0.34506799161434176),
2026-08-20 00:24:38,833 - INFO - 	            (12, 0.3273323667049408),
2026-08-20 00:24:38,833 - INFO - 	            (13, 0.32280350387096407),
2026-08-20 00:24:38,833 - INFO - 	            (14, 0.31971570789813997),
2026-08-20 00:24:38,833 - INFO - 	            (15, 0.31373043954372404),
2026-08-20 00:24:38,833 - INFO - 	            (16, 0.31142684737841286),
2026-08-20 00:24:38,833 - INFO - 	            (17, 0.31019600490729016),
2026-08-20 00:24:38,833 - INFO - 	            (18, 0.3106597570578257),
2026-08-20 00:24:38,833 - INFO - 	            (19, 0.31242746889591216),
2026-08-20 00:24:38,833 - INFO - 	            (20, 0.3084057633082072),
2026-08-20 00:24:38,833 - INFO - 	            (21, 0.30862563610076904),
2026-08-20 00:24:38,833 - INFO - 	            (22, 0.31082710325717927),
2026-08-20 00:24:38,833 - INFO - 	            (23, 0.3130601825316747),
2026-08-20 00:24:38,833 - INFO - 	            (24, 0.3146296622355779),
2026-08-20 00:24:38,833 - INFO - 	            (25, 0.31361904859542844),
2026-08-20 00:24:38,833 - INFO - 	            (26, 0.31458773454030353),
2026-08-20 00:24:38,833 - INFO - 	            (27, 0.31219829539457955),
2026-08-20 00:24:38,833 - INFO - 	            (28, 0.3120138464371363),
2026-08-20 00:24:38,833 - INFO - 	            (29, 0.31075524985790254),
2026-08-20 00:24:38,833 - INFO - 	            (30, 0.31046821355819704)],
2026-08-20 00:24:38,833 - INFO - 	 'stu_loss': [(1, 16.01215975443522),
2026-08-20 00:24:38,833 - INFO - 	              (2, 8.489700291951497),
2026-08-20 00:24:38,833 - INFO - 	              (3, 5.0857894992828365),
2026-08-20 00:24:38,834 - INFO - 	              (4, 4.116679105758667),
2026-08-20 00:24:38,834 - INFO - 	              (5, 3.580253767967224),
2026-08-20 00:24:38,834 - INFO - 	              (6, 3.066556952794393),
2026-08-20 00:24:38,834 - INFO - 	              (7, 2.4914961926142376),
2026-08-20 00:24:38,834 - INFO - 	              (8, 1.9934271955490113),
2026-08-20 00:24:38,834 - INFO - 	              (9, 1.6760752693812053),
2026-08-20 00:24:38,834 - INFO - 	              (10, 1.4920711104075115),
2026-08-20 00:24:38,834 - INFO - 	              (11, 1.4090385135014851),
2026-08-20 00:24:38,834 - INFO - 	              (12, 1.3678966450691223),
2026-08-20 00:24:38,834 - INFO - 	              (13, 1.3684172630310059),
2026-08-20 00:24:38,834 - INFO - 	              (14, 1.353308527469635),
2026-08-20 00:24:38,834 - INFO - 	              (15, 1.3339726217587788),
2026-08-20 00:24:38,834 - INFO - 	              (16, 1.3222409137090048),
2026-08-20 00:24:38,834 - INFO - 	              (17, 1.320861775080363),
2026-08-20 00:24:38,834 - INFO - 	              (18, 1.3321721037228902),
2026-08-20 00:24:38,834 - INFO - 	              (19, 1.3346440307299297),
2026-08-20 00:24:38,834 - INFO - 	              (20, 1.3195443153381348),
2026-08-20 00:24:38,834 - INFO - 	              (21, 1.3305107800165812),
2026-08-20 00:24:38,834 - INFO - 	              (22, 1.3378128957748414),
2026-08-20 00:24:38,834 - INFO - 	              (23, 1.348006382783254),
2026-08-20 00:24:38,834 - INFO - 	              (24, 1.3608221117655437),
2026-08-20 00:24:38,835 - INFO - 	              (25, 1.3570012919108072),
2026-08-20 00:24:38,835 - INFO - 	              (26, 1.3458665402730305),
2026-08-20 00:24:38,835 - INFO - 	              (27, 1.3427391163508098),
2026-08-20 00:24:38,835 - INFO - 	              (28, 1.3368274799982707),
2026-08-20 00:24:38,835 - INFO - 	              (29, 1.3301888004938762),
2026-08-20 00:24:38,835 - INFO - 	              (30, 1.3364186867078145)],
2026-08-20 00:24:38,835 - INFO - 	 'train_loss': [(1, 22.53905071099512),
2026-08-20 00:24:38,835 - INFO - 	                (2, 22.3287122262914),
2026-08-20 00:24:38,835 - INFO - 	                (3, 22.111574610261407),
2026-08-20 00:24:38,835 - INFO - 	                (4, 21.918578905503345),
2026-08-20 00:24:38,835 - INFO - 	                (5, 21.72942138613412),
2026-08-20 00:24:38,835 - INFO - 	                (6, 21.518676608036394),
2026-08-20 00:24:38,835 - INFO - 	                (7, 21.33757794136071),
2026-08-20 00:24:38,835 - INFO - 	                (8, 21.158565089450747),
2026-08-20 00:24:38,835 - INFO - 	                (9, 20.964207645611832),
2026-08-20 00:24:38,836 - INFO - 	                (10, 20.78508652969121),
2026-08-20 00:24:38,836 - INFO - 	                (11, 20.642294295846362),
2026-08-20 00:24:38,836 - INFO - 	                (12, 20.449478407816127),
2026-08-20 00:24:38,836 - INFO - 	                (13, 20.287875152177957),
2026-08-20 00:24:38,836 - INFO - 	                (14, 20.138630195569654),
2026-08-20 00:24:38,836 - INFO - 	                (15, 19.957788712620367),
2026-08-20 00:24:38,836 - INFO - 	                (16, 19.834661628616658),
2026-08-20 00:24:38,836 - INFO - 	                (17, 19.66551001666563),
2026-08-20 00:24:38,836 - INFO - 	                (18, 19.51730260949917),
2026-08-20 00:24:38,836 - INFO - 	                (19, 19.392838415275676),
2026-08-20 00:24:38,836 - INFO - 	                (20, 19.230816097395238),
2026-08-20 00:24:38,836 - INFO - 	                (21, 19.091655721874965),
2026-08-20 00:24:38,836 - INFO - 	                (22, 18.95562016569422),
2026-08-20 00:24:38,836 - INFO - 	                (23, 18.814069043552543),
2026-08-20 00:24:38,836 - INFO - 	                (24, 18.678999682487177),
2026-08-20 00:24:38,836 - INFO - 	                (25, 18.55771779740864),
2026-08-20 00:24:38,836 - INFO - 	                (26, 18.42229089705619),
2026-08-20 00:24:38,836 - INFO - 	                (27, 18.30287123093573),
2026-08-20 00:24:38,837 - INFO - 	                (28, 18.17539908642796),
2026-08-20 00:24:38,837 - INFO - 	                (29, 18.057858615068596),
2026-08-20 00:24:38,837 - INFO - 	                (30, 17.930763317220208)]}
2026-08-20 00:24:38,837 - INFO - 	History (metrics, centralized):
2026-08-20 00:24:38,837 - INFO - 	{'accuracy': [(1, 0.5709270502358553),
2026-08-20 00:24:38,837 - INFO - 	              (2, 0.9901572378819066),
2026-08-20 00:24:38,837 - INFO - 	              (3, 0.9704883853134897),
2026-08-20 00:24:38,837 - INFO - 	              (4, 0.9864806826219131),
2026-08-20 00:24:38,837 - INFO - 	              (5, 0.9931691651979125),
2026-08-20 00:24:38,837 - INFO - 	              (6, 0.9931691651979125),
2026-08-20 00:24:38,837 - INFO - 	              (7, 0.8478201830115658),
2026-08-20 00:24:38,837 - INFO - 	              (8, 0.3557716992294903),
2026-08-20 00:24:38,837 - INFO - 	              (9, 0.22218353072151334),
2026-08-20 00:24:38,837 - INFO - 	              (10, 0.011572471465904736),
2026-08-20 00:24:38,837 - INFO - 	              (11, 0.02420602313536863),
2026-08-20 00:24:38,837 - INFO - 	              (12, 0.028789660022062333),
2026-08-20 00:24:38,837 - INFO - 	              (13, 0.017185607654067465),
2026-08-20 00:24:38,838 - INFO - 	              (14, 0.009362570452979455),
2026-08-20 00:24:38,838 - INFO - 	              (15, 0.026357049344397383),
2026-08-20 00:24:38,838 - INFO - 	              (16, 0.10000595178539391),
2026-08-20 00:24:38,838 - INFO - 	              (17, 0.30340256116352615),
2026-08-20 00:24:38,838 - INFO - 	              (18, 0.3852802891991338),
2026-08-20 00:24:38,838 - INFO - 	              (19, 0.5117163836837627),
2026-08-20 00:24:38,838 - INFO - 	              (20, 0.5170188314346963),
2026-08-20 00:24:38,838 - INFO - 	              (21, 0.36789881326543644),
2026-08-20 00:24:38,838 - INFO - 	              (22, 0.39330498213023474),
2026-08-20 00:24:38,838 - INFO - 	              (23, 0.33690339633072314),
2026-08-20 00:24:38,838 - INFO - 	              (24, 0.011779986096305413),
2026-08-20 00:24:38,838 - INFO - 	              (25, 0.02113753123228561),
2026-08-20 00:24:38,838 - INFO - 	              (26, 0.05106131717940818),
2026-08-20 00:24:38,838 - INFO - 	              (27, 0.18772962394123893),
2026-08-20 00:24:38,838 - INFO - 	              (28, 0.1014762737993714),
2026-08-20 00:24:38,838 - INFO - 	              (29, 0.055257028173760984),
2026-08-20 00:24:38,838 - INFO - 	              (30, 0.2315292389733768)],
2026-08-20 00:24:38,839 - INFO - 	 'macro_f1': [(1, 0.08116251670142241),
2026-08-20 00:24:38,839 - INFO - 	              (2, 0.11065658235157194),
2026-08-20 00:24:38,839 - INFO - 	              (3, 0.10944704579461961),
2026-08-20 00:24:38,839 - INFO - 	              (4, 0.11035492637270211),
2026-08-20 00:24:38,839 - INFO - 	              (5, 0.11073031972725433),
2026-08-20 00:24:38,839 - INFO - 	              (6, 0.11073031972725433),
2026-08-20 00:24:38,839 - INFO - 	              (7, 0.10201649486605387),
2026-08-20 00:24:38,839 - INFO - 	              (8, 0.05860115440255582),
2026-08-20 00:24:38,839 - INFO - 	              (9, 0.04063794052024712),
2026-08-20 00:24:38,839 - INFO - 	              (10, 0.0025606050017882294),
2026-08-20 00:24:38,839 - INFO - 	              (11, 0.005289806094816182),
2026-08-20 00:24:38,839 - INFO - 	              (12, 0.00626330908352773),
2026-08-20 00:24:38,839 - INFO - 	              (13, 0.0037816244702688945),
2026-08-20 00:24:38,839 - INFO - 	              (14, 0.0020757123888446995),
2026-08-20 00:24:38,839 - INFO - 	              (15, 0.005743207961851418),
2026-08-20 00:24:38,839 - INFO - 	              (16, 0.02030877877338597),
2026-08-20 00:24:38,839 - INFO - 	              (17, 0.051928410302824815),
2026-08-20 00:24:38,839 - INFO - 	              (18, 0.062010556227696606),
2026-08-20 00:24:38,840 - INFO - 	              (19, 0.07540916174321245),
2026-08-20 00:24:38,840 - INFO - 	              (20, 0.07592691263826525),
2026-08-20 00:24:38,840 - INFO - 	              (21, 0.05996980968228996),
2026-08-20 00:24:38,840 - INFO - 	              (22, 0.06291879301733744),
2026-08-20 00:24:38,840 - INFO - 	              (23, 0.05620874720246802),
2026-08-20 00:24:38,840 - INFO - 	              (24, 0.0026054186408934524),
2026-08-20 00:24:38,840 - INFO - 	              (25, 0.004627451133535621),
2026-08-20 00:24:38,840 - INFO - 	              (26, 0.010854328660113231),
2026-08-20 00:24:38,840 - INFO - 	              (27, 0.03527720378122893),
2026-08-20 00:24:38,840 - INFO - 	              (28, 0.020572257948053847),
2026-08-20 00:24:38,840 - INFO - 	              (29, 0.011698555961434024),
2026-08-20 00:24:38,840 - INFO - 	              (30, 0.04194941842438296)],
2026-08-20 00:24:38,840 - INFO - 	 'macro_precision': [(1, 0.11059824861839657),
2026-08-20 00:24:38,840 - INFO - 	                     (2, 0.116570418703102),
2026-08-20 00:24:38,840 - INFO - 	                     (3, 0.11033456407445724),
2026-08-20 00:24:38,840 - INFO - 	                     (4, 0.11034701884865081),
2026-08-20 00:24:38,840 - INFO - 	                     (5, 0.11035212946643473),
2026-08-20 00:24:38,840 - INFO - 	                     (6, 0.11035212946643473),
2026-08-20 00:24:38,841 - INFO - 	                     (7, 0.1103275581568793),
2026-08-20 00:24:38,841 - INFO - 	                     (8, 0.11083132559811378),
2026-08-20 00:24:38,841 - INFO - 	                     (9, 0.11096303020854084),
2026-08-20 00:24:38,841 - INFO - 	                     (10, 0.11112901932464195),
2026-08-20 00:24:38,841 - INFO - 	                     (11, 0.11112894546207827),
2026-08-20 00:24:38,841 - INFO - 	                     (12, 0.11112119854286148),
2026-08-20 00:24:38,841 - INFO - 	                     (13, 0.11113013451392101),
2026-08-20 00:24:38,841 - INFO - 	                     (14, 0.10860536228208707),
2026-08-20 00:24:38,841 - INFO - 	                     (15, 0.10776583526076809),
2026-08-20 00:24:38,841 - INFO - 	                     (16, 0.1092696126512716),
2026-08-20 00:24:38,841 - INFO - 	                     (17, 0.11022275675568746),
2026-08-20 00:24:38,841 - INFO - 	                     (18, 0.11026886703496226),
2026-08-20 00:24:38,841 - INFO - 	                     (19, 0.11032911467499099),
2026-08-20 00:24:38,841 - INFO - 	                     (20, 0.11033894703653388),
2026-08-20 00:24:38,841 - INFO - 	                     (21, 0.11024674285232969),
2026-08-20 00:24:38,841 - INFO - 	                     (22, 0.11017977988361347),
2026-08-20 00:24:38,841 - INFO - 	                     (23, 0.11027814589018216),
2026-08-20 00:24:38,841 - INFO - 	                     (24, 0.10900001919773879),
2026-08-20 00:24:38,842 - INFO - 	                     (25, 0.10475867407197685),
2026-08-20 00:24:38,842 - INFO - 	                     (26, 0.10753903613477153),
2026-08-20 00:24:38,842 - INFO - 	                     (27, 0.1098142438089727),
2026-08-20 00:24:38,842 - INFO - 	                     (28, 0.10896524908870246),
2026-08-20 00:24:38,842 - INFO - 	                     (29, 0.10770035461057183),
2026-08-20 00:24:38,842 - INFO - 	                     (30, 0.10998017313070418)],
2026-08-20 00:24:38,842 - INFO - 	 'macro_recall': [(1, 0.09668698799223982),
2026-08-20 00:24:38,842 - INFO - 	                  (2, 0.11082193708237102),
2026-08-20 00:24:38,842 - INFO - 	                  (3, 0.1085736917649088),
2026-08-20 00:24:38,842 - INFO - 	                  (4, 0.11036283503014911),
2026-08-20 00:24:38,842 - INFO - 	                  (5, 0.1111111111111111),
2026-08-20 00:24:38,842 - INFO - 	                  (6, 0.1111111111111111),
2026-08-20 00:24:38,842 - INFO - 	                  (7, 0.10115488265989435),
2026-08-20 00:24:38,842 - INFO - 	                  (8, 0.13632101132840013),
2026-08-20 00:24:38,842 - INFO - 	                  (9, 0.13571014216532526),
2026-08-20 00:24:38,842 - INFO - 	                  (10, 0.11238587851862311),
2026-08-20 00:24:38,842 - INFO - 	                  (11, 0.11379926106458045),
2026-08-20 00:24:38,842 - INFO - 	                  (12, 0.11431205687546221),
2026-08-20 00:24:38,843 - INFO - 	                  (13, 0.1130138498859787),
2026-08-20 00:24:38,843 - INFO - 	                  (14, 0.11213864515134195),
2026-08-20 00:24:38,843 - INFO - 	                  (15, 0.11383173260199099),
2026-08-20 00:24:38,843 - INFO - 	                  (16, 0.12086678442002145),
2026-08-20 00:24:38,843 - INFO - 	                  (17, 0.12671504415165252),
2026-08-20 00:24:38,843 - INFO - 	                  (18, 0.13206850849827248),
2026-08-20 00:24:38,843 - INFO - 	                  (19, 0.11225129039591053),
2026-08-20 00:24:38,843 - INFO - 	                  (20, 0.11800427424634247),
2026-08-20 00:24:38,843 - INFO - 	                  (21, 0.1305403008251934),
2026-08-20 00:24:38,843 - INFO - 	                  (22, 0.1309737395429241),
2026-08-20 00:24:38,843 - INFO - 	                  (23, 0.12964512945369588),
2026-08-20 00:24:38,843 - INFO - 	                  (24, 0.11240909428282883),
2026-08-20 00:24:38,843 - INFO - 	                  (25, 0.11292066493428271),
2026-08-20 00:24:38,843 - INFO - 	                  (26, 0.11476656253080697),
2026-08-20 00:24:38,843 - INFO - 	                  (27, 0.1141458395224318),
2026-08-20 00:24:38,843 - INFO - 	                  (28, 0.1045556976138389),
2026-08-20 00:24:38,843 - INFO - 	                  (29, 0.11239585459554852),
2026-08-20 00:24:38,843 - INFO - 	                  (30, 0.11904593515869734)],
2026-08-20 00:24:38,844 - INFO - 	 'micro_f1': [(1, 0.5709270502358553),
2026-08-20 00:24:38,844 - INFO - 	              (2, 0.9901572378819066),
2026-08-20 00:24:38,844 - INFO - 	              (3, 0.9704883853134897),
2026-08-20 00:24:38,844 - INFO - 	              (4, 0.9864806826219131),
2026-08-20 00:24:38,844 - INFO - 	              (5, 0.9931691651979125),
2026-08-20 00:24:38,844 - INFO - 	              (6, 0.9931691651979125),
2026-08-20 00:24:38,844 - INFO - 	              (7, 0.8478201830115658),
2026-08-20 00:24:38,844 - INFO - 	              (8, 0.3557716992294903),
2026-08-20 00:24:38,844 - INFO - 	              (9, 0.22218353072151334),
2026-08-20 00:24:38,844 - INFO - 	              (10, 0.011572471465904736),
2026-08-20 00:24:38,844 - INFO - 	              (11, 0.02420602313536863),
2026-08-20 00:24:38,844 - INFO - 	              (12, 0.028789660022062333),
2026-08-20 00:24:38,844 - INFO - 	              (13, 0.017185607654067465),
2026-08-20 00:24:38,844 - INFO - 	              (14, 0.009362570452979455),
2026-08-20 00:24:38,844 - INFO - 	              (15, 0.026357049344397383),
2026-08-20 00:24:38,844 - INFO - 	              (16, 0.10000595178539391),
2026-08-20 00:24:38,844 - INFO - 	              (17, 0.30340256116352615),
2026-08-20 00:24:38,844 - INFO - 	              (18, 0.3852802891991338),
2026-08-20 00:24:38,844 - INFO - 	              (19, 0.5117163836837627),
2026-08-20 00:24:38,845 - INFO - 	              (20, 0.5170188314346963),
2026-08-20 00:24:38,845 - INFO - 	              (21, 0.36789881326543644),
2026-08-20 00:24:38,845 - INFO - 	              (22, 0.39330498213023474),
2026-08-20 00:24:38,845 - INFO - 	              (23, 0.33690339633072314),
2026-08-20 00:24:38,845 - INFO - 	              (24, 0.011779986096305413),
2026-08-20 00:24:38,845 - INFO - 	              (25, 0.02113753123228561),
2026-08-20 00:24:38,845 - INFO - 	              (26, 0.05106131717940818),
2026-08-20 00:24:38,845 - INFO - 	              (27, 0.18772962394123893),
2026-08-20 00:24:38,845 - INFO - 	              (28, 0.1014762737993714),
2026-08-20 00:24:38,845 - INFO - 	              (29, 0.055257028173760984),
2026-08-20 00:24:38,845 - INFO - 	              (30, 0.2315292389733768)],
2026-08-20 00:24:38,845 - INFO - 	 'micro_precision': [(1, 0.5709270502358553),
2026-08-20 00:24:38,845 - INFO - 	                     (2, 0.9901572378819066),
2026-08-20 00:24:38,845 - INFO - 	                     (3, 0.9704883853134897),
2026-08-20 00:24:38,845 - INFO - 	                     (4, 0.9864806826219131),
2026-08-20 00:24:38,845 - INFO - 	                     (5, 0.9931691651979125),
2026-08-20 00:24:38,846 - INFO - 	                     (6, 0.9931691651979125),
2026-08-20 00:24:38,846 - INFO - 	                     (7, 0.8478201830115658),
2026-08-20 00:24:38,846 - INFO - 	                     (8, 0.3557716992294903),
2026-08-20 00:24:38,846 - INFO - 	                     (9, 0.22218353072151334),
2026-08-20 00:24:38,846 - INFO - 	                     (10, 0.011572471465904736),
2026-08-20 00:24:38,846 - INFO - 	                     (11, 0.02420602313536863),
2026-08-20 00:24:38,846 - INFO - 	                     (12, 0.028789660022062333),
2026-08-20 00:24:38,846 - INFO - 	                     (13, 0.017185607654067465),
2026-08-20 00:24:38,846 - INFO - 	                     (14, 0.009362570452979455),
2026-08-20 00:24:38,846 - INFO - 	                     (15, 0.026357049344397383),
2026-08-20 00:24:38,846 - INFO - 	                     (16, 0.10000595178539391),
2026-08-20 00:24:38,846 - INFO - 	                     (17, 0.30340256116352615),
2026-08-20 00:24:38,846 - INFO - 	                     (18, 0.3852802891991338),
2026-08-20 00:24:38,846 - INFO - 	                     (19, 0.5117163836837627),
2026-08-20 00:24:38,846 - INFO - 	                     (20, 0.5170188314346963),
2026-08-20 00:24:38,846 - INFO - 	                     (21, 0.36789881326543644),
2026-08-20 00:24:38,846 - INFO - 	                     (22, 0.39330498213023474),
2026-08-20 00:24:38,846 - INFO - 	                     (23, 0.33690339633072314),
2026-08-20 00:24:38,847 - INFO - 	                     (24, 0.011779986096305413),
2026-08-20 00:24:38,847 - INFO - 	                     (25, 0.02113753123228561),
2026-08-20 00:24:38,847 - INFO - 	                     (26, 0.05106131717940818),
2026-08-20 00:24:38,847 - INFO - 	                     (27, 0.18772962394123893),
2026-08-20 00:24:38,847 - INFO - 	                     (28, 0.1014762737993714),
2026-08-20 00:24:38,847 - INFO - 	                     (29, 0.055257028173760984),
2026-08-20 00:24:38,847 - INFO - 	                     (30, 0.2315292389733768)],
2026-08-20 00:24:38,847 - INFO - 	 'micro_recall': [(1, 0.5709270502358553),
2026-08-20 00:24:38,847 - INFO - 	                  (2, 0.9901572378819066),
2026-08-20 00:24:38,847 - INFO - 	                  (3, 0.9704883853134897),
2026-08-20 00:24:38,847 - INFO - 	                  (4, 0.9864806826219131),
2026-08-20 00:24:38,847 - INFO - 	                  (5, 0.9931691651979125),
2026-08-20 00:24:38,847 - INFO - 	                  (6, 0.9931691651979125),
2026-08-20 00:24:38,847 - INFO - 	                  (7, 0.8478201830115658),
2026-08-20 00:24:38,847 - INFO - 	                  (8, 0.3557716992294903),
2026-08-20 00:24:38,847 - INFO - 	                  (9, 0.22218353072151334),
2026-08-20 00:24:38,847 - INFO - 	                  (10, 0.011572471465904736),
2026-08-20 00:24:38,847 - INFO - 	                  (11, 0.02420602313536863),
2026-08-20 00:24:38,847 - INFO - 	                  (12, 0.028789660022062333),
2026-08-20 00:24:38,848 - INFO - 	                  (13, 0.017185607654067465),
2026-08-20 00:24:38,848 - INFO - 	                  (14, 0.009362570452979455),
2026-08-20 00:24:38,848 - INFO - 	                  (15, 0.026357049344397383),
2026-08-20 00:24:38,848 - INFO - 	                  (16, 0.10000595178539391),
2026-08-20 00:24:38,848 - INFO - 	                  (17, 0.30340256116352615),
2026-08-20 00:24:38,848 - INFO - 	                  (18, 0.3852802891991338),
2026-08-20 00:24:38,848 - INFO - 	                  (19, 0.5117163836837627),
2026-08-20 00:24:38,848 - INFO - 	                  (20, 0.5170188314346963),
2026-08-20 00:24:38,848 - INFO - 	                  (21, 0.36789881326543644),
2026-08-20 00:24:38,848 - INFO - 	                  (22, 0.39330498213023474),
2026-08-20 00:24:38,848 - INFO - 	                  (23, 0.33690339633072314),
2026-08-20 00:24:38,848 - INFO - 	                  (24, 0.011779986096305413),
2026-08-20 00:24:38,848 - INFO - 	                  (25, 0.02113753123228561),
2026-08-20 00:24:38,848 - INFO - 	                  (26, 0.05106131717940818),
2026-08-20 00:24:38,848 - INFO - 	                  (27, 0.18772962394123893),
2026-08-20 00:24:38,848 - INFO - 	                  (28, 0.1014762737993714),
2026-08-20 00:24:38,848 - INFO - 	                  (29, 0.055257028173760984),
2026-08-20 00:24:38,849 - INFO - 	                  (30, 0.2315292389733768)],
2026-08-20 00:24:38,849 - INFO - 	 'weighted_f1': [(1, 0.7231365293335555),
2026-08-20 00:24:38,849 - INFO - 	                 (2, 0.9882585951736736),
2026-08-20 00:24:38,849 - INFO - 	                 (3, 0.9782948799469807),
2026-08-20 00:24:38,849 - INFO - 	                 (4, 0.986409990909483),
2026-08-20 00:24:38,849 - INFO - 	                 (5, 0.9897654528505363),
2026-08-20 00:24:38,849 - INFO - 	                 (6, 0.9897654528505363),
2026-08-20 00:24:38,849 - INFO - 	                 (7, 0.9117396401878903),
2026-08-20 00:24:38,849 - INFO - 	                 (8, 0.5233306825619175),
2026-08-20 00:24:38,849 - INFO - 	                 (9, 0.36278980702715513),
2026-08-20 00:24:38,849 - INFO - 	                 (10, 0.02253064223108997),
2026-08-20 00:24:38,849 - INFO - 	                 (11, 0.04692104212272981),
2026-08-20 00:24:38,849 - INFO - 	                 (12, 0.05562101180639404),
2026-08-20 00:24:38,849 - INFO - 	                 (13, 0.033442711844485815),
2026-08-20 00:24:38,849 - INFO - 	                 (14, 0.01819713885490177),
2026-08-20 00:24:38,849 - INFO - 	                 (15, 0.05097336108101203),
2026-08-20 00:24:38,850 - INFO - 	                 (16, 0.18114224570334778),
2026-08-20 00:24:38,850 - INFO - 	                 (17, 0.4637382983451333),
2026-08-20 00:24:38,850 - INFO - 	                 (18, 0.5538203502233062),
2026-08-20 00:24:38,850 - INFO - 	                 (19, 0.6736856167764741),
2026-08-20 00:24:38,850 - INFO - 	                 (20, 0.6782753195964282),
2026-08-20 00:24:38,850 - INFO - 	                 (21, 0.5355898037300624),
2026-08-20 00:24:38,850 - INFO - 	                 (22, 0.5619427025141109),
2026-08-20 00:24:38,850 - INFO - 	                 (23, 0.5019805068324505),
2026-08-20 00:24:38,850 - INFO - 	                 (24, 0.022931052954919814),
2026-08-20 00:24:38,850 - INFO - 	                 (25, 0.04100297226934327),
2026-08-20 00:24:38,850 - INFO - 	                 (26, 0.09665558047441832),
2026-08-20 00:24:38,850 - INFO - 	                 (27, 0.3149604531559299),
2026-08-20 00:24:38,850 - INFO - 	                 (28, 0.1835550141948748),
2026-08-20 00:24:38,850 - INFO - 	                 (29, 0.10420965078632341),
2026-08-20 00:24:38,850 - INFO - 	                 (30, 0.3745792142362556)],
2026-08-20 00:24:38,850 - INFO - 	 'weighted_precision': [(1, 0.987412035122313),
2026-08-20 00:24:38,851 - INFO - 	                        (2, 0.986454937645351),
2026-08-20 00:24:38,851 - INFO - 	                        (3, 0.9862279820487386),
2026-08-20 00:24:38,851 - INFO - 	                        (4, 0.9863393093279357),
2026-08-20 00:24:38,851 - INFO - 	                        (5, 0.9863849906999185),
2026-08-20 00:24:38,851 - INFO - 	                        (6, 0.9863849906999185),
2026-08-20 00:24:38,851 - INFO - 	                        (7, 0.9860967294222678),
2026-08-20 00:24:38,851 - INFO - 	                        (8, 0.9904297032247227),
2026-08-20 00:24:38,851 - INFO - 	                        (9, 0.9916188197912279),
2026-08-20 00:24:38,851 - INFO - 	                        (10, 0.9931505144268344),
2026-08-20 00:24:38,851 - INFO - 	                        (11, 0.9931475406420022),
2026-08-20 00:24:38,851 - INFO - 	                        (12, 0.9930774399821579),
2026-08-20 00:24:38,851 - INFO - 	                        (13, 0.9931594620217575),
2026-08-20 00:24:38,851 - INFO - 	                        (14, 0.970593109406672),
2026-08-20 00:24:38,851 - INFO - 	                        (15, 0.963086092429754),
2026-08-20 00:24:38,851 - INFO - 	                        (16, 0.9765147363415008),
2026-08-20 00:24:38,851 - INFO - 	                        (17, 0.9850160529312422),
2026-08-20 00:24:38,851 - INFO - 	                        (18, 0.9854094798274824),
2026-08-20 00:24:38,851 - INFO - 	                        (19, 0.9859987706368399),
2026-08-20 00:24:38,852 - INFO - 	                        (20, 0.9860675369938031),
2026-08-20 00:24:38,852 - INFO - 	                        (21, 0.985217081898571),
2026-08-20 00:24:38,852 - INFO - 	                        (22, 0.9846152006445075),
2026-08-20 00:24:38,852 - INFO - 	                        (23, 0.9855023052331404),
2026-08-20 00:24:38,852 - INFO - 	                        (24, 0.9741203203913714),
2026-08-20 00:24:38,852 - INFO - 	                        (25, 0.9362079292851364),
2026-08-20 00:24:38,852 - INFO - 	                        (26, 0.9610570181540685),
2026-08-20 00:24:38,852 - INFO - 	                        (27, 0.9813942344481653),
2026-08-20 00:24:38,852 - INFO - 	                        (28, 0.9738230084182854),
2026-08-20 00:24:38,852 - INFO - 	                        (29, 0.9625029303676113),
2026-08-20 00:24:38,852 - INFO - 	                        (30, 0.9828669029091931)],
2026-08-20 00:24:38,852 - INFO - 	 'weighted_recall': [(1, 0.5709270502358553),
2026-08-20 00:24:38,852 - INFO - 	                     (2, 0.9901572378819066),
2026-08-20 00:24:38,852 - INFO - 	                     (3, 0.9704883853134897),
2026-08-20 00:24:38,852 - INFO - 	                     (4, 0.9864806826219131),
2026-08-20 00:24:38,852 - INFO - 	                     (5, 0.9931691651979125),
2026-08-20 00:24:38,852 - INFO - 	                     (6, 0.9931691651979125),
2026-08-20 00:24:38,852 - INFO - 	                     (7, 0.8478201830115658),
2026-08-20 00:24:38,853 - INFO - 	                     (8, 0.3557716992294903),
2026-08-20 00:24:38,853 - INFO - 	                     (9, 0.22218353072151334),
2026-08-20 00:24:38,853 - INFO - 	                     (10, 0.011572471465904736),
2026-08-20 00:24:38,853 - INFO - 	                     (11, 0.02420602313536863),
2026-08-20 00:24:38,853 - INFO - 	                     (12, 0.028789660022062333),
2026-08-20 00:24:38,853 - INFO - 	                     (13, 0.017185607654067465),
2026-08-20 00:24:38,853 - INFO - 	                     (14, 0.009362570452979455),
2026-08-20 00:24:38,853 - INFO - 	                     (15, 0.026357049344397383),
2026-08-20 00:24:38,853 - INFO - 	                     (16, 0.10000595178539391),
2026-08-20 00:24:38,853 - INFO - 	                     (17, 0.30340256116352615),
2026-08-20 00:24:38,853 - INFO - 	                     (18, 0.3852802891991338),
2026-08-20 00:24:38,853 - INFO - 	                     (19, 0.5117163836837627),
2026-08-20 00:24:38,853 - INFO - 	                     (20, 0.5170188314346963),
2026-08-20 00:24:38,853 - INFO - 	                     (21, 0.36789881326543644),
2026-08-20 00:24:38,853 - INFO - 	                     (22, 0.39330498213023474),
2026-08-20 00:24:38,853 - INFO - 	                     (23, 0.33690339633072314),
2026-08-20 00:24:38,853 - INFO - 	                     (24, 0.011779986096305413),
2026-08-20 00:24:38,853 - INFO - 	                     (25, 0.02113753123228561),
2026-08-20 00:24:38,854 - INFO - 	                     (26, 0.05106131717940818),
2026-08-20 00:24:38,854 - INFO - 	                     (27, 0.18772962394123893),
2026-08-20 00:24:38,854 - INFO - 	                     (28, 0.1014762737993714),
2026-08-20 00:24:38,854 - INFO - 	                     (29, 0.055257028173760984),
2026-08-20 00:24:38,854 - INFO - 	                     (30, 0.2315292389733768)]}
2026-08-20 00:24:38,854 - INFO - 
2026-08-20 00:24:38,858 - INFO - Nap global test: /kaggle/input/datasets/tongxuanvu/100clientiov/global_test_data.pt
2026-08-20 00:24:40,659 - INFO - Global test goc: n=42048683
2026-08-20 00:24:42,356 - INFO - Task 3: loc ve lop 0-10 -> n=41995397
2026-08-20 00:24:42,356 - INFO - Danh gia moi round tren n=41995397 mau (dtype=float16)
2026-08-20 00:24:42,401 - INFO - ===== Task 3: 80 client, 30 round =====
2026-08-20 00:24:42,401 - WARNING - DEPRECATED FEATURE: flwr.simulation.start_simulation() is deprecated.
	Instead, use the `flwr run` CLI command to start a local simulation in your Flower app, as shown for example below:

		$ flwr new  # Create a new Flower app from a template

		$ flwr run  # Run the Flower app in Simulation Mode

	Using `start_simulation()` is deprecated.

            This is a deprecated feature. It will be removed
            entirely in future versions of Flower.
        
2026-08-20 00:24:42,402 - INFO - Starting Flower simulation, config: num_rounds=30, no round_timeout
2026-08-20 00:24:52,449 - INFO - Flower VCE: Ray initialized with resources: {'GPU': 2.0, 'node:172.19.2.2': 1.0, 'object_store_memory': 8082903859.0, 'CPU': 4.0, 'memory': 18860109005.0, 'node:__internal_head__': 1.0, 'accelerator_type:T4': 1.0}
2026-08-20 00:24:52,449 - INFO - Optimize your simulation with Flower VCE: https://flower.ai/docs/framework/how-to-run-simulations.html
2026-08-20 00:24:52,449 - INFO - Flower VCE: Resources for each Virtual Client: {'num_cpus': 1.0, 'num_gpus': 0.5}
2026-08-20 00:24:52,467 - INFO - Flower VCE: Creating VirtualClientEngineActorPool with 4 actors
2026-08-20 00:24:52,469 - INFO - [INIT]
2026-08-20 00:24:52,469 - INFO - Using initial global parameters provided by strategy
2026-08-20 00:24:52,469 - INFO - Starting evaluation of initial global parameters
2026-08-20 00:24:52,472 - INFO - Evaluation returned no results (`None`)
2026-08-20 00:24:52,473 - INFO - 
2026-08-20 00:24:52,473 - INFO - [ROUND 1]
2026-08-20 00:24:52,473 - INFO - configure_fit: strategy sampled 80 clients (out of 80)
2026-08-20 00:25:10,009 - INFO - aggregate_fit: received 80 results and 0 failures
2026-08-20 00:25:10,133 - WARNING - No fit_metrics_aggregation_fn provided
2026-08-20 00:25:10,134 - INFO - Eq.9 p(y) tu client: 0.000 0.000 0.000 0.000 0.000 0.000 0.000 0.000 0.000 0.282 0.718 0.000 0.000
2026-08-20 00:25:28,237 - INFO - [Round 1] data-free KD 30 vong: gen_loss=22.5171 stu_loss=13.7559 (CE 13.3492)
2026-08-20 00:25:28,284 - INFO - [Round 91] luu checkpoint -> out_10shot/checkpoints/round_091.pth
2026-08-20 00:33:14,171 - INFO - [Round 91] loss=1.5653 acc=0.3734 | micro P/R/F1=0.3734/0.3734/0.3734 | macro P/R/F1=0.0903/0.1076/0.0496 | weighted P/R/F1=0.9857/0.3734/0.5414
2026-08-20 00:33:14,172 - INFO - fit progress: (1, 1.5653230317520488, {'accuracy': 0.3733651809506647, 'micro_precision': 0.3733651809506647, 'micro_recall': 0.3733651809506647, 'micro_f1': 0.3733651809506647, 'macro_precision': 0.09026290122440807, 'macro_recall': 0.10760455541776097, 'macro_f1': 0.04961123422444805, 'weighted_precision': 0.9856929282125341, 'weighted_recall': 0.3733651809506647, 'weighted_f1': 0.5414348674599987}, 501.6993899909976)
2026-08-20 00:33:14,172 - INFO - configure_evaluate: no clients selected, skipping evaluation
2026-08-20 00:33:14,172 - INFO - 
2026-08-20 00:33:14,172 - INFO - [ROUND 2]
2026-08-20 00:33:14,173 - INFO - configure_fit: strategy sampled 80 clients (out of 80)
2026-08-20 00:33:15,837 - INFO - aggregate_fit: received 80 results and 0 failures
2026-08-20 00:33:15,966 - INFO - [Round 2] 80/80 client tiep tuc model cuc bo (Algorithm 1 dong 10)
2026-08-20 00:33:34,061 - INFO - [Round 2] data-free KD 30 vong: gen_loss=17.1167 stu_loss=8.1270 (CE 7.6626)
2026-08-20 00:33:34,106 - INFO - [Round 92] luu checkpoint -> out_10shot/checkpoints/round_092.pth
2026-08-20 00:41:19,102 - INFO - [Round 92] loss=1.5121 acc=0.0927 | micro P/R/F1=0.0927/0.0927/0.0927 | macro P/R/F1=0.0891/0.0960/0.0155 | weighted P/R/F1=0.9729/0.0927/0.1689
2026-08-20 00:41:19,104 - INFO - fit progress: (2, 1.5120979143005224, {'accuracy': 0.09266201245817487, 'micro_precision': 0.09266201245817487, 'micro_recall': 0.09266201245817487, 'micro_f1': 0.09266201245817487, 'macro_precision': 0.0890900848211149, 'macro_recall': 0.09595750661288477, 'macro_f1': 0.015499852142636612, 'weighted_precision': 0.9729221894113022, 'weighted_recall': 0.09266201245817487, 'weighted_f1': 0.16892302092128347}, 986.6311833439977)
2026-08-20 00:41:19,104 - INFO - configure_evaluate: no clients selected, skipping evaluation
2026-08-20 00:41:19,104 - INFO - 
2026-08-20 00:41:19,104 - INFO - [ROUND 3]
2026-08-20 00:41:19,104 - INFO - configure_fit: strategy sampled 80 clients (out of 80)
2026-08-20 00:41:20,705 - INFO - aggregate_fit: received 80 results and 0 failures
2026-08-20 00:41:20,831 - INFO - [Round 3] 80/80 client tiep tuc model cuc bo (Algorithm 1 dong 10)
2026-08-20 00:41:38,866 - INFO - [Round 3] data-free KD 30 vong: gen_loss=16.3590 stu_loss=6.0954 (CE 5.0012)
2026-08-20 00:41:38,912 - INFO - [Round 93] luu checkpoint -> out_10shot/checkpoints/round_093.pth
2026-08-20 00:49:24,792 - INFO - [Round 93] loss=1.2678 acc=0.1576 | micro P/R/F1=0.1576/0.1576/0.1576 | macro P/R/F1=0.0900/0.0906/0.0249 | weighted P/R/F1=0.9833/0.1576/0.2714
2026-08-20 00:49:24,793 - INFO - fit progress: (3, 1.267848377586818, {'accuracy': 0.15757926993760768, 'micro_precision': 0.15757926993760768, 'micro_recall': 0.15757926993760768, 'micro_f1': 0.15757926993760768, 'macro_precision': 0.09003865350904226, 'macro_recall': 0.09063500441825346, 'macro_f1': 0.024880678881771624, 'weighted_precision': 0.983292685330039, 'weighted_recall': 0.15757926993760768, 'weighted_f1': 0.27140671319916787}, 1472.3208037139993)
2026-08-20 00:49:24,794 - INFO - configure_evaluate: no clients selected, skipping evaluation
2026-08-20 00:49:24,794 - INFO - 
2026-08-20 00:49:24,794 - INFO - [ROUND 4]
2026-08-20 00:49:24,794 - INFO - configure_fit: strategy sampled 80 clients (out of 80)
2026-08-20 00:49:26,355 - INFO - aggregate_fit: received 80 results and 0 failures
2026-08-20 00:49:26,483 - INFO - [Round 4] 80/80 client tiep tuc model cuc bo (Algorithm 1 dong 10)
2026-08-20 00:49:44,204 - INFO - [Round 4] data-free KD 30 vong: gen_loss=15.3867 stu_loss=5.0503 (CE 3.5287)
2026-08-20 00:49:44,249 - INFO - [Round 94] luu checkpoint -> out_10shot/checkpoints/round_094.pth
2026-08-20 00:57:21,110 - INFO - [Round 94] loss=1.5846 acc=0.1151 | micro P/R/F1=0.1151/0.1151/0.1151 | macro P/R/F1=0.0900/0.0868/0.0189 | weighted P/R/F1=0.9828/0.1151/0.2058
2026-08-20 00:57:21,111 - INFO - fit progress: (4, 1.5845963230693931, {'accuracy': 0.11505622866239364, 'micro_precision': 0.11505622866239364, 'micro_recall': 0.11505622866239364, 'micro_f1': 0.11505622866239364, 'macro_precision': 0.08999588678962221, 'macro_recall': 0.08679060869149079, 'macro_f1': 0.018868997954789794, 'weighted_precision': 0.9828333486250456, 'weighted_recall': 0.11505622866239364, 'weighted_f1': 0.2057580237265493}, 1948.6387254509973)
2026-08-20 00:57:21,111 - INFO - configure_evaluate: no clients selected, skipping evaluation
2026-08-20 00:57:21,112 - INFO - 
2026-08-20 00:57:21,112 - INFO - [ROUND 5]
2026-08-20 00:57:21,112 - INFO - configure_fit: strategy sampled 80 clients (out of 80)
2026-08-20 00:57:22,620 - INFO - aggregate_fit: received 80 results and 0 failures
2026-08-20 00:57:22,749 - INFO - [Round 5] 80/80 client tiep tuc model cuc bo (Algorithm 1 dong 10)
2026-08-20 00:57:40,427 - INFO - [Round 5] data-free KD 30 vong: gen_loss=16.0706 stu_loss=4.5623 (CE 3.0363)
2026-08-20 00:57:40,471 - INFO - [Round 95] luu checkpoint -> out_10shot/checkpoints/round_095.pth
2026-08-20 01:05:14,082 - INFO - [Round 95] loss=1.4248 acc=0.6531 | micro P/R/F1=0.6531/0.6531/0.6531 | macro P/R/F1=0.0904/0.0827/0.0725 | weighted P/R/F1=0.9843/0.6531/0.7849
2026-08-20 01:05:16,986 - INFO - Luu out_10shot/confusion_matrix_task3.csv
2026-08-20 01:05:16,986 - INFO - Luu out_10shot/confusion_matrix_task3_normalized.csv
2026-08-20 01:05:26,665 - INFO - Luu out_10shot/classification_report_task3.txt
                 precision    recall  f1-score   support

         Benign     0.9912    0.6572    0.7904  41700592
            DoS     0.0035    0.1216    0.0068    145129
         double     0.0000    0.0000    0.0000     12413
  force-neutral     0.0000    0.0000    0.0000      5744
        fuzzing     0.0000    0.0000    0.0000     67321
       interval     0.0000    0.0000    0.0000     40542
            rpm     0.0000    0.0000    0.0000      5043
  rpm-accessory     0.0000    0.0000    0.0000      3146
          speed     0.0001    0.1312    0.0002      7471
speed-accessory     0.0000    0.0000    0.0000      2257
     standstill     0.0000    0.0000    0.0000      5739

       accuracy                         0.6531  41995397
      macro avg     0.0904    0.0827    0.0725  41995397
   weighted avg     0.9843    0.6531    0.7849  41995397

2026-08-20 01:05:27,088 - INFO - Luu out_10shot/confusion_matrix_task3.png
2026-08-20 01:05:27,089 - INFO - fit progress: (5, 1.4247579360536096, {'accuracy': 0.6530526428884575, 'micro_precision': 0.6530526428884575, 'micro_recall': 0.6530526428884575, 'micro_f1': 0.6530526428884575, 'macro_precision': 0.09044197013405395, 'macro_recall': 0.0827277846888592, 'macro_f1': 0.07249354341657427, 'weighted_precision': 0.9842987782904391, 'weighted_recall': 0.6530526428884577, 'weighted_f1': 0.7848682157479077}, 2434.6166992679973)
2026-08-20 01:05:27,089 - INFO - configure_evaluate: no clients selected, skipping evaluation
2026-08-20 01:05:27,090 - INFO - 
2026-08-20 01:05:27,090 - INFO - [ROUND 6]
2026-08-20 01:05:27,090 - INFO - configure_fit: strategy sampled 80 clients (out of 80)
2026-08-20 01:05:28,615 - INFO - aggregate_fit: received 80 results and 0 failures
2026-08-20 01:05:28,739 - INFO - [Round 6] 80/80 client tiep tuc model cuc bo (Algorithm 1 dong 10)
2026-08-20 01:05:46,116 - INFO - [Round 6] data-free KD 30 vong: gen_loss=17.1225 stu_loss=4.4184 (CE 2.8496)
2026-08-20 01:05:46,167 - INFO - [Round 96] luu checkpoint -> out_10shot/checkpoints/round_096.pth
2026-08-20 01:13:18,049 - INFO - [Round 96] loss=1.2892 acc=0.1348 | micro P/R/F1=0.1348/0.1348/0.1348 | macro P/R/F1=0.0910/0.0975/0.0219 | weighted P/R/F1=0.9903/0.1348/0.2323
2026-08-20 01:13:18,051 - INFO - fit progress: (6, 1.2891690293533167, {'accuracy': 0.13480536926463632, 'micro_precision': 0.13480536926463632, 'micro_recall': 0.13480536926463632, 'micro_f1': 0.13480536926463632, 'macro_precision': 0.09100603038301464, 'macro_recall': 0.09746868758049275, 'macro_f1': 0.021946552271972272, 'weighted_precision': 0.9903087258549493, 'weighted_recall': 0.13480536926463632, 'weighted_f1': 0.2322868134844464}, 2905.5781891749975)
2026-08-20 01:13:18,051 - INFO - configure_evaluate: no clients selected, skipping evaluation
2026-08-20 01:13:18,051 - INFO - 
2026-08-20 01:13:18,051 - INFO - [ROUND 7]
2026-08-20 01:13:18,051 - INFO - configure_fit: strategy sampled 80 clients (out of 80)
2026-08-20 01:13:19,598 - INFO - aggregate_fit: received 80 results and 0 failures
2026-08-20 01:13:19,720 - INFO - [Round 7] 80/80 client tiep tuc model cuc bo (Algorithm 1 dong 10)
2026-08-20 01:13:37,293 - INFO - [Round 7] data-free KD 30 vong: gen_loss=18.0256 stu_loss=4.1848 (CE 2.6768)
2026-08-20 01:13:37,338 - INFO - [Round 97] luu checkpoint -> out_10shot/checkpoints/round_097.pth
2026-08-20 01:21:06,519 - INFO - [Round 97] loss=1.3469 acc=0.0339 | micro P/R/F1=0.0339/0.0339/0.0339 | macro P/R/F1=0.0912/0.0937/0.0061 | weighted P/R/F1=0.9930/0.0339/0.0592
2026-08-20 01:21:06,520 - INFO - fit progress: (7, 1.3469359909256853, {'accuracy': 0.033949935036927975, 'micro_precision': 0.033949935036927975, 'micro_recall': 0.033949935036927975, 'micro_f1': 0.033949935036927975, 'macro_precision': 0.09123058369093512, 'macro_recall': 0.09370088035724246, 'macro_f1': 0.006063007968345521, 'weighted_precision': 0.9929644689670968, 'weighted_recall': 0.033949935036927975, 'weighted_f1': 0.059195582352621505}, 3374.047818240997)
2026-08-20 01:21:06,521 - INFO - configure_evaluate: no clients selected, skipping evaluation
2026-08-20 01:21:06,521 - INFO - 
2026-08-20 01:21:06,521 - INFO - [ROUND 8]
2026-08-20 01:21:06,521 - INFO - configure_fit: strategy sampled 80 clients (out of 80)
2026-08-20 01:21:08,071 - INFO - aggregate_fit: received 80 results and 0 failures
2026-08-20 01:21:08,198 - INFO - [Round 8] 80/80 client tiep tuc model cuc bo (Algorithm 1 dong 10)
2026-08-20 01:21:25,621 - INFO - [Round 8] data-free KD 30 vong: gen_loss=19.0428 stu_loss=3.8150 (CE 2.4336)
2026-08-20 01:21:25,665 - INFO - [Round 98] luu checkpoint -> out_10shot/checkpoints/round_098.pth
2026-08-20 01:28:54,817 - INFO - [Round 98] loss=1.3384 acc=0.0035 | micro P/R/F1=0.0035/0.0035/0.0035 | macro P/R/F1=0.0003/0.0909/0.0006 | weighted P/R/F1=0.0000/0.0035/0.0000
2026-08-20 01:28:54,818 - INFO - fit progress: (8, 1.3383712744603538, {'accuracy': 0.0034558311235871873, 'micro_precision': 0.0034558311235871873, 'micro_recall': 0.0034558311235871873, 'micro_f1': 0.0034558311235871873, 'macro_precision': 0.0003141664657806534, 'macro_recall': 0.09090909090909091, 'macro_f1': 0.000626168997251978, 'weighted_precision': 1.1942768754753882e-05, 'weighted_recall': 0.0034558311235871873, 'weighted_f1': 2.3803277402616424e-05}, 3842.3457376240003)
2026-08-20 01:28:54,819 - INFO - configure_evaluate: no clients selected, skipping evaluation
2026-08-20 01:28:54,819 - INFO - 
2026-08-20 01:28:54,819 - INFO - [ROUND 9]
2026-08-20 01:28:54,819 - INFO - configure_fit: strategy sampled 80 clients (out of 80)
2026-08-20 01:28:56,286 - INFO - aggregate_fit: received 80 results and 0 failures
2026-08-20 01:28:56,412 - INFO - [Round 9] 80/80 client tiep tuc model cuc bo (Algorithm 1 dong 10)
2026-08-20 01:29:14,129 - INFO - [Round 9] data-free KD 30 vong: gen_loss=20.6417 stu_loss=3.5122 (CE 2.1274)
2026-08-20 01:29:14,174 - INFO - [Round 99] luu checkpoint -> out_10shot/checkpoints/round_099.pth
2026-08-20 01:36:44,297 - INFO - [Round 99] loss=1.3679 acc=0.0035 | micro P/R/F1=0.0035/0.0035/0.0035 | macro P/R/F1=0.0003/0.0909/0.0006 | weighted P/R/F1=0.0000/0.0035/0.0000
2026-08-20 01:36:44,299 - INFO - fit progress: (9, 1.367871851301607, {'accuracy': 0.0034558311235871873, 'micro_precision': 0.0034558311235871873, 'micro_recall': 0.0034558311235871873, 'micro_f1': 0.0034558311235871873, 'macro_precision': 0.0003141664657806534, 'macro_recall': 0.09090909090909091, 'macro_f1': 0.000626168997251978, 'weighted_precision': 1.1942768754753882e-05, 'weighted_recall': 0.0034558311235871873, 'weighted_f1': 2.3803277402616424e-05}, 4311.826084195996)
2026-08-20 01:36:44,299 - INFO - configure_evaluate: no clients selected, skipping evaluation
2026-08-20 01:36:44,299 - INFO - 
2026-08-20 01:36:44,299 - INFO - [ROUND 10]
2026-08-20 01:36:44,299 - INFO - configure_fit: strategy sampled 80 clients (out of 80)
2026-08-20 01:36:45,769 - INFO - aggregate_fit: received 80 results and 0 failures
2026-08-20 01:36:45,891 - INFO - [Round 10] 80/80 client tiep tuc model cuc bo (Algorithm 1 dong 10)
2026-08-20 01:37:03,565 - INFO - [Round 10] data-free KD 30 vong: gen_loss=22.0738 stu_loss=3.0366 (CE 1.7386)
2026-08-20 01:37:03,612 - INFO - [Round 100] luu checkpoint -> out_10shot/checkpoints/round_100.pth
2026-08-20 01:44:35,563 - INFO - [Round 100] loss=1.4694 acc=0.0035 | micro P/R/F1=0.0035/0.0035/0.0035 | macro P/R/F1=0.0003/0.0909/0.0006 | weighted P/R/F1=0.0000/0.0035/0.0000
2026-08-20 01:44:38,269 - INFO - Luu out_10shot/confusion_matrix_task3.csv
2026-08-20 01:44:38,269 - INFO - Luu out_10shot/confusion_matrix_task3_normalized.csv
2026-08-20 01:44:45,312 - INFO - Luu out_10shot/classification_report_task3.txt
                 precision    recall  f1-score   support

         Benign     0.0000    0.0000    0.0000  41700592
            DoS     0.0035    1.0000    0.0069    145129
         double     0.0000    0.0000    0.0000     12413
  force-neutral     0.0000    0.0000    0.0000      5744
        fuzzing     0.0000    0.0000    0.0000     67321
       interval     0.0000    0.0000    0.0000     40542
            rpm     0.0000    0.0000    0.0000      5043
  rpm-accessory     0.0000    0.0000    0.0000      3146
          speed     0.0000    0.0000    0.0000      7471
speed-accessory     0.0000    0.0000    0.0000      2257
     standstill     0.0000    0.0000    0.0000      5739

       accuracy                         0.0035  41995397
      macro avg     0.0003    0.0909    0.0006  41995397
   weighted avg     0.0000    0.0035    0.0000  41995397

2026-08-20 01:44:45,732 - INFO - Luu out_10shot/confusion_matrix_task3.png
2026-08-20 01:44:45,733 - INFO - fit progress: (10, 1.4694475788471584, {'accuracy': 0.0034558311235871873, 'micro_precision': 0.0034558311235871873, 'micro_recall': 0.0034558311235871873, 'micro_f1': 0.0034558311235871873, 'macro_precision': 0.0003141664657806534, 'macro_recall': 0.09090909090909091, 'macro_f1': 0.000626168997251978, 'weighted_precision': 1.1942768754753882e-05, 'weighted_recall': 0.0034558311235871873, 'weighted_f1': 2.3803277402616424e-05}, 4793.260088847001)
2026-08-20 01:44:45,733 - INFO - configure_evaluate: no clients selected, skipping evaluation
2026-08-20 01:44:45,733 - INFO - 
2026-08-20 01:44:45,733 - INFO - [ROUND 11]
2026-08-20 01:44:45,733 - INFO - configure_fit: strategy sampled 80 clients (out of 80)
2026-08-20 01:44:47,285 - INFO - aggregate_fit: received 80 results and 0 failures
2026-08-20 01:44:47,412 - INFO - [Round 11] 80/80 client tiep tuc model cuc bo (Algorithm 1 dong 10)
2026-08-20 01:45:04,960 - INFO - [Round 11] data-free KD 30 vong: gen_loss=23.3724 stu_loss=2.5617 (CE 1.3042)
2026-08-20 01:45:05,003 - INFO - [Round 101] luu checkpoint -> out_10shot/checkpoints/round_101.pth
2026-08-20 01:52:39,381 - INFO - [Round 101] loss=1.6023 acc=0.0035 | micro P/R/F1=0.0035/0.0035/0.0035 | macro P/R/F1=0.0003/0.0909/0.0007 | weighted P/R/F1=0.0000/0.0035/0.0000
2026-08-20 01:52:39,383 - INFO - fit progress: (11, 1.6023338873142454, {'accuracy': 0.0034558311235871873, 'micro_precision': 0.0034558311235871873, 'micro_recall': 0.0034558311235871873, 'micro_f1': 0.0034558311235871873, 'macro_precision': 0.00033261971973328435, 'macro_recall': 0.09090909090909091, 'macro_f1': 0.0006628143232079417, 'weighted_precision': 1.2644253377504446e-05, 'weighted_recall': 0.0034558311235871873, 'weighted_f1': 2.5196318040315205e-05}, 5266.910099511999)
2026-08-20 01:52:39,383 - INFO - configure_evaluate: no clients selected, skipping evaluation
2026-08-20 01:52:39,383 - INFO - 
2026-08-20 01:52:39,383 - INFO - [ROUND 12]
2026-08-20 01:52:39,383 - INFO - configure_fit: strategy sampled 80 clients (out of 80)
2026-08-20 01:52:40,874 - INFO - aggregate_fit: received 80 results and 0 failures
2026-08-20 01:52:40,999 - INFO - [Round 12] 80/80 client tiep tuc model cuc bo (Algorithm 1 dong 10)
2026-08-20 01:52:59,050 - INFO - [Round 12] data-free KD 30 vong: gen_loss=24.7763 stu_loss=2.1435 (CE 0.9052)
2026-08-20 01:52:59,096 - INFO - [Round 102] luu checkpoint -> out_10shot/checkpoints/round_102.pth
2026-08-20 02:00:40,930 - INFO - [Round 102] loss=1.7657 acc=0.0001 | micro P/R/F1=0.0001/0.0001/0.0001 | macro P/R/F1=0.0000/0.0909/0.0000 | weighted P/R/F1=0.0000/0.0001/0.0000
2026-08-20 02:00:40,931 - INFO - fit progress: (12, 1.76570974185294, {'accuracy': 0.00013665783419073286, 'micro_precision': 0.00013665783419073286, 'micro_recall': 0.00013665783419073286, 'micro_f1': 0.00013665783419073286, 'macro_precision': 1.2612395059692109e-05, 'macro_recall': 0.09090909090909091, 'macro_f1': 2.52212910096368e-05, 'weighted_precision': 1.8959408520969648e-08, 'weighted_recall': 0.00013665783419073286, 'weighted_f1': 3.791355705358284e-08}, 5748.458245170001)
2026-08-20 02:00:40,931 - INFO - configure_evaluate: no clients selected, skipping evaluation
2026-08-20 02:00:40,931 - INFO - 
2026-08-20 02:00:40,931 - INFO - [ROUND 13]
2026-08-20 02:00:40,932 - INFO - configure_fit: strategy sampled 80 clients (out of 80)
2026-08-20 02:00:42,389 - INFO - aggregate_fit: received 80 results and 0 failures
2026-08-20 02:00:42,513 - INFO - [Round 13] 80/80 client tiep tuc model cuc bo (Algorithm 1 dong 10)
2026-08-20 02:00:59,919 - INFO - [Round 13] data-free KD 30 vong: gen_loss=25.2654 stu_loss=1.8252 (CE 0.6181)
2026-08-20 02:00:59,964 - INFO - [Round 103] luu checkpoint -> out_10shot/checkpoints/round_103.pth
2026-08-20 02:08:31,013 - INFO - [Round 103] loss=1.6632 acc=0.0001 | micro P/R/F1=0.0001/0.0001/0.0001 | macro P/R/F1=0.0000/0.0909/0.0000 | weighted P/R/F1=0.0000/0.0001/0.0000
2026-08-20 02:08:31,014 - INFO - fit progress: (13, 1.663166884583961, {'accuracy': 0.00013665783419073286, 'micro_precision': 0.00013665783419073286, 'micro_recall': 0.00013665783419073286, 'micro_f1': 0.00013665783419073286, 'macro_precision': 1.2423439471884806e-05, 'macro_recall': 0.09090909090909091, 'macro_f1': 2.484348388706785e-05, 'weighted_precision': 1.8675363645701835e-08, 'weighted_recall': 0.00013665783419073286, 'weighted_f1': 3.7345623719349683e-08}, 6218.541581372996)
2026-08-20 02:08:31,014 - INFO - configure_evaluate: no clients selected, skipping evaluation
2026-08-20 02:08:31,014 - INFO - 
2026-08-20 02:08:31,014 - INFO - [ROUND 14]
2026-08-20 02:08:31,015 - INFO - configure_fit: strategy sampled 80 clients (out of 80)
2026-08-20 02:08:32,475 - INFO - aggregate_fit: received 80 results and 0 failures
2026-08-20 02:08:32,602 - INFO - [Round 14] 80/80 client tiep tuc model cuc bo (Algorithm 1 dong 10)
2026-08-20 02:08:50,089 - INFO - [Round 14] data-free KD 30 vong: gen_loss=26.9917 stu_loss=1.6490 (CE 0.4597)
2026-08-20 02:08:50,133 - INFO - [Round 104] luu checkpoint -> out_10shot/checkpoints/round_104.pth
2026-08-20 02:16:18,957 - INFO - [Round 104] loss=1.5530 acc=0.0010 | micro P/R/F1=0.0010/0.0010/0.0010 | macro P/R/F1=0.0909/0.0910/0.0002 | weighted P/R/F1=0.9927/0.0010/0.0018
2026-08-20 02:16:18,958 - INFO - fit progress: (14, 1.5530280767737696, {'accuracy': 0.0010462337098515822, 'micro_precision': 0.0010462337098515822, 'micro_recall': 0.0010462337098515822, 'micro_f1': 0.0010462337098515822, 'macro_precision': 0.09090011121348837, 'macro_recall': 0.0909923641982218, 'macro_f1': 0.00019126022803664708, 'weighted_precision': 0.9927461773537619, 'weighted_recall': 0.0010462337098515822, 'weighted_f1': 0.001817523909796176}, 6686.485530713999)
2026-08-20 02:16:18,958 - INFO - configure_evaluate: no clients selected, skipping evaluation
2026-08-20 02:16:18,959 - INFO - 
2026-08-20 02:16:18,959 - INFO - [ROUND 15]
2026-08-20 02:16:18,959 - INFO - configure_fit: strategy sampled 80 clients (out of 80)
2026-08-20 02:16:20,485 - INFO - aggregate_fit: received 80 results and 0 failures
2026-08-20 02:16:20,610 - INFO - [Round 15] 80/80 client tiep tuc model cuc bo (Algorithm 1 dong 10)
2026-08-20 02:16:38,114 - INFO - [Round 15] data-free KD 30 vong: gen_loss=27.8054 stu_loss=1.5481 (CE 0.4013)
2026-08-20 02:16:38,157 - INFO - [Round 105] luu checkpoint -> out_10shot/checkpoints/round_105.pth
2026-08-20 02:24:08,111 - INFO - [Round 105] loss=1.5207 acc=0.0052 | micro P/R/F1=0.0052/0.0052/0.0052 | macro P/R/F1=0.0909/0.0914/0.0009 | weighted P/R/F1=0.9928/0.0052/0.0100
2026-08-20 02:24:10,790 - INFO - Luu out_10shot/confusion_matrix_task3.csv
2026-08-20 02:24:10,790 - INFO - Luu out_10shot/confusion_matrix_task3_normalized.csv
2026-08-20 02:24:18,231 - INFO - Luu out_10shot/classification_report_task3.txt
                 precision    recall  f1-score   support

         Benign     0.9999    0.0051    0.0100  41700592
            DoS     0.0000    0.0000    0.0000    145129
         double     0.0000    0.0000    0.0000     12413
  force-neutral     0.0000    0.0000    0.0000      5744
        fuzzing     0.0000    0.0000    0.0000     67321
       interval     0.0000    0.0000    0.0000     40542
            rpm     0.0000    0.0000    0.0000      5043
  rpm-accessory     0.0000    0.0000    0.0000      3146
          speed     0.0000    0.0000    0.0000      7471
speed-accessory     0.0000    0.0000    0.0000      2257
     standstill     0.0001    1.0000    0.0003      5739

       accuracy                         0.0052  41995397
      macro avg     0.0909    0.0914    0.0009  41995397
   weighted avg     0.9928    0.0052    0.0100  41995397

2026-08-20 02:24:18,651 - INFO - Luu out_10shot/confusion_matrix_task3.png
2026-08-20 02:24:18,652 - INFO - fit progress: (15, 1.5207035038560284, {'accuracy': 0.005151278841345398, 'micro_precision': 0.005151278841345398, 'micro_recall': 0.005151278841345398, 'micro_f1': 0.005151278841345398, 'macro_precision': 0.09090905981291085, 'macro_recall': 0.0913681883809838, 'macro_f1': 0.0009385493527136157, 'weighted_precision': 0.9928433605888214, 'weighted_recall': 0.005151278841345398, 'weighted_f1': 0.009978878740055928}, 7166.179194535998)
2026-08-20 02:24:18,652 - INFO - configure_evaluate: no clients selected, skipping evaluation
2026-08-20 02:24:18,652 - INFO - 
2026-08-20 02:24:18,652 - INFO - [ROUND 16]
2026-08-20 02:24:18,652 - INFO - configure_fit: strategy sampled 80 clients (out of 80)
2026-08-20 02:24:20,107 - INFO - aggregate_fit: received 80 results and 0 failures
2026-08-20 02:24:20,230 - INFO - [Round 16] 80/80 client tiep tuc model cuc bo (Algorithm 1 dong 10)
2026-08-20 02:24:37,558 - INFO - [Round 16] data-free KD 30 vong: gen_loss=28.4964 stu_loss=1.4973 (CE 0.3893)
2026-08-20 02:24:37,602 - INFO - [Round 106] luu checkpoint -> out_10shot/checkpoints/round_106.pth
2026-08-20 02:32:11,865 - INFO - [Round 106] loss=1.3016 acc=0.4846 | micro P/R/F1=0.4846/0.4846/0.4846 | macro P/R/F1=0.0906/0.0833/0.0596 | weighted P/R/F1=0.9892/0.4846/0.6504
2026-08-20 02:32:11,866 - INFO - fit progress: (16, 1.3015572925573393, {'accuracy': 0.4845667490653797, 'micro_precision': 0.4845667490653797, 'micro_recall': 0.4845667490653797, 'micro_f1': 0.4845667490653797, 'macro_precision': 0.0905700364392633, 'macro_recall': 0.0832937357710105, 'macro_f1': 0.059568450756711314, 'weighted_precision': 0.9891635061410436, 'weighted_recall': 0.4845667490653797, 'weighted_f1': 0.6504269042300046}, 7639.393790689002)
2026-08-20 02:32:11,867 - INFO - configure_evaluate: no clients selected, skipping evaluation
2026-08-20 02:32:11,867 - INFO - 
2026-08-20 02:32:11,867 - INFO - [ROUND 17]
2026-08-20 02:32:11,867 - INFO - configure_fit: strategy sampled 80 clients (out of 80)
2026-08-20 02:32:13,343 - INFO - aggregate_fit: received 80 results and 0 failures
2026-08-20 02:32:13,468 - INFO - [Round 17] 80/80 client tiep tuc model cuc bo (Algorithm 1 dong 10)
2026-08-20 02:32:31,210 - INFO - [Round 17] data-free KD 30 vong: gen_loss=28.9972 stu_loss=1.4858 (CE 0.3937)
2026-08-20 02:32:31,255 - INFO - [Round 107] luu checkpoint -> out_10shot/checkpoints/round_107.pth
2026-08-20 02:40:02,647 - INFO - [Round 107] loss=1.1071 acc=0.7905 | micro P/R/F1=0.7905/0.7905/0.7905 | macro P/R/F1=0.0904/0.1048/0.0804 | weighted P/R/F1=0.9871/0.7905/0.8779
2026-08-20 02:40:02,648 - INFO - fit progress: (17, 1.107131510156196, {'accuracy': 0.7905339006558266, 'micro_precision': 0.7905339006558266, 'micro_recall': 0.7905339006558266, 'micro_f1': 0.7905339006558266, 'macro_precision': 0.09039558437482602, 'macro_recall': 0.10476431332604558, 'macro_f1': 0.0804203464666961, 'weighted_precision': 0.987129443028902, 'weighted_recall': 0.7905339006558265, 'weighted_f1': 0.8779307352321821}, 8110.1754566349955)
2026-08-20 02:40:02,648 - INFO - configure_evaluate: no clients selected, skipping evaluation
2026-08-20 02:40:02,648 - INFO - 
2026-08-20 02:40:02,649 - INFO - [ROUND 18]
2026-08-20 02:40:02,649 - INFO - configure_fit: strategy sampled 80 clients (out of 80)
2026-08-20 02:40:04,125 - INFO - aggregate_fit: received 80 results and 0 failures
2026-08-20 02:40:04,245 - INFO - [Round 18] 80/80 client tiep tuc model cuc bo (Algorithm 1 dong 10)
2026-08-20 02:40:21,702 - INFO - [Round 18] data-free KD 30 vong: gen_loss=28.9768 stu_loss=1.4342 (CE 0.3683)
2026-08-20 02:40:21,747 - INFO - [Round 108] luu checkpoint -> out_10shot/checkpoints/round_108.pth
2026-08-20 02:47:53,240 - INFO - [Round 108] loss=1.1090 acc=0.8136 | micro P/R/F1=0.8136/0.8136/0.8136 | macro P/R/F1=0.0904/0.0745/0.0817 | weighted P/R/F1=0.9870/0.8136/0.8919
2026-08-20 02:47:53,241 - INFO - fit progress: (18, 1.1090060748682364, {'accuracy': 0.8135844745080039, 'micro_precision': 0.8135844745080039, 'micro_recall': 0.8135844745080039, 'micro_f1': 0.8135844745080039, 'macro_precision': 0.09036023270384044, 'macro_recall': 0.07448510563111431, 'macro_f1': 0.0816582567123823, 'weighted_precision': 0.9869850061683423, 'weighted_recall': 0.8135844745080039, 'weighted_f1': 0.8919352307239166}, 8580.768441029995)
2026-08-20 02:47:53,241 - INFO - configure_evaluate: no clients selected, skipping evaluation
2026-08-20 02:47:53,241 - INFO - 
2026-08-20 02:47:53,241 - INFO - [ROUND 19]
2026-08-20 02:47:53,242 - INFO - configure_fit: strategy sampled 80 clients (out of 80)
2026-08-20 02:47:54,718 - INFO - aggregate_fit: received 80 results and 0 failures
2026-08-20 02:47:54,840 - INFO - [Round 19] 80/80 client tiep tuc model cuc bo (Algorithm 1 dong 10)
2026-08-20 02:48:12,222 - INFO - [Round 19] data-free KD 30 vong: gen_loss=29.5423 stu_loss=1.4346 (CE 0.3706)
2026-08-20 02:48:12,265 - INFO - [Round 109] luu checkpoint -> out_10shot/checkpoints/round_109.pth
2026-08-20 02:55:43,117 - INFO - [Round 109] loss=1.1968 acc=0.7147 | micro P/R/F1=0.7147/0.7147/0.7147 | macro P/R/F1=0.0904/0.1041/0.0759 | weighted P/R/F1=0.9867/0.7147/0.8289
2026-08-20 02:55:43,118 - INFO - fit progress: (19, 1.1968319128283544, {'accuracy': 0.7147232112128861, 'micro_precision': 0.7147232112128861, 'micro_recall': 0.7147232112128861, 'micro_f1': 0.7147232112128861, 'macro_precision': 0.09035150171317109, 'macro_recall': 0.10409571641629958, 'macro_f1': 0.07592987694719423, 'weighted_precision': 0.9866685038709131, 'weighted_recall': 0.7147232112128861, 'weighted_f1': 0.8289233550355418}, 9050.645887595001)
2026-08-20 02:55:43,119 - INFO - configure_evaluate: no clients selected, skipping evaluation
2026-08-20 02:55:43,119 - INFO - 
2026-08-20 02:55:43,119 - INFO - [ROUND 20]
2026-08-20 02:55:43,119 - INFO - configure_fit: strategy sampled 80 clients (out of 80)
2026-08-20 02:55:44,604 - INFO - aggregate_fit: received 80 results and 0 failures
2026-08-20 02:55:44,728 - INFO - [Round 20] 80/80 client tiep tuc model cuc bo (Algorithm 1 dong 10)
2026-08-20 02:56:02,436 - INFO - [Round 20] data-free KD 30 vong: gen_loss=30.7536 stu_loss=1.4231 (CE 0.3673)
2026-08-20 02:56:02,479 - INFO - [Round 110] luu checkpoint -> out_10shot/checkpoints/round_110.pth
2026-08-20 03:03:33,623 - INFO - [Round 110] loss=1.1415 acc=0.7418 | micro P/R/F1=0.7418/0.7418/0.7418 | macro P/R/F1=0.0904/0.1061/0.0776 | weighted P/R/F1=0.9869/0.7418/0.8470
2026-08-20 03:03:36,449 - INFO - Luu out_10shot/confusion_matrix_task3.csv
2026-08-20 03:03:36,450 - INFO - Luu out_10shot/confusion_matrix_task3_normalized.csv
2026-08-20 03:03:45,721 - INFO - Luu out_10shot/classification_report_task3.txt
                 precision    recall  f1-score   support

         Benign     0.9939    0.7470    0.8529  41700592
            DoS     0.0000    0.0000    0.0000    145129
         double     0.0000    0.0000    0.0000     12413
  force-neutral     0.0000    0.0000    0.0000      5744
        fuzzing     0.0000    0.0000    0.0000     67321
       interval     0.0000    0.0000    0.0000     40542
            rpm     0.0000    0.0000    0.0000      5043
  rpm-accessory     0.0000    0.0000    0.0000      3146
          speed     0.0000    0.0000    0.0000      7471
speed-accessory     0.0000    0.0000    0.0000      2257
     standstill     0.0002    0.4201    0.0005      5739

       accuracy                         0.7418  41995397
      macro avg     0.0904    0.1061    0.0776  41995397
   weighted avg     0.9869    0.7418    0.8470  41995397

2026-08-20 03:03:46,511 - INFO - Luu out_10shot/confusion_matrix_task3.png
2026-08-20 03:03:46,511 - INFO - fit progress: (20, 1.1414865842624071, {'accuracy': 0.741836897029453, 'micro_precision': 0.741836897029453, 'micro_recall': 0.741836897029453, 'micro_f1': 0.741836897029453, 'macro_precision': 0.09037138278969342, 'macro_recall': 0.10610287056482282, 'macro_f1': 0.07758182477155973, 'weighted_precision': 0.9868787198045195, 'weighted_recall': 0.7418368970294529, 'weighted_f1': 0.8469533552611326}, 9534.038915228)
2026-08-20 03:03:46,512 - INFO - configure_evaluate: no clients selected, skipping evaluation
2026-08-20 03:03:46,512 - INFO - 
2026-08-20 03:03:46,512 - INFO - [ROUND 21]
2026-08-20 03:03:46,512 - INFO - configure_fit: strategy sampled 80 clients (out of 80)
2026-08-20 03:03:48,003 - INFO - aggregate_fit: received 80 results and 0 failures
2026-08-20 03:03:48,124 - INFO - [Round 21] 80/80 client tiep tuc model cuc bo (Algorithm 1 dong 10)
2026-08-20 03:04:05,628 - INFO - [Round 21] data-free KD 30 vong: gen_loss=31.2596 stu_loss=1.4041 (CE 0.3641)
2026-08-20 03:04:05,670 - INFO - [Round 111] luu checkpoint -> out_10shot/checkpoints/round_111.pth
2026-08-20 03:11:36,440 - INFO - [Round 111] loss=1.0761 acc=0.7709 | micro P/R/F1=0.7709/0.7709/0.7709 | macro P/R/F1=0.0904/0.1073/0.0793 | weighted P/R/F1=0.9870/0.7709/0.8656
2026-08-20 03:11:36,441 - INFO - fit progress: (21, 1.0760966307370707, {'accuracy': 0.7708598635226618, 'micro_precision': 0.7708598635226618, 'micro_recall': 0.7708598635226618, 'micro_f1': 0.7708598635226618, 'macro_precision': 0.09038597743834374, 'macro_recall': 0.10730284193296556, 'macro_f1': 0.07929334278608961, 'weighted_precision': 0.9870220306596003, 'weighted_recall': 0.7708598635226618, 'weighted_f1': 0.8656157323842674}, 10003.968730723001)
2026-08-20 03:11:36,442 - INFO - configure_evaluate: no clients selected, skipping evaluation
2026-08-20 03:11:36,442 - INFO - 
2026-08-20 03:11:36,442 - INFO - [ROUND 22]
2026-08-20 03:11:36,442 - INFO - configure_fit: strategy sampled 80 clients (out of 80)
2026-08-20 03:11:37,929 - INFO - aggregate_fit: received 80 results and 0 failures
2026-08-20 03:11:38,049 - INFO - [Round 22] 80/80 client tiep tuc model cuc bo (Algorithm 1 dong 10)
2026-08-20 03:11:55,253 - INFO - [Round 22] data-free KD 30 vong: gen_loss=32.2738 stu_loss=1.3996 (CE 0.3680)
2026-08-20 03:11:55,295 - INFO - [Round 112] luu checkpoint -> out_10shot/checkpoints/round_112.pth
2026-08-20 03:19:25,852 - INFO - [Round 112] loss=1.1765 acc=0.7046 | micro P/R/F1=0.7046/0.7046/0.7046 | macro P/R/F1=0.0904/0.1033/0.0753 | weighted P/R/F1=0.9867/0.7046/0.8221
2026-08-20 03:19:25,853 - INFO - fit progress: (22, 1.1764895547300178, {'accuracy': 0.7046257236239486, 'micro_precision': 0.7046257236239486, 'micro_recall': 0.7046257236239486, 'micro_f1': 0.7046257236239486, 'macro_precision': 0.09035216817309633, 'macro_recall': 0.10334549587269198, 'macro_f1': 0.07530123783589124, 'weighted_precision': 0.9866976714818585, 'weighted_recall': 0.7046257236239486, 'weighted_f1': 0.8221005995232592}, 10473.380245265998)
2026-08-20 03:19:25,853 - INFO - configure_evaluate: no clients selected, skipping evaluation
2026-08-20 03:19:25,853 - INFO - 
2026-08-20 03:19:25,853 - INFO - [ROUND 23]
2026-08-20 03:19:25,854 - INFO - configure_fit: strategy sampled 80 clients (out of 80)
2026-08-20 03:19:27,374 - INFO - aggregate_fit: received 80 results and 0 failures
2026-08-20 03:19:27,493 - INFO - [Round 23] 80/80 client tiep tuc model cuc bo (Algorithm 1 dong 10)
2026-08-20 03:19:44,775 - INFO - [Round 23] data-free KD 30 vong: gen_loss=33.8945 stu_loss=1.3845 (CE 0.3630)
2026-08-20 03:19:44,820 - INFO - [Round 113] luu checkpoint -> out_10shot/checkpoints/round_113.pth
2026-08-20 03:27:21,019 - INFO - [Round 113] loss=1.2363 acc=0.6668 | micro P/R/F1=0.6668/0.6668/0.6668 | macro P/R/F1=0.0904/0.1000/0.0729 | weighted P/R/F1=0.9874/0.6668/0.7960
2026-08-20 03:27:21,020 - INFO - fit progress: (23, 1.2363287188024807, {'accuracy': 0.6668311291354145, 'micro_precision': 0.6668311291354145, 'micro_recall': 0.6668311291354145, 'micro_f1': 0.6668311291354145, 'macro_precision': 0.0904166022022005, 'macro_recall': 0.09998036393032471, 'macro_f1': 0.07290940675239761, 'weighted_precision': 0.9874242669388136, 'weighted_recall': 0.6668311291354144, 'weighted_f1': 0.7960207057799946}, 10948.547465626001)
2026-08-20 03:27:21,020 - INFO - configure_evaluate: no clients selected, skipping evaluation
2026-08-20 03:27:21,020 - INFO - 
2026-08-20 03:27:21,021 - INFO - [ROUND 24]
2026-08-20 03:27:21,021 - INFO - configure_fit: strategy sampled 80 clients (out of 80)
2026-08-20 03:27:22,524 - INFO - aggregate_fit: received 80 results and 0 failures
2026-08-20 03:27:22,647 - INFO - [Round 24] 80/80 client tiep tuc model cuc bo (Algorithm 1 dong 10)
2026-08-20 03:27:40,473 - INFO - [Round 24] data-free KD 30 vong: gen_loss=34.6995 stu_loss=1.3806 (CE 0.3647)
2026-08-20 03:27:40,519 - INFO - [Round 114] luu checkpoint -> out_10shot/checkpoints/round_114.pth
2026-08-20 03:35:12,723 - INFO - [Round 114] loss=1.1632 acc=0.7179 | micro P/R/F1=0.7179/0.7179/0.7179 | macro P/R/F1=0.0904/0.1044/0.0761 | weighted P/R/F1=0.9867/0.7179/0.8311
2026-08-20 03:35:12,724 - INFO - fit progress: (24, 1.1631672485367932, {'accuracy': 0.7178979877247023, 'micro_precision': 0.7178979877247023, 'micro_recall': 0.7178979877247023, 'micro_f1': 0.7178979877247023, 'macro_precision': 0.0903562058308423, 'macro_recall': 0.10438637285241313, 'macro_f1': 0.0761254455772984, 'weighted_precision': 0.9867281793307057, 'weighted_recall': 0.7178979877247023, 'weighted_f1': 0.831076078090128}, 11420.251724407997)
2026-08-20 03:35:12,724 - INFO - configure_evaluate: no clients selected, skipping evaluation
2026-08-20 03:35:12,725 - INFO - 
2026-08-20 03:35:12,725 - INFO - [ROUND 25]
2026-08-20 03:35:12,725 - INFO - configure_fit: strategy sampled 80 clients (out of 80)
2026-08-20 03:35:14,184 - INFO - aggregate_fit: received 80 results and 0 failures
2026-08-20 03:35:14,308 - INFO - [Round 25] 80/80 client tiep tuc model cuc bo (Algorithm 1 dong 10)
2026-08-20 03:35:31,690 - INFO - [Round 25] data-free KD 30 vong: gen_loss=35.7493 stu_loss=1.3706 (CE 0.3605)
2026-08-20 03:35:31,734 - INFO - [Round 115] luu checkpoint -> out_10shot/checkpoints/round_115.pth
2026-08-20 03:43:02,508 - INFO - [Round 115] loss=1.1399 acc=0.7499 | micro P/R/F1=0.7499/0.7499/0.7499 | macro P/R/F1=0.0904/0.1073/0.0781 | weighted P/R/F1=0.9869/0.7499/0.8522
2026-08-20 03:43:05,341 - INFO - Luu out_10shot/confusion_matrix_task3.csv
2026-08-20 03:43:05,341 - INFO - Luu out_10shot/confusion_matrix_task3_normalized.csv
2026-08-20 03:43:14,629 - INFO - Luu out_10shot/classification_report_task3.txt
                 precision    recall  f1-score   support

         Benign     0.9939    0.7552    0.8582  41700592
            DoS     0.0000    0.0000    0.0000    145129
         double     0.0000    0.0000    0.0000     12413
  force-neutral     0.0000    0.0000    0.0000      5744
        fuzzing     0.0000    0.0000    0.0000     67321
       interval     0.0000    0.0000    0.0000     40542
            rpm     0.0000    0.0000    0.0000      5043
  rpm-accessory     0.0000    0.0000    0.0000      3146
          speed     0.0000    0.0000    0.0000      7471
speed-accessory     0.0000    0.0000    0.0000      2257
     standstill     0.0002    0.4253    0.0005      5739

       accuracy                         0.7499  41995397
      macro avg     0.0904    0.1073    0.0781  41995397
   weighted avg     0.9869    0.7499    0.8522  41995397

2026-08-20 03:43:15,071 - INFO - Luu out_10shot/confusion_matrix_task3.png
2026-08-20 03:43:15,072 - INFO - fit progress: (25, 1.1399192549735178, {'accuracy': 0.7499215449731312, 'micro_precision': 0.7499215449731312, 'micro_recall': 0.7499215449731312, 'micro_f1': 0.7499215449731312, 'macro_precision': 0.09037680574930693, 'macro_recall': 0.10731818647358103, 'macro_f1': 0.07806506242702195, 'weighted_precision': 0.9869309830084941, 'weighted_recall': 0.7499215449731312, 'weighted_f1': 0.8522177252246981}, 11902.599608734996)
2026-08-20 03:43:15,072 - INFO - configure_evaluate: no clients selected, skipping evaluation
2026-08-20 03:43:15,072 - INFO - 
2026-08-20 03:43:15,073 - INFO - [ROUND 26]
2026-08-20 03:43:15,073 - INFO - configure_fit: strategy sampled 80 clients (out of 80)
2026-08-20 03:43:16,542 - INFO - aggregate_fit: received 80 results and 0 failures
2026-08-20 03:43:16,692 - INFO - [Round 26] 80/80 client tiep tuc model cuc bo (Algorithm 1 dong 10)
2026-08-20 03:43:34,109 - INFO - [Round 26] data-free KD 30 vong: gen_loss=36.7392 stu_loss=1.3712 (CE 0.3588)
2026-08-20 03:43:34,153 - INFO - [Round 116] luu checkpoint -> out_10shot/checkpoints/round_116.pth
2026-08-20 03:51:04,875 - INFO - [Round 116] loss=1.0774 acc=0.8068 | micro P/R/F1=0.8068/0.8068/0.8068 | macro P/R/F1=0.0904/0.0921/0.0813 | weighted P/R/F1=0.9870/0.8068/0.8878
2026-08-20 03:51:04,876 - INFO - fit progress: (26, 1.0774103095040117, {'accuracy': 0.8067913966856891, 'micro_precision': 0.8067913966856891, 'micro_recall': 0.8067913966856891, 'micro_f1': 0.8067913966856891, 'macro_precision': 0.09037609599608344, 'macro_recall': 0.09207734768378915, 'macro_f1': 0.08130907724089935, 'weighted_precision': 0.9870139015168164, 'weighted_recall': 0.8067913966856891, 'weighted_f1': 0.8878326774957227}, 12372.403348181)
2026-08-20 03:51:04,876 - INFO - configure_evaluate: no clients selected, skipping evaluation
2026-08-20 03:51:04,876 - INFO - 
2026-08-20 03:51:04,876 - INFO - [ROUND 27]
2026-08-20 03:51:04,876 - INFO - configure_fit: strategy sampled 80 clients (out of 80)
2026-08-20 03:51:06,347 - INFO - aggregate_fit: received 80 results and 0 failures
2026-08-20 03:51:06,474 - INFO - [Round 27] 80/80 client tiep tuc model cuc bo (Algorithm 1 dong 10)
2026-08-20 03:51:24,056 - INFO - [Round 27] data-free KD 30 vong: gen_loss=37.3894 stu_loss=1.3616 (CE 0.3578)
2026-08-20 03:51:24,099 - INFO - [Round 117] luu checkpoint -> out_10shot/checkpoints/round_117.pth
2026-08-20 03:58:54,027 - INFO - [Round 117] loss=1.0239 acc=0.8736 | micro P/R/F1=0.8736/0.8736/0.8736 | macro P/R/F1=0.0904/0.0867/0.0849 | weighted P/R/F1=0.9873/0.8736/0.9270
2026-08-20 03:58:54,028 - INFO - fit progress: (27, 1.0238701654715292, {'accuracy': 0.8736171252292245, 'micro_precision': 0.8736171252292245, 'micro_recall': 0.8736171252292245, 'micro_f1': 0.8736171252292245, 'macro_precision': 0.09039656355146351, 'macro_recall': 0.08672836012644404, 'macro_f1': 0.08488271580077526, 'weighted_precision': 0.9872927008956833, 'weighted_recall': 0.8736171252292245, 'weighted_f1': 0.9269772272980886}, 12841.555276081996)
2026-08-20 03:58:54,028 - INFO - configure_evaluate: no clients selected, skipping evaluation
2026-08-20 03:58:54,028 - INFO - 
2026-08-20 03:58:54,028 - INFO - [ROUND 28]
2026-08-20 03:58:54,029 - INFO - configure_fit: strategy sampled 80 clients (out of 80)
2026-08-20 03:58:55,496 - INFO - aggregate_fit: received 80 results and 0 failures
2026-08-20 03:58:55,613 - INFO - [Round 28] 80/80 client tiep tuc model cuc bo (Algorithm 1 dong 10)
2026-08-20 03:59:12,967 - INFO - [Round 28] data-free KD 30 vong: gen_loss=38.5246 stu_loss=1.3616 (CE 0.3587)
2026-08-20 03:59:13,011 - INFO - [Round 118] luu checkpoint -> out_10shot/checkpoints/round_118.pth
2026-08-20 04:06:46,817 - INFO - [Round 118] loss=1.1403 acc=0.7656 | micro P/R/F1=0.7656/0.7656/0.7656 | macro P/R/F1=0.0904/0.1088/0.0790 | weighted P/R/F1=0.9869/0.7656/0.8623
2026-08-20 04:06:46,818 - INFO - fit progress: (28, 1.1402544187683252, {'accuracy': 0.7656384341360079, 'micro_precision': 0.7656384341360079, 'micro_recall': 0.7656384341360079, 'micro_f1': 0.7656384341360079, 'macro_precision': 0.09037680787058701, 'macro_recall': 0.10875709562950772, 'macro_f1': 0.0789887906798477, 'weighted_precision': 0.9869121158980441, 'weighted_recall': 0.7656384341360079, 'weighted_f1': 0.8622696695080369}, 13314.345794951001)
2026-08-20 04:06:46,819 - INFO - configure_evaluate: no clients selected, skipping evaluation
2026-08-20 04:06:46,819 - INFO - 
2026-08-20 04:06:46,819 - INFO - [ROUND 29]
2026-08-20 04:06:46,819 - INFO - configure_fit: strategy sampled 80 clients (out of 80)
2026-08-20 04:06:48,276 - INFO - aggregate_fit: received 80 results and 0 failures
2026-08-20 04:06:48,399 - INFO - [Round 29] 80/80 client tiep tuc model cuc bo (Algorithm 1 dong 10)
2026-08-20 04:07:05,806 - INFO - [Round 29] data-free KD 30 vong: gen_loss=39.9532 stu_loss=1.3602 (CE 0.3567)
2026-08-20 04:07:05,850 - INFO - [Round 119] luu checkpoint -> out_10shot/checkpoints/round_119.pth
2026-08-20 04:14:38,357 - INFO - [Round 119] loss=1.0979 acc=0.8014 | micro P/R/F1=0.8014/0.8014/0.8014 | macro P/R/F1=0.0904/0.0958/0.0810 | weighted P/R/F1=0.9870/0.8014/0.8846
2026-08-20 04:14:38,358 - INFO - fit progress: (29, 1.0978835845161017, {'accuracy': 0.8014200937307486, 'micro_precision': 0.8014200937307486, 'micro_recall': 0.8014200937307486, 'micro_f1': 0.8014200937307486, 'macro_precision': 0.09037665080696704, 'macro_recall': 0.09584612504088583, 'macro_f1': 0.08101461028089858, 'weighted_precision': 0.986990318892706, 'weighted_recall': 0.8014200937307486, 'weighted_f1': 0.884557031210345}, 13785.885497672)
2026-08-20 04:14:38,358 - INFO - configure_evaluate: no clients selected, skipping evaluation
2026-08-20 04:14:38,358 - INFO - 
2026-08-20 04:14:38,358 - INFO - [ROUND 30]
2026-08-20 04:14:38,359 - INFO - configure_fit: strategy sampled 80 clients (out of 80)
2026-08-20 04:14:39,866 - INFO - aggregate_fit: received 80 results and 0 failures
2026-08-20 04:14:39,988 - INFO - [Round 30] 80/80 client tiep tuc model cuc bo (Algorithm 1 dong 10)
2026-08-20 04:14:58,125 - INFO - [Round 30] data-free KD 30 vong: gen_loss=40.6349 stu_loss=1.3478 (CE 0.3508)
2026-08-20 04:14:58,171 - INFO - [Round 120] luu checkpoint -> out_10shot/checkpoints/round_120.pth
2026-08-20 04:22:29,047 - INFO - [Round 120] loss=1.1790 acc=0.7275 | micro P/R/F1=0.7275/0.7275/0.7275 | macro P/R/F1=0.0904/0.1053/0.0767 | weighted P/R/F1=0.9869/0.7275/0.8375
2026-08-20 04:22:31,862 - INFO - Luu out_10shot/confusion_matrix_task3.csv
2026-08-20 04:22:31,863 - INFO - Luu out_10shot/confusion_matrix_task3_normalized.csv
2026-08-20 04:22:41,168 - INFO - Luu out_10shot/classification_report_task3.txt
                 precision    recall  f1-score   support

         Benign     0.9938    0.7326    0.8434  41700592
            DoS     0.0000    0.0000    0.0000    145129
         double     0.0000    0.0000    0.0000     12413
  force-neutral     0.0000    0.0000    0.0000      5744
        fuzzing     0.0000    0.0000    0.0000     67321
       interval     0.0000    0.0000    0.0000     40542
            rpm     0.0000    0.0000    0.0000      5043
  rpm-accessory     0.0000    0.0000    0.0000      3146
          speed     0.0000    0.0000    0.0000      7471
speed-accessory     0.0000    0.0000    0.0000      2257
     standstill     0.0002    0.4255    0.0004      5739

       accuracy                         0.7275  41995397
      macro avg     0.0904    0.1053    0.0767  41995397
   weighted avg     0.9869    0.7275    0.8375  41995397

2026-08-20 04:22:41,592 - INFO - Luu out_10shot/confusion_matrix_task3.png
2026-08-20 04:22:41,593 - INFO - fit progress: (30, 1.178955082147863, {'accuracy': 0.7275063264671602, 'micro_precision': 0.7275063264671602, 'micro_recall': 0.7275063264671602, 'micro_f1': 0.7275063264671602, 'macro_precision': 0.09036883681330647, 'macro_recall': 0.10528187175342466, 'macro_f1': 0.07671660810821403, 'weighted_precision': 0.9868635987048356, 'weighted_recall': 0.7275063264671602, 'weighted_f1': 0.8375281296907858}, 14269.120188830002)
2026-08-20 04:22:41,593 - INFO - configure_evaluate: no clients selected, skipping evaluation
2026-08-20 04:22:41,594 - INFO - 
2026-08-20 04:22:41,594 - INFO - [SUMMARY]
2026-08-20 04:22:41,594 - INFO - Run finished 30 round(s) in 14269.12s
2026-08-20 04:22:41,598 - INFO - 	History (loss, centralized):
2026-08-20 04:22:41,599 - INFO - 		round 1: 1.5653230317520488
2026-08-20 04:22:41,599 - INFO - 		round 2: 1.5120979143005224
2026-08-20 04:22:41,599 - INFO - 		round 3: 1.267848377586818
2026-08-20 04:22:41,599 - INFO - 		round 4: 1.5845963230693931
2026-08-20 04:22:41,599 - INFO - 		round 5: 1.4247579360536096
2026-08-20 04:22:41,599 - INFO - 		round 6: 1.2891690293533167
2026-08-20 04:22:41,599 - INFO - 		round 7: 1.3469359909256853
2026-08-20 04:22:41,599 - INFO - 		round 8: 1.3383712744603538
2026-08-20 04:22:41,599 - INFO - 		round 9: 1.367871851301607
2026-08-20 04:22:41,599 - INFO - 		round 10: 1.4694475788471584
2026-08-20 04:22:41,599 - INFO - 		round 11: 1.6023338873142454
2026-08-20 04:22:41,599 - INFO - 		round 12: 1.76570974185294
2026-08-20 04:22:41,600 - INFO - 		round 13: 1.663166884583961
2026-08-20 04:22:41,600 - INFO - 		round 14: 1.5530280767737696
2026-08-20 04:22:41,600 - INFO - 		round 15: 1.5207035038560284
2026-08-20 04:22:41,600 - INFO - 		round 16: 1.3015572925573393
2026-08-20 04:22:41,600 - INFO - 		round 17: 1.107131510156196
2026-08-20 04:22:41,600 - INFO - 		round 18: 1.1090060748682364
2026-08-20 04:22:41,600 - INFO - 		round 19: 1.1968319128283544
2026-08-20 04:22:41,600 - INFO - 		round 20: 1.1414865842624071
2026-08-20 04:22:41,600 - INFO - 		round 21: 1.0760966307370707
2026-08-20 04:22:41,600 - INFO - 		round 22: 1.1764895547300178
2026-08-20 04:22:41,600 - INFO - 		round 23: 1.2363287188024807
2026-08-20 04:22:41,600 - INFO - 		round 24: 1.1631672485367932
2026-08-20 04:22:41,600 - INFO - 		round 25: 1.1399192549735178
2026-08-20 04:22:41,600 - INFO - 		round 26: 1.0774103095040117
2026-08-20 04:22:41,600 - INFO - 		round 27: 1.0238701654715292
2026-08-20 04:22:41,601 - INFO - 		round 28: 1.1402544187683252
2026-08-20 04:22:41,601 - INFO - 		round 29: 1.0978835845161017
2026-08-20 04:22:41,601 - INFO - 		round 30: 1.178955082147863
2026-08-20 04:22:41,601 - INFO - 	History (metrics, distributed, fit):
2026-08-20 04:22:41,601 - INFO - 	{'gen_loss': [(1, 22.51705551147461),
2026-08-20 04:22:41,601 - INFO - 	              (2, 17.116706148783365),
2026-08-20 04:22:41,601 - INFO - 	              (3, 16.359046363830565),
2026-08-20 04:22:41,601 - INFO - 	              (4, 15.38671703338623),
2026-08-20 04:22:41,601 - INFO - 	              (5, 16.070589860280354),
2026-08-20 04:22:41,601 - INFO - 	              (6, 17.122543716430663),
2026-08-20 04:22:41,601 - INFO - 	              (7, 18.02563622792562),
2026-08-20 04:22:41,601 - INFO - 	              (8, 19.042794354756673),
2026-08-20 04:22:41,601 - INFO - 	              (9, 20.6416898727417),
2026-08-20 04:22:41,601 - INFO - 	              (10, 22.07384713490804),
2026-08-20 04:22:41,601 - INFO - 	              (11, 23.3724006652832),
2026-08-20 04:22:41,601 - INFO - 	              (12, 24.776321283976237),
2026-08-20 04:22:41,601 - INFO - 	              (13, 25.265411059061687),
2026-08-20 04:22:41,601 - INFO - 	              (14, 26.99167671203613),
2026-08-20 04:22:41,602 - INFO - 	              (15, 27.805444463094076),
2026-08-20 04:22:41,602 - INFO - 	              (16, 28.496397018432617),
2026-08-20 04:22:41,602 - INFO - 	              (17, 28.997196451822916),
2026-08-20 04:22:41,602 - INFO - 	              (18, 28.97678559621175),
2026-08-20 04:22:41,602 - INFO - 	              (19, 29.542259407043456),
2026-08-20 04:22:41,602 - INFO - 	              (20, 30.75355281829834),
2026-08-20 04:22:41,602 - INFO - 	              (21, 31.25962479909261),
2026-08-20 04:22:41,602 - INFO - 	              (22, 32.273776563008624),
2026-08-20 04:22:41,602 - INFO - 	              (23, 33.89452285766602),
2026-08-20 04:22:41,602 - INFO - 	              (24, 34.69945818583171),
2026-08-20 04:22:41,602 - INFO - 	              (25, 35.749331665039065),
2026-08-20 04:22:41,602 - INFO - 	              (26, 36.73917465209961),
2026-08-20 04:22:41,602 - INFO - 	              (27, 37.38940226236979),
2026-08-20 04:22:41,602 - INFO - 	              (28, 38.52457567850749),
2026-08-20 04:22:41,602 - INFO - 	              (29, 39.95317815144857),
2026-08-20 04:22:41,602 - INFO - 	              (30, 40.63493932088216)],
2026-08-20 04:22:41,602 - INFO - 	 'kd_loss_client': [(1, 5.55715956389904),
2026-08-20 04:22:41,602 - INFO - 	                    (2, 5.084915888309479),
2026-08-20 04:22:41,603 - INFO - 	                    (3, 8.354224097728729),
2026-08-20 04:22:41,603 - INFO - 	                    (4, 8.228755456209182),
2026-08-20 04:22:41,603 - INFO - 	                    (5, 11.36460736989975),
2026-08-20 04:22:41,603 - INFO - 	                    (6, 11.677734816074372),
2026-08-20 04:22:41,603 - INFO - 	                    (7, 11.434300947189332),
2026-08-20 04:22:41,603 - INFO - 	                    (8, 11.7341139793396),
2026-08-20 04:22:41,603 - INFO - 	                    (9, 11.41664698123932),
2026-08-20 04:22:41,603 - INFO - 	                    (10, 11.44680427312851),
2026-08-20 04:22:41,603 - INFO - 	                    (11, 11.865922904014587),
2026-08-20 04:22:41,603 - INFO - 	                    (12, 12.118688571453095),
2026-08-20 04:22:41,603 - INFO - 	                    (13, 13.161100220680236),
2026-08-20 04:22:41,603 - INFO - 	                    (14, 13.64485969543457),
2026-08-20 04:22:41,603 - INFO - 	                    (15, 13.842879498004914),
2026-08-20 04:22:41,603 - INFO - 	                    (16, 13.777336239814758),
2026-08-20 04:22:41,603 - INFO - 	                    (17, 12.130113816261291),
2026-08-20 04:22:41,603 - INFO - 	                    (18, 10.80996310710907),
2026-08-20 04:22:41,603 - INFO - 	                    (19, 9.820686042308807),
2026-08-20 04:22:41,603 - INFO - 	                    (20, 11.46544109582901),
2026-08-20 04:22:41,603 - INFO - 	                    (21, 10.975729739665985),
2026-08-20 04:22:41,603 - INFO - 	                    (22, 10.143198478221894),
2026-08-20 04:22:41,603 - INFO - 	                    (23, 11.181102573871613),
2026-08-20 04:22:41,604 - INFO - 	                    (24, 11.486372995376588),
2026-08-20 04:22:41,604 - INFO - 	                    (25, 10.39368382692337),
2026-08-20 04:22:41,604 - INFO - 	                    (26, 9.849745965003967),
2026-08-20 04:22:41,604 - INFO - 	                    (27, 9.232454395294189),
2026-08-20 04:22:41,604 - INFO - 	                    (28, 8.031571274995803),
2026-08-20 04:22:41,604 - INFO - 	                    (29, 9.804723244905471),
2026-08-20 04:22:41,604 - INFO - 	                    (30, 8.951415115594864)],
2026-08-20 04:22:41,604 - INFO - 	 'num_clients': [(1, 80),
2026-08-20 04:22:41,604 - INFO - 	                 (2, 80),
2026-08-20 04:22:41,604 - INFO - 	                 (3, 80),
2026-08-20 04:22:41,604 - INFO - 	                 (4, 80),
2026-08-20 04:22:41,604 - INFO - 	                 (5, 80),
2026-08-20 04:22:41,604 - INFO - 	                 (6, 80),
2026-08-20 04:22:41,604 - INFO - 	                 (7, 80),
2026-08-20 04:22:41,604 - INFO - 	                 (8, 80),
2026-08-20 04:22:41,604 - INFO - 	                 (9, 80),
2026-08-20 04:22:41,604 - INFO - 	                 (10, 80),
2026-08-20 04:22:41,604 - INFO - 	                 (11, 80),
2026-08-20 04:22:41,604 - INFO - 	                 (12, 80),
2026-08-20 04:22:41,604 - INFO - 	                 (13, 80),
2026-08-20 04:22:41,604 - INFO - 	                 (14, 80),
2026-08-20 04:22:41,604 - INFO - 	                 (15, 80),
2026-08-20 04:22:41,604 - INFO - 	                 (16, 80),
2026-08-20 04:22:41,604 - INFO - 	                 (17, 80),
2026-08-20 04:22:41,604 - INFO - 	                 (18, 80),
2026-08-20 04:22:41,604 - INFO - 	                 (19, 80),
2026-08-20 04:22:41,604 - INFO - 	                 (20, 80),
2026-08-20 04:22:41,605 - INFO - 	                 (21, 80),
2026-08-20 04:22:41,605 - INFO - 	                 (22, 80),
2026-08-20 04:22:41,605 - INFO - 	                 (23, 80),
2026-08-20 04:22:41,605 - INFO - 	                 (24, 80),
2026-08-20 04:22:41,605 - INFO - 	                 (25, 80),
2026-08-20 04:22:41,605 - INFO - 	                 (26, 80),
2026-08-20 04:22:41,605 - INFO - 	                 (27, 80),
2026-08-20 04:22:41,605 - INFO - 	                 (28, 80),
2026-08-20 04:22:41,605 - INFO - 	                 (29, 80),
2026-08-20 04:22:41,605 - INFO - 	                 (30, 80)],
2026-08-20 04:22:41,605 - INFO - 	 'resumed_local': [(1, 0),
2026-08-20 04:22:41,605 - INFO - 	                   (2, 80),
2026-08-20 04:22:41,605 - INFO - 	                   (3, 80),
2026-08-20 04:22:41,605 - INFO - 	                   (4, 80),
2026-08-20 04:22:41,605 - INFO - 	                   (5, 80),
2026-08-20 04:22:41,605 - INFO - 	                   (6, 80),
2026-08-20 04:22:41,605 - INFO - 	                   (7, 80),
2026-08-20 04:22:41,605 - INFO - 	                   (8, 80),
2026-08-20 04:22:41,605 - INFO - 	                   (9, 80),
2026-08-20 04:22:41,605 - INFO - 	                   (10, 80),
2026-08-20 04:22:41,605 - INFO - 	                   (11, 80),
2026-08-20 04:22:41,605 - INFO - 	                   (12, 80),
2026-08-20 04:22:41,605 - INFO - 	                   (13, 80),
2026-08-20 04:22:41,605 - INFO - 	                   (14, 80),
2026-08-20 04:22:41,605 - INFO - 	                   (15, 80),
2026-08-20 04:22:41,605 - INFO - 	                   (16, 80),
2026-08-20 04:22:41,606 - INFO - 	                   (17, 80),
2026-08-20 04:22:41,606 - INFO - 	                   (18, 80),
2026-08-20 04:22:41,606 - INFO - 	                   (19, 80),
2026-08-20 04:22:41,606 - INFO - 	                   (20, 80),
2026-08-20 04:22:41,606 - INFO - 	                   (21, 80),
2026-08-20 04:22:41,606 - INFO - 	                   (22, 80),
2026-08-20 04:22:41,606 - INFO - 	                   (23, 80),
2026-08-20 04:22:41,606 - INFO - 	                   (24, 80),
2026-08-20 04:22:41,606 - INFO - 	                   (25, 80),
2026-08-20 04:22:41,606 - INFO - 	                   (26, 80),
2026-08-20 04:22:41,606 - INFO - 	                   (27, 80),
2026-08-20 04:22:41,606 - INFO - 	                   (28, 80),
2026-08-20 04:22:41,606 - INFO - 	                   (29, 80),
2026-08-20 04:22:41,606 - INFO - 	                   (30, 80)],
2026-08-20 04:22:41,606 - INFO - 	 'stu_ce': [(1, 13.349189224243164),
2026-08-20 04:22:41,606 - INFO - 	            (2, 7.662583376566569),
2026-08-20 04:22:41,606 - INFO - 	            (3, 5.001188020706177),
2026-08-20 04:22:41,606 - INFO - 	            (4, 3.5286546595891317),
2026-08-20 04:22:41,606 - INFO - 	            (5, 3.036263499259949),
2026-08-20 04:22:41,606 - INFO - 	            (6, 2.8495980310440063),
2026-08-20 04:22:41,606 - INFO - 	            (7, 2.67679838180542),
2026-08-20 04:22:41,606 - INFO - 	            (8, 2.433596240679423),
2026-08-20 04:22:41,606 - INFO - 	            (9, 2.12739093542099),
2026-08-20 04:22:41,606 - INFO - 	            (10, 1.7385991048812866),
2026-08-20 04:22:41,606 - INFO - 	            (11, 1.304226710796356),
2026-08-20 04:22:41,606 - INFO - 	            (12, 0.9052226837476095),
2026-08-20 04:22:41,606 - INFO - 	            (13, 0.6180971097946167),
2026-08-20 04:22:41,607 - INFO - 	            (14, 0.4597181296348572),
2026-08-20 04:22:41,607 - INFO - 	            (15, 0.4012541657686233),
2026-08-20 04:22:41,607 - INFO - 	            (16, 0.38926014383633933),
2026-08-20 04:22:41,607 - INFO - 	            (17, 0.393698505560557),
2026-08-20 04:22:41,607 - INFO - 	            (18, 0.36827366848786675),
2026-08-20 04:22:41,607 - INFO - 	            (19, 0.3706411830584208),
2026-08-20 04:22:41,607 - INFO - 	            (20, 0.36726897259553276),
2026-08-20 04:22:41,607 - INFO - 	            (21, 0.3640755554040273),
2026-08-20 04:22:41,607 - INFO - 	            (22, 0.3679950088262558),
2026-08-20 04:22:41,607 - INFO - 	            (23, 0.36296287377675374),
2026-08-20 04:22:41,607 - INFO - 	            (24, 0.3646555397907893),
2026-08-20 04:22:41,607 - INFO - 	            (25, 0.36051891366640726),
2026-08-20 04:22:41,607 - INFO - 	            (26, 0.3587578139702479),
2026-08-20 04:22:41,607 - INFO - 	            (27, 0.35778606196244556),
2026-08-20 04:22:41,607 - INFO - 	            (28, 0.3587214360634486),
2026-08-20 04:22:41,607 - INFO - 	            (29, 0.3567045164108276),
2026-08-20 04:22:41,607 - INFO - 	            (30, 0.35083046515782673)],
2026-08-20 04:22:41,607 - INFO - 	 'stu_loss': [(1, 13.755852603912354),
2026-08-20 04:22:41,607 - INFO - 	              (2, 8.127000354131063),
2026-08-20 04:22:41,607 - INFO - 	              (3, 6.095377486546834),
2026-08-20 04:22:41,607 - INFO - 	              (4, 5.050291503270467),
2026-08-20 04:22:41,607 - INFO - 	              (5, 4.5623046398162845),
2026-08-20 04:22:41,607 - INFO - 	              (6, 4.418382844924927),
2026-08-20 04:22:41,607 - INFO - 	              (7, 4.184762237866719),
2026-08-20 04:22:41,607 - INFO - 	              (8, 3.814987258911133),
2026-08-20 04:22:41,607 - INFO - 	              (9, 3.512242085138957),
2026-08-20 04:22:41,607 - INFO - 	              (10, 3.0366367626190187),
2026-08-20 04:22:41,607 - INFO - 	              (11, 2.561714704831441),
2026-08-20 04:22:41,608 - INFO - 	              (12, 2.1434913023312885),
2026-08-20 04:22:41,608 - INFO - 	              (13, 1.825225236415863),
2026-08-20 04:22:41,608 - INFO - 	              (14, 1.64904887119929),
2026-08-20 04:22:41,608 - INFO - 	              (15, 1.548086136976878),
2026-08-20 04:22:41,608 - INFO - 	              (16, 1.4973370734850566),
2026-08-20 04:22:41,608 - INFO - 	              (17, 1.4857906874020894),
2026-08-20 04:22:41,608 - INFO - 	              (18, 1.4342017237345377),
2026-08-20 04:22:41,608 - INFO - 	              (19, 1.434585162003835),
2026-08-20 04:22:41,608 - INFO - 	              (20, 1.423113341331482),
2026-08-20 04:22:41,608 - INFO - 	              (21, 1.4040602660179138),
2026-08-20 04:22:41,608 - INFO - 	              (22, 1.3996157757441203),
2026-08-20 04:22:41,608 - INFO - 	              (23, 1.3844927215576173),
2026-08-20 04:22:41,608 - INFO - 	              (24, 1.3806005986531575),
2026-08-20 04:22:41,608 - INFO - 	              (25, 1.370640802383423),
2026-08-20 04:22:41,608 - INFO - 	              (26, 1.3711837172508239),
2026-08-20 04:22:41,609 - INFO - 	              (27, 1.3616118470827738),
2026-08-20 04:22:41,609 - INFO - 	              (28, 1.3615525539716085),
2026-08-20 04:22:41,609 - INFO - 	              (29, 1.36019939104716),
2026-08-20 04:22:41,609 - INFO - 	              (30, 1.3478169298171998)],
2026-08-20 04:22:41,609 - INFO - 	 'train_loss': [(1, 20.12285602830054),
2026-08-20 04:22:41,609 - INFO - 	                (2, 19.863971575163404),
2026-08-20 04:22:41,609 - INFO - 	                (3, 19.714921229470132),
2026-08-20 04:22:41,609 - INFO - 	                (4, 19.476728746113842),
2026-08-20 04:22:41,609 - INFO - 	                (5, 19.291193504529772),
2026-08-20 04:22:41,609 - INFO - 	                (6, 19.10004803686871),
2026-08-20 04:22:41,609 - INFO - 	                (7, 18.94292876789176),
2026-08-20 04:22:41,609 - INFO - 	                (8, 18.773376389604785),
2026-08-20 04:22:41,609 - INFO - 	                (9, 18.657060362694924),
2026-08-20 04:22:41,609 - INFO - 	                (10, 18.53443023621531),
2026-08-20 04:22:41,609 - INFO - 	                (11, 18.380958217224617),
2026-08-20 04:22:41,609 - INFO - 	                (12, 18.276667450769803),
2026-08-20 04:22:41,609 - INFO - 	                (13, 18.159834393454155),
2026-08-20 04:22:41,609 - INFO - 	                (14, 17.960432810828877),
2026-08-20 04:22:41,609 - INFO - 	                (15, 17.891299700555546),
2026-08-20 04:22:41,610 - INFO - 	                (16, 17.750624591763195),
2026-08-20 04:22:41,610 - INFO - 	                (17, 17.6228010928673),
2026-08-20 04:22:41,610 - INFO - 	                (18, 17.5325829072683),
2026-08-20 04:22:41,610 - INFO - 	                (19, 17.400760130811214),
2026-08-20 04:22:41,610 - INFO - 	                (20, 17.332003235293044),
2026-08-20 04:22:41,610 - INFO - 	                (21, 17.21887208549319),
2026-08-20 04:22:41,610 - INFO - 	                (22, 17.12456195951722),
2026-08-20 04:22:41,610 - INFO - 	                (23, 17.009196161981027),
2026-08-20 04:22:41,610 - INFO - 	                (24, 16.93430661552013),
2026-08-20 04:22:41,610 - INFO - 	                (25, 16.832748665739604),
2026-08-20 04:22:41,610 - INFO - 	                (26, 16.724937124975064),
2026-08-20 04:22:41,610 - INFO - 	                (27, 16.603109070285875),
2026-08-20 04:22:41,610 - INFO - 	                (28, 16.503920605921493),
2026-08-20 04:22:41,610 - INFO - 	                (29, 16.44868521787995),
2026-08-20 04:22:41,610 - INFO - 	                (30, 16.363616600132715)]}
2026-08-20 04:22:41,610 - INFO - 	History (metrics, centralized):
2026-08-20 04:22:41,610 - INFO - 	{'accuracy': [(1, 0.3733651809506647),
2026-08-20 04:22:41,610 - INFO - 	              (2, 0.09266201245817487),
2026-08-20 04:22:41,611 - INFO - 	              (3, 0.15757926993760768),
2026-08-20 04:22:41,611 - INFO - 	              (4, 0.11505622866239364),
2026-08-20 04:22:41,611 - INFO - 	              (5, 0.6530526428884575),
2026-08-20 04:22:41,611 - INFO - 	              (6, 0.13480536926463632),
2026-08-20 04:22:41,611 - INFO - 	              (7, 0.033949935036927975),
2026-08-20 04:22:41,611 - INFO - 	              (8, 0.0034558311235871873),
2026-08-20 04:22:41,611 - INFO - 	              (9, 0.0034558311235871873),
2026-08-20 04:22:41,611 - INFO - 	              (10, 0.0034558311235871873),
2026-08-20 04:22:41,611 - INFO - 	              (11, 0.0034558311235871873),
2026-08-20 04:22:41,611 - INFO - 	              (12, 0.00013665783419073286),
2026-08-20 04:22:41,611 - INFO - 	              (13, 0.00013665783419073286),
2026-08-20 04:22:41,611 - INFO - 	              (14, 0.0010462337098515822),
2026-08-20 04:22:41,611 - INFO - 	              (15, 0.005151278841345398),
2026-08-20 04:22:41,611 - INFO - 	              (16, 0.4845667490653797),
2026-08-20 04:22:41,611 - INFO - 	              (17, 0.7905339006558266),
2026-08-20 04:22:41,611 - INFO - 	              (18, 0.8135844745080039),
2026-08-20 04:22:41,611 - INFO - 	              (19, 0.7147232112128861),
2026-08-20 04:22:41,611 - INFO - 	              (20, 0.741836897029453),
2026-08-20 04:22:41,612 - INFO - 	              (21, 0.7708598635226618),
2026-08-20 04:22:41,612 - INFO - 	              (22, 0.7046257236239486),
2026-08-20 04:22:41,612 - INFO - 	              (23, 0.6668311291354145),
2026-08-20 04:22:41,612 - INFO - 	              (24, 0.7178979877247023),
2026-08-20 04:22:41,612 - INFO - 	              (25, 0.7499215449731312),
2026-08-20 04:22:41,612 - INFO - 	              (26, 0.8067913966856891),
2026-08-20 04:22:41,612 - INFO - 	              (27, 0.8736171252292245),
2026-08-20 04:22:41,612 - INFO - 	              (28, 0.7656384341360079),
2026-08-20 04:22:41,612 - INFO - 	              (29, 0.8014200937307486),
2026-08-20 04:22:41,612 - INFO - 	              (30, 0.7275063264671602)],
2026-08-20 04:22:41,612 - INFO - 	 'macro_f1': [(1, 0.04961123422444805),
2026-08-20 04:22:41,612 - INFO - 	              (2, 0.015499852142636612),
2026-08-20 04:22:41,612 - INFO - 	              (3, 0.024880678881771624),
2026-08-20 04:22:41,612 - INFO - 	              (4, 0.018868997954789794),
2026-08-20 04:22:41,612 - INFO - 	              (5, 0.07249354341657427),
2026-08-20 04:22:41,613 - INFO - 	              (6, 0.021946552271972272),
2026-08-20 04:22:41,613 - INFO - 	              (7, 0.006063007968345521),
2026-08-20 04:22:41,613 - INFO - 	              (8, 0.000626168997251978),
2026-08-20 04:22:41,613 - INFO - 	              (9, 0.000626168997251978),
2026-08-20 04:22:41,613 - INFO - 	              (10, 0.000626168997251978),
2026-08-20 04:22:41,613 - INFO - 	              (11, 0.0006628143232079417),
2026-08-20 04:22:41,613 - INFO - 	              (12, 2.52212910096368e-05),
2026-08-20 04:22:41,613 - INFO - 	              (13, 2.484348388706785e-05),
2026-08-20 04:22:41,613 - INFO - 	              (14, 0.00019126022803664708),
2026-08-20 04:22:41,613 - INFO - 	              (15, 0.0009385493527136157),
2026-08-20 04:22:41,613 - INFO - 	              (16, 0.059568450756711314),
2026-08-20 04:22:41,613 - INFO - 	              (17, 0.0804203464666961),
2026-08-20 04:22:41,613 - INFO - 	              (18, 0.0816582567123823),
2026-08-20 04:22:41,613 - INFO - 	              (19, 0.07592987694719423),
2026-08-20 04:22:41,613 - INFO - 	              (20, 0.07758182477155973),
2026-08-20 04:22:41,613 - INFO - 	              (21, 0.07929334278608961),
2026-08-20 04:22:41,613 - INFO - 	              (22, 0.07530123783589124),
2026-08-20 04:22:41,613 - INFO - 	              (23, 0.07290940675239761),
2026-08-20 04:22:41,614 - INFO - 	              (24, 0.0761254455772984),
2026-08-20 04:22:41,614 - INFO - 	              (25, 0.07806506242702195),
2026-08-20 04:22:41,614 - INFO - 	              (26, 0.08130907724089935),
2026-08-20 04:22:41,614 - INFO - 	              (27, 0.08488271580077526),
2026-08-20 04:22:41,614 - INFO - 	              (28, 0.0789887906798477),
2026-08-20 04:22:41,614 - INFO - 	              (29, 0.08101461028089858),
2026-08-20 04:22:41,614 - INFO - 	              (30, 0.07671660810821403)],
2026-08-20 04:22:41,614 - INFO - 	 'macro_precision': [(1, 0.09026290122440807),
2026-08-20 04:22:41,614 - INFO - 	                     (2, 0.0890900848211149),
2026-08-20 04:22:41,614 - INFO - 	                     (3, 0.09003865350904226),
2026-08-20 04:22:41,614 - INFO - 	                     (4, 0.08999588678962221),
2026-08-20 04:22:41,614 - INFO - 	                     (5, 0.09044197013405395),
2026-08-20 04:22:41,614 - INFO - 	                     (6, 0.09100603038301464),
2026-08-20 04:22:41,614 - INFO - 	                     (7, 0.09123058369093512),
2026-08-20 04:22:41,614 - INFO - 	                     (8, 0.0003141664657806534),
2026-08-20 04:22:41,614 - INFO - 	                     (9, 0.0003141664657806534),
2026-08-20 04:22:41,614 - INFO - 	                     (10, 0.0003141664657806534),
2026-08-20 04:22:41,614 - INFO - 	                     (11, 0.00033261971973328435),
2026-08-20 04:22:41,615 - INFO - 	                     (12, 1.2612395059692109e-05),
2026-08-20 04:22:41,615 - INFO - 	                     (13, 1.2423439471884806e-05),
2026-08-20 04:22:41,615 - INFO - 	                     (14, 0.09090011121348837),
2026-08-20 04:22:41,615 - INFO - 	                     (15, 0.09090905981291085),
2026-08-20 04:22:41,615 - INFO - 	                     (16, 0.0905700364392633),
2026-08-20 04:22:41,615 - INFO - 	                     (17, 0.09039558437482602),
2026-08-20 04:22:41,615 - INFO - 	                     (18, 0.09036023270384044),
2026-08-20 04:22:41,615 - INFO - 	                     (19, 0.09035150171317109),
2026-08-20 04:22:41,615 - INFO - 	                     (20, 0.09037138278969342),
2026-08-20 04:22:41,615 - INFO - 	                     (21, 0.09038597743834374),
2026-08-20 04:22:41,615 - INFO - 	                     (22, 0.09035216817309633),
2026-08-20 04:22:41,615 - INFO - 	                     (23, 0.0904166022022005),
2026-08-20 04:22:41,615 - INFO - 	                     (24, 0.0903562058308423),
2026-08-20 04:22:41,615 - INFO - 	                     (25, 0.09037680574930693),
2026-08-20 04:22:41,615 - INFO - 	                     (26, 0.09037609599608344),
2026-08-20 04:22:41,615 - INFO - 	                     (27, 0.09039656355146351),
2026-08-20 04:22:41,615 - INFO - 	                     (28, 0.09037680787058701),
2026-08-20 04:22:41,615 - INFO - 	                     (29, 0.09037665080696704),
2026-08-20 04:22:41,615 - INFO - 	                     (30, 0.09036883681330647)],
2026-08-20 04:22:41,616 - INFO - 	 'macro_recall': [(1, 0.10760455541776097),
2026-08-20 04:22:41,616 - INFO - 	                  (2, 0.09595750661288477),
2026-08-20 04:22:41,616 - INFO - 	                  (3, 0.09063500441825346),
2026-08-20 04:22:41,616 - INFO - 	                  (4, 0.08679060869149079),
2026-08-20 04:22:41,616 - INFO - 	                  (5, 0.0827277846888592),
2026-08-20 04:22:41,616 - INFO - 	                  (6, 0.09746868758049275),
2026-08-20 04:22:41,616 - INFO - 	                  (7, 0.09370088035724246),
2026-08-20 04:22:41,616 - INFO - 	                  (8, 0.09090909090909091),
2026-08-20 04:22:41,616 - INFO - 	                  (9, 0.09090909090909091),
2026-08-20 04:22:41,616 - INFO - 	                  (10, 0.09090909090909091),
2026-08-20 04:22:41,616 - INFO - 	                  (11, 0.09090909090909091),
2026-08-20 04:22:41,616 - INFO - 	                  (12, 0.09090909090909091),
2026-08-20 04:22:41,616 - INFO - 	                  (13, 0.09090909090909091),
2026-08-20 04:22:41,616 - INFO - 	                  (14, 0.0909923641982218),
2026-08-20 04:22:41,616 - INFO - 	                  (15, 0.0913681883809838),
2026-08-20 04:22:41,616 - INFO - 	                  (16, 0.0832937357710105),
2026-08-20 04:22:41,616 - INFO - 	                  (17, 0.10476431332604558),
2026-08-20 04:22:41,616 - INFO - 	                  (18, 0.07448510563111431),
2026-08-20 04:22:41,617 - INFO - 	                  (19, 0.10409571641629958),
2026-08-20 04:22:41,617 - INFO - 	                  (20, 0.10610287056482282),
2026-08-20 04:22:41,617 - INFO - 	                  (21, 0.10730284193296556),
2026-08-20 04:22:41,617 - INFO - 	                  (22, 0.10334549587269198),
2026-08-20 04:22:41,617 - INFO - 	                  (23, 0.09998036393032471),
2026-08-20 04:22:41,617 - INFO - 	                  (24, 0.10438637285241313),
2026-08-20 04:22:41,617 - INFO - 	                  (25, 0.10731818647358103),
2026-08-20 04:22:41,617 - INFO - 	                  (26, 0.09207734768378915),
2026-08-20 04:22:41,617 - INFO - 	                  (27, 0.08672836012644404),
2026-08-20 04:22:41,617 - INFO - 	                  (28, 0.10875709562950772),
2026-08-20 04:22:41,617 - INFO - 	                  (29, 0.09584612504088583),
2026-08-20 04:22:41,617 - INFO - 	                  (30, 0.10528187175342466)],
2026-08-20 04:22:41,617 - INFO - 	 'micro_f1': [(1, 0.3733651809506647),
2026-08-20 04:22:41,617 - INFO - 	              (2, 0.09266201245817487),
2026-08-20 04:22:41,617 - INFO - 	              (3, 0.15757926993760768),
2026-08-20 04:22:41,617 - INFO - 	              (4, 0.11505622866239364),
2026-08-20 04:22:41,617 - INFO - 	              (5, 0.6530526428884575),
2026-08-20 04:22:41,618 - INFO - 	              (6, 0.13480536926463632),
2026-08-20 04:22:41,618 - INFO - 	              (7, 0.033949935036927975),
2026-08-20 04:22:41,618 - INFO - 	              (8, 0.0034558311235871873),
2026-08-20 04:22:41,618 - INFO - 	              (9, 0.0034558311235871873),
2026-08-20 04:22:41,618 - INFO - 	              (10, 0.0034558311235871873),
2026-08-20 04:22:41,618 - INFO - 	              (11, 0.0034558311235871873),
2026-08-20 04:22:41,618 - INFO - 	              (12, 0.00013665783419073286),
2026-08-20 04:22:41,618 - INFO - 	              (13, 0.00013665783419073286),
2026-08-20 04:22:41,618 - INFO - 	              (14, 0.0010462337098515822),
2026-08-20 04:22:41,618 - INFO - 	              (15, 0.005151278841345398),
2026-08-20 04:22:41,618 - INFO - 	              (16, 0.4845667490653797),
2026-08-20 04:22:41,618 - INFO - 	              (17, 0.7905339006558266),
2026-08-20 04:22:41,618 - INFO - 	              (18, 0.8135844745080039),
2026-08-20 04:22:41,618 - INFO - 	              (19, 0.7147232112128861),
2026-08-20 04:22:41,618 - INFO - 	              (20, 0.741836897029453),
2026-08-20 04:22:41,618 - INFO - 	              (21, 0.7708598635226618),
2026-08-20 04:22:41,618 - INFO - 	              (22, 0.7046257236239486),
2026-08-20 04:22:41,618 - INFO - 	              (23, 0.6668311291354145),
2026-08-20 04:22:41,618 - INFO - 	              (24, 0.7178979877247023),
2026-08-20 04:22:41,618 - INFO - 	              (25, 0.7499215449731312),
2026-08-20 04:22:41,618 - INFO - 	              (26, 0.8067913966856891),
2026-08-20 04:22:41,618 - INFO - 	              (27, 0.8736171252292245),
2026-08-20 04:22:41,619 - INFO - 	              (28, 0.7656384341360079),
2026-08-20 04:22:41,619 - INFO - 	              (29, 0.8014200937307486),
2026-08-20 04:22:41,619 - INFO - 	              (30, 0.7275063264671602)],
2026-08-20 04:22:41,619 - INFO - 	 'micro_precision': [(1, 0.3733651809506647),
2026-08-20 04:22:41,619 - INFO - 	                     (2, 0.09266201245817487),
2026-08-20 04:22:41,619 - INFO - 	                     (3, 0.15757926993760768),
2026-08-20 04:22:41,619 - INFO - 	                     (4, 0.11505622866239364),
2026-08-20 04:22:41,619 - INFO - 	                     (5, 0.6530526428884575),
2026-08-20 04:22:41,619 - INFO - 	                     (6, 0.13480536926463632),
2026-08-20 04:22:41,619 - INFO - 	                     (7, 0.033949935036927975),
2026-08-20 04:22:41,619 - INFO - 	                     (8, 0.0034558311235871873),
2026-08-20 04:22:41,619 - INFO - 	                     (9, 0.0034558311235871873),
2026-08-20 04:22:41,619 - INFO - 	                     (10, 0.0034558311235871873),
2026-08-20 04:22:41,619 - INFO - 	                     (11, 0.0034558311235871873),
2026-08-20 04:22:41,619 - INFO - 	                     (12, 0.00013665783419073286),
2026-08-20 04:22:41,619 - INFO - 	                     (13, 0.00013665783419073286),
2026-08-20 04:22:41,619 - INFO - 	                     (14, 0.0010462337098515822),
2026-08-20 04:22:41,619 - INFO - 	                     (15, 0.005151278841345398),
2026-08-20 04:22:41,619 - INFO - 	                     (16, 0.4845667490653797),
2026-08-20 04:22:41,619 - INFO - 	                     (17, 0.7905339006558266),
2026-08-20 04:22:41,619 - INFO - 	                     (18, 0.8135844745080039),
2026-08-20 04:22:41,619 - INFO - 	                     (19, 0.7147232112128861),
2026-08-20 04:22:41,619 - INFO - 	                     (20, 0.741836897029453),
2026-08-20 04:22:41,619 - INFO - 	                     (21, 0.7708598635226618),
2026-08-20 04:22:41,619 - INFO - 	                     (22, 0.7046257236239486),
2026-08-20 04:22:41,619 - INFO - 	                     (23, 0.6668311291354145),
2026-08-20 04:22:41,620 - INFO - 	                     (24, 0.7178979877247023),
2026-08-20 04:22:41,620 - INFO - 	                     (25, 0.7499215449731312),
2026-08-20 04:22:41,620 - INFO - 	                     (26, 0.8067913966856891),
2026-08-20 04:22:41,620 - INFO - 	                     (27, 0.8736171252292245),
2026-08-20 04:22:41,620 - INFO - 	                     (28, 0.7656384341360079),
2026-08-20 04:22:41,620 - INFO - 	                     (29, 0.8014200937307486),
2026-08-20 04:22:41,620 - INFO - 	                     (30, 0.7275063264671602)],
2026-08-20 04:22:41,620 - INFO - 	 'micro_recall': [(1, 0.3733651809506647),
2026-08-20 04:22:41,620 - INFO - 	                  (2, 0.09266201245817487),
2026-08-20 04:22:41,620 - INFO - 	                  (3, 0.15757926993760768),
2026-08-20 04:22:41,620 - INFO - 	                  (4, 0.11505622866239364),
2026-08-20 04:22:41,620 - INFO - 	                  (5, 0.6530526428884575),
2026-08-20 04:22:41,620 - INFO - 	                  (6, 0.13480536926463632),
2026-08-20 04:22:41,620 - INFO - 	                  (7, 0.033949935036927975),
2026-08-20 04:22:41,620 - INFO - 	                  (8, 0.0034558311235871873),
2026-08-20 04:22:41,620 - INFO - 	                  (9, 0.0034558311235871873),
2026-08-20 04:22:41,620 - INFO - 	                  (10, 0.0034558311235871873),
2026-08-20 04:22:41,620 - INFO - 	                  (11, 0.0034558311235871873),
2026-08-20 04:22:41,621 - INFO - 	                  (12, 0.00013665783419073286),
2026-08-20 04:22:41,621 - INFO - 	                  (13, 0.00013665783419073286),
2026-08-20 04:22:41,621 - INFO - 	                  (14, 0.0010462337098515822),
2026-08-20 04:22:41,621 - INFO - 	                  (15, 0.005151278841345398),
2026-08-20 04:22:41,621 - INFO - 	                  (16, 0.4845667490653797),
2026-08-20 04:22:41,621 - INFO - 	                  (17, 0.7905339006558266),
2026-08-20 04:22:41,621 - INFO - 	                  (18, 0.8135844745080039),
2026-08-20 04:22:41,621 - INFO - 	                  (19, 0.7147232112128861),
2026-08-20 04:22:41,621 - INFO - 	                  (20, 0.741836897029453),
2026-08-20 04:22:41,621 - INFO - 	                  (21, 0.7708598635226618),
2026-08-20 04:22:41,621 - INFO - 	                  (22, 0.7046257236239486),
2026-08-20 04:22:41,621 - INFO - 	                  (23, 0.6668311291354145),
2026-08-20 04:22:41,621 - INFO - 	                  (24, 0.7178979877247023),
2026-08-20 04:22:41,621 - INFO - 	                  (25, 0.7499215449731312),
2026-08-20 04:22:41,621 - INFO - 	                  (26, 0.8067913966856891),
2026-08-20 04:22:41,621 - INFO - 	                  (27, 0.8736171252292245),
2026-08-20 04:22:41,621 - INFO - 	                  (28, 0.7656384341360079),
2026-08-20 04:22:41,621 - INFO - 	                  (29, 0.8014200937307486),
2026-08-20 04:22:41,622 - INFO - 	                  (30, 0.7275063264671602)],
2026-08-20 04:22:41,622 - INFO - 	 'weighted_f1': [(1, 0.5414348674599987),
2026-08-20 04:22:41,622 - INFO - 	                 (2, 0.16892302092128347),
2026-08-20 04:22:41,622 - INFO - 	                 (3, 0.27140671319916787),
2026-08-20 04:22:41,622 - INFO - 	                 (4, 0.2057580237265493),
2026-08-20 04:22:41,622 - INFO - 	                 (5, 0.7848682157479077),
2026-08-20 04:22:41,622 - INFO - 	                 (6, 0.2322868134844464),
2026-08-20 04:22:41,622 - INFO - 	                 (7, 0.059195582352621505),
2026-08-20 04:22:41,622 - INFO - 	                 (8, 2.3803277402616424e-05),
2026-08-20 04:22:41,622 - INFO - 	                 (9, 2.3803277402616424e-05),
2026-08-20 04:22:41,622 - INFO - 	                 (10, 2.3803277402616424e-05),
2026-08-20 04:22:41,622 - INFO - 	                 (11, 2.5196318040315205e-05),
2026-08-20 04:22:41,622 - INFO - 	                 (12, 3.791355705358284e-08),
2026-08-20 04:22:41,622 - INFO - 	                 (13, 3.7345623719349683e-08),
2026-08-20 04:22:41,622 - INFO - 	                 (14, 0.001817523909796176),
2026-08-20 04:22:41,622 - INFO - 	                 (15, 0.009978878740055928),
2026-08-20 04:22:41,622 - INFO - 	                 (16, 0.6504269042300046),
2026-08-20 04:22:41,622 - INFO - 	                 (17, 0.8779307352321821),
2026-08-20 04:22:41,623 - INFO - 	                 (18, 0.8919352307239166),
2026-08-20 04:22:41,623 - INFO - 	                 (19, 0.8289233550355418),
2026-08-20 04:22:41,623 - INFO - 	                 (20, 0.8469533552611326),
2026-08-20 04:22:41,623 - INFO - 	                 (21, 0.8656157323842674),
2026-08-20 04:22:41,623 - INFO - 	                 (22, 0.8221005995232592),
2026-08-20 04:22:41,623 - INFO - 	                 (23, 0.7960207057799946),
2026-08-20 04:22:41,623 - INFO - 	                 (24, 0.831076078090128),
2026-08-20 04:22:41,623 - INFO - 	                 (25, 0.8522177252246981),
2026-08-20 04:22:41,623 - INFO - 	                 (26, 0.8878326774957227),
2026-08-20 04:22:41,623 - INFO - 	                 (27, 0.9269772272980886),
2026-08-20 04:22:41,623 - INFO - 	                 (28, 0.8622696695080369),
2026-08-20 04:22:41,623 - INFO - 	                 (29, 0.884557031210345),
2026-08-20 04:22:41,623 - INFO - 	                 (30, 0.8375281296907858)],
2026-08-20 04:22:41,623 - INFO - 	 'weighted_precision': [(1, 0.9856929282125341),
2026-08-20 04:22:41,623 - INFO - 	                        (2, 0.9729221894113022),
2026-08-20 04:22:41,623 - INFO - 	                        (3, 0.983292685330039),
2026-08-20 04:22:41,623 - INFO - 	                        (4, 0.9828333486250456),
2026-08-20 04:22:41,623 - INFO - 	                        (5, 0.9842987782904391),
2026-08-20 04:22:41,624 - INFO - 	                        (6, 0.9903087258549493),
2026-08-20 04:22:41,624 - INFO - 	                        (7, 0.9929644689670968),
2026-08-20 04:22:41,624 - INFO - 	                        (8, 1.1942768754753882e-05),
2026-08-20 04:22:41,624 - INFO - 	                        (9, 1.1942768754753882e-05),
2026-08-20 04:22:41,624 - INFO - 	                        (10, 1.1942768754753882e-05),
2026-08-20 04:22:41,624 - INFO - 	                        (11, 1.2644253377504446e-05),
2026-08-20 04:22:41,624 - INFO - 	                        (12, 1.8959408520969648e-08),
2026-08-20 04:22:41,624 - INFO - 	                        (13, 1.8675363645701835e-08),
2026-08-20 04:22:41,624 - INFO - 	                        (14, 0.9927461773537619),
2026-08-20 04:22:41,624 - INFO - 	                        (15, 0.9928433605888214),
2026-08-20 04:22:41,624 - INFO - 	                        (16, 0.9891635061410436),
2026-08-20 04:22:41,624 - INFO - 	                        (17, 0.987129443028902),
2026-08-20 04:22:41,624 - INFO - 	                        (18, 0.9869850061683423),
2026-08-20 04:22:41,624 - INFO - 	                        (19, 0.9866685038709131),
2026-08-20 04:22:41,624 - INFO - 	                        (20, 0.9868787198045195),
2026-08-20 04:22:41,624 - INFO - 	                        (21, 0.9870220306596003),
2026-08-20 04:22:41,625 - INFO - 	                        (22, 0.9866976714818585),
2026-08-20 04:22:41,625 - INFO - 	                        (23, 0.9874242669388136),
2026-08-20 04:22:41,625 - INFO - 	                        (24, 0.9867281793307057),
2026-08-20 04:22:41,625 - INFO - 	                        (25, 0.9869309830084941),
2026-08-20 04:22:41,625 - INFO - 	                        (26, 0.9870139015168164),
2026-08-20 04:22:41,625 - INFO - 	                        (27, 0.9872927008956833),
2026-08-20 04:22:41,625 - INFO - 	                        (28, 0.9869121158980441),
2026-08-20 04:22:41,625 - INFO - 	                        (29, 0.986990318892706),
2026-08-20 04:22:41,625 - INFO - 	                        (30, 0.9868635987048356)],
2026-08-20 04:22:41,625 - INFO - 	 'weighted_recall': [(1, 0.3733651809506647),
2026-08-20 04:22:41,626 - INFO - 	                     (2, 0.09266201245817487),
2026-08-20 04:22:41,626 - INFO - 	                     (3, 0.15757926993760768),
2026-08-20 04:22:41,626 - INFO - 	                     (4, 0.11505622866239364),
2026-08-20 04:22:41,626 - INFO - 	                     (5, 0.6530526428884577),
2026-08-20 04:22:41,626 - INFO - 	                     (6, 0.13480536926463632),
2026-08-20 04:22:41,626 - INFO - 	                     (7, 0.033949935036927975),
2026-08-20 04:22:41,626 - INFO - 	                     (8, 0.0034558311235871873),
2026-08-20 04:22:41,626 - INFO - 	                     (9, 0.0034558311235871873),
2026-08-20 04:22:41,626 - INFO - 	                     (10, 0.0034558311235871873),
2026-08-20 04:22:41,626 - INFO - 	                     (11, 0.0034558311235871873),
2026-08-20 04:22:41,626 - INFO - 	                     (12, 0.00013665783419073286),
2026-08-20 04:22:41,626 - INFO - 	                     (13, 0.00013665783419073286),
2026-08-20 04:22:41,626 - INFO - 	                     (14, 0.0010462337098515822),
2026-08-20 04:22:41,626 - INFO - 	                     (15, 0.005151278841345398),
2026-08-20 04:22:41,626 - INFO - 	                     (16, 0.4845667490653797),
2026-08-20 04:22:41,626 - INFO - 	                     (17, 0.7905339006558265),
2026-08-20 04:22:41,626 - INFO - 	                     (18, 0.8135844745080039),
2026-08-20 04:22:41,626 - INFO - 	                     (19, 0.7147232112128861),
2026-08-20 04:22:41,627 - INFO - 	                     (20, 0.7418368970294529),
2026-08-20 04:22:41,627 - INFO - 	                     (21, 0.7708598635226618),
2026-08-20 04:22:41,627 - INFO - 	                     (22, 0.7046257236239486),
2026-08-20 04:22:41,627 - INFO - 	                     (23, 0.6668311291354144),
2026-08-20 04:22:41,627 - INFO - 	                     (24, 0.7178979877247023),
2026-08-20 04:22:41,627 - INFO - 	                     (25, 0.7499215449731312),
2026-08-20 04:22:41,627 - INFO - 	                     (26, 0.8067913966856891),
2026-08-20 04:22:41,627 - INFO - 	                     (27, 0.8736171252292245),
2026-08-20 04:22:41,627 - INFO - 	                     (28, 0.7656384341360079),
2026-08-20 04:22:41,627 - INFO - 	                     (29, 0.8014200937307486),
2026-08-20 04:22:41,627 - INFO - 	                     (30, 0.7275063264671602)]}
2026-08-20 04:22:41,627 - INFO - 
2026-08-20 04:22:41,632 - INFO - Nap global test: /kaggle/input/datasets/tongxuanvu/100clientiov/global_test_data.pt
2026-08-20 04:22:43,460 - INFO - Global test goc: n=42048683
2026-08-20 04:22:45,161 - INFO - Task 4: loc ve lop 0-12 -> n=42048683
2026-08-20 04:22:45,161 - INFO - Danh gia moi round tren n=42048683 mau (dtype=float16)
2026-08-20 04:22:45,203 - INFO - ===== Task 4: 100 client, 30 round =====
2026-08-20 04:22:45,203 - WARNING - DEPRECATED FEATURE: flwr.simulation.start_simulation() is deprecated.
	Instead, use the `flwr run` CLI command to start a local simulation in your Flower app, as shown for example below:

		$ flwr new  # Create a new Flower app from a template

		$ flwr run  # Run the Flower app in Simulation Mode

	Using `start_simulation()` is deprecated.

            This is a deprecated feature. It will be removed
            entirely in future versions of Flower.
        
2026-08-20 04:22:45,204 - INFO - Starting Flower simulation, config: num_rounds=30, no round_timeout
2026-08-20 04:22:55,097 - INFO - Flower VCE: Ray initialized with resources: {'node:172.19.2.2': 1.0, 'GPU': 2.0, 'CPU': 4.0, 'object_store_memory': 8072212070.0, 'memory': 18835161498.0, 'node:__internal_head__': 1.0, 'accelerator_type:T4': 1.0}
2026-08-20 04:22:55,097 - INFO - Optimize your simulation with Flower VCE: https://flower.ai/docs/framework/how-to-run-simulations.html
2026-08-20 04:22:55,097 - INFO - Flower VCE: Resources for each Virtual Client: {'num_cpus': 1.0, 'num_gpus': 0.5}
2026-08-20 04:22:55,117 - INFO - Flower VCE: Creating VirtualClientEngineActorPool with 4 actors
2026-08-20 04:22:55,119 - INFO - [INIT]
2026-08-20 04:22:55,119 - INFO - Using initial global parameters provided by strategy
2026-08-20 04:22:55,119 - INFO - Starting evaluation of initial global parameters
2026-08-20 04:22:55,123 - INFO - Evaluation returned no results (`None`)
2026-08-20 04:22:55,123 - INFO - 
2026-08-20 04:22:55,123 - INFO - [ROUND 1]
2026-08-20 04:22:55,123 - INFO - configure_fit: strategy sampled 100 clients (out of 100)
2026-08-20 04:23:14,355 - INFO - aggregate_fit: received 100 results and 0 failures
2026-08-20 04:23:14,509 - WARNING - No fit_metrics_aggregation_fn provided
2026-08-20 04:23:14,510 - INFO - Eq.9 p(y) tu client: 0.000 0.000 0.000 0.000 0.000 0.000 0.000 0.000 0.000 0.000 0.000 0.371 0.629
2026-08-20 04:23:35,512 - INFO - [Round 1] data-free KD 30 vong: gen_loss=30.3286 stu_loss=24.6425 (CE 24.4464)
2026-08-20 04:23:35,563 - INFO - [Round 121] luu checkpoint -> out_10shot/checkpoints/round_121.pth
2026-08-20 04:31:07,615 - INFO - [Round 121] loss=0.9435 acc=0.9733 | micro P/R/F1=0.9733/0.9733/0.9733 | macro P/R/F1=0.0763/0.0755/0.0759 | weighted P/R/F1=0.9834/0.9733/0.9783
2026-08-20 04:31:07,616 - INFO - fit progress: (1, 0.9434862139569652, {'accuracy': 0.9732972136130875, 'micro_precision': 0.9732972136130875, 'micro_recall': 0.9732972136130875, 'micro_f1': 0.9732972136130875, 'macro_precision': 0.07627572452241746, 'macro_recall': 0.0754939771229516, 'macro_f1': 0.07588283747947457, 'weighted_precision': 0.9833757999407122, 'weighted_recall': 0.9732972136130875, 'weighted_f1': 0.9783105499865573}, 492.4934762720004)
2026-08-20 04:31:07,617 - INFO - configure_evaluate: no clients selected, skipping evaluation
2026-08-20 04:31:07,617 - INFO - 
2026-08-20 04:31:07,617 - INFO - [ROUND 2]
2026-08-20 04:31:07,617 - INFO - configure_fit: strategy sampled 100 clients (out of 100)
2026-08-20 04:31:10,503 - INFO - aggregate_fit: received 100 results and 0 failures
2026-08-20 04:31:10,657 - INFO - [Round 2] 100/100 client tiep tuc model cuc bo (Algorithm 1 dong 10)
2026-08-20 04:31:31,981 - INFO - [Round 2] data-free KD 30 vong: gen_loss=29.8701 stu_loss=17.6763 (CE 17.2718)
2026-08-20 04:31:32,033 - INFO - [Round 122] luu checkpoint -> out_10shot/checkpoints/round_122.pth
